0,120,223,60,195,15,118,4,47,0,0,57,67,56,22,61,84,65,94,103,65,99,27,93,94,96,94,147,71,147,26,133,86,134,96,190,78,196,40,175,75,168,87
0,122,221,62,195,16,117,5,46,0,0,54,64,55,21,60,82,64,91,101,61,99,25,92,92,94,89,145,66,147,23,133,82,133,91,189,73,196,36,176,71,167,83
0,121,220,61,194,15,118,3,47,0,0,55,65,54,21,60,82,65,91,100,61,98,25,91,92,94,89,144,66,145,22,132,82,133,91,187,74,194,36,174,71,167,84
0,121,220,61,193,15,117,4,47,0,0,54,65,54,21,60,82,64,91,100,62,97,25,90,91,93,89,144,67,145,22,131,81,132,91,187,74,194,36,174,70,166,83
0,120,220,61,194,15,118,4,47,0,0,54,65,54,22,60,83,64,92,99,62,98,26,91,93,93,91,143,67,145,24,131,83,132,93,187,75,195,37,175,72,166,85
0,120,223,61,195,16,117,5,47,0,0,56,66,56,22,61,83,65,92,101,63,99,27,92,93,94,91,145,69,146,25,132,83,133,93,187,77,196,38,175,71,166,83
0,121,222,61,195,16,118,4,47,0,0,54,66,54,22,60,84,64,92,100,62,98,26,91,94,93,91,144,68,146,24,131,84,132,93,187,75,194,38,174,73,165,85
0,123,221,63,194,17,118,6,47,0,0,56,65,56,22,62,83,66,91,102,62,100,25,92,92,95,89,146,67,147,23,133,82,134,91,188,74,197,37,176,70,167,82
0,120,219,60,192,15,116,4,46,0,0,54,65,54,20,59,81,63,90,99,61,98,25,90,91,92,89,143,66,145,23,131,81,131,91,186,74,194,35,174,69,165,82
0,120,221,60,193,16,117,5,47,0,0,52,65,53,22,60,82,63,92,98,61,96,26,90,91,93,91,142,66,144,24,131,82,131,93,185,74,194,35,174,67,165,81
0,141,282,68,245,16,150,4,61,0,0,62,84,64,33,70,108,75,117,121,82,118,39,107,122,111,116,177,91,179,39,159,111,161,120,230,102,240,56,213,95,203,109
0,148,290,74,253,18,156,3,64,0,0,68,83,69,32,75,111,81,120,129,80,125,37,114,125,120,116,187,89,187,40,167,115,171,121,242,100,248,58,220,101,213,111
0,153,307,76,264,21,160,7,65,0,0,74,88,71,38,78,120,86,128,138,87,131,43,121,134,129,127,199,99,197,48,176,126,182,131,256,112,261,69,232,114,226,125
0,160,319,81,280,21,170,4,69,0,0,75,93,75,40,83,126,89,133,142,92,138,44,127,141,133,132,205,104,207,48,187,130,190,136,265,118,276,71,248,118,239,130
0,160,317,81,276,22,170,4,69,0,0,72,91,75,38,83,122,90,130,141,90,139,43,127,138,133,129,205,102,209,48,187,128,189,134,264,117,277,71,247,116,237,127
0,158,316,80,276,21,169,4,69,0,0,73,90,74,38,81,123,89,130,141,88,137,43,125,138,133,129,205,100,206,47,184,128,189,133,265,114,272,70,242,118,235,128
0,157,313,81,273,22,167,5,68,0,0,74,87,75,36,82,122,90,128,142,86,137,40,125,136,133,126,205,98,206,45,183,126,189,130,264,112,271,68,242,116,235,125
0,150,298,77,257,20,158,2,65,0,0,73,82,70,33,76,112,83,120,136,80,128,39,118,129,126,119,195,90,192,45,172,122,179,124,252,104,253,64,227,109,223,118
0,143,263,74,229,18,139,2,56,0,0,63,80,65,29,71,100,74,111,117,76,116,34,109,115,110,109,169,82,172,33,156,104,157,111,220,90,229,48,206,89,197,101
0,123,220,62,193,14,118,0,47,0,0,53,61,49,20,55,81,61,88,98,56,92,23,86,90,92,85,142,62,141,23,127,80,132,87,185,70,190,33,170,65,165,76
0,110,199,57,174,13,107,0,43,4,0,48,55,48,19,53,74,56,80,88,52,87,23,81,85,82,77,127,56,130,22,117,75,118,77,166,64,171,30,154,63,149,73
0,103,170,54,150,14,92,1,37,0,0,43,46,40,12,45,61,50,70,78,43,76,14,72,68,75,68,112,46,114,16,104,65,105,71,147,50,153,20,140,48,137,57
0,102,160,51,142,13,86,3,34,0,0,42,44,41,11,47,55,50,67,76,41,74,14,72,65,72,68,108,44,110,11,102,58,101,71,141,49,146,18,133,42,127,54
0,97,154,48,137,12,83,2,33,0,0,40,42,38,10,44,52,47,65,72,39,70,13,68,61,69,67,103,42,105,11,97,57,96,71,135,49,140,18,127,41,121,53
0,97,151,49,133,14,80,3,32,0,0,41,42,39,10,45,50,48,63,73,38,70,13,69,60,70,65,103,41,104,10,97,54,96,68,134,47,139,16,128,36,123,46
0,97,148,49,131,15,79,4,32,0,0,41,42,40,9,46,49,48,63,73,38,71,13,70,58,70,64,103,41,104,10,97,54,96,68,133,46,138,16,128,35,123,45
0,99,148,51,131,16,80,5,33,0,0,42,42,41,9,47,49,49,62,73,38,72,12,70,58,70,64,103,40,105,11,98,54,96,67,133,46,139,16,129,36,124,46
0,98,148,51,131,16,80,4,33,0,0,42,42,40,9,46,48,49,63,73,38,71,12,70,58,70,64,103,40,105,10,98,54,97,69,133,46,138,15,128,35,123,45
0,98,148,51,132,15,81,5,33,0,0,42,41,40,10,45,50,48,62,72,38,71,12,69,59,70,64,102,41,103,11,96,55,95,68,132,46,135,18,125,42,120,54
0,98,147,51,131,15,81,4,33,0,0,41,42,40,9,46,49,48,62,72,39,71,12,69,58,69,63,102,41,104,10,97,55,96,68,133,46,136,18,126,41,121,53
0,98,147,51,131,16,80,5,32,0,0,42,40,41,8,47,48,49,62,73,36,72,11,71,57,70,62,103,39,105,9,99,53,97,66,133,45,138,16,127,39,121,50
0,97,147,51,131,16,80,5,33,0,0,40,42,41,10,46,50,48,63,72,38,72,12,70,59,69,64,102,40,105,10,98,54,96,66,132,45,138,16,128,39,121,50
0,97,148,51,132,16,81,4,33,0,0,41,42,41,10,46,50,48,64,72,39,72,12,70,59,69,64,102,41,105,11,98,55,95,67,132,47,137,18,126,41,120,53
0,96,147,51,131,15,81,4,33,0,0,41,41,40,9,45,49,47,62,72,38,71,11,69,58,69,63,102,41,104,10,97,54,95,67,132,47,136,18,125,41,120,53
0,99,148,53,132,17,81,5,33,0,0,42,41,42,10,47,50,49,62,73,38,73,12,70,59,70,62,104,40,106,10,98,55,96,66,135,45,139,17,127,42,121,53
0,98,148,50,136,13,84,4,33,0,0,41,43,40,11,44,51,47,62,72,41,71,13,68,60,69,63,102,43,104,11,96,56,95,67,133,47,137,19,126,44,121,56
0,102,169,52,146,16,89,4,36,0,0,44,50,44,14,48,59,50,69,79,47,79,20,74,70,73,71,113,51,115,19,104,65,102,76,147,57,152,24,137,46,132,57
0,105,177,55,153,16,93,3,38,0,0,46,51,45,16,49,62,51,74,82,48,80,19,75,72,76,76,117,51,117,19,106,69,105,82,154,57,157,25,142,54,134,69
0,118,200,64,170,17,101,0,42,3,0,66,47,44,18,49,71,61,83,102,45,81,21,80,79,94,85,139,50,120,25,110,81,120,94,178,59,161,35,142,70,141,87
0,110,217,54,186,12,112,0,44,0,0,48,60,54,19,58,78,58,87,92,59,97,26,89,91,85,88,134,66,143,27,128,85,123,93,174,75,189,40,172,71,161,82
0,111,220,56,190,13,116,0,47,2,0,50,62,57,21,60,80,61,89,95,63,101,28,92,95,90,92,138,70,147,31,132,89,128,96,179,81,194,42,176,74,167,85
0,122,205,66,181,15,111,0,45,4,0,52,49,41,17,47,74,57,80,95,44,83,18,80,81,89,80,139,48,130,20,117,78,122,86,184,56,183,24,164,59,157,73
0,142,200,80,181,22,111,3,45,0,0,58,50,47,14,60,73,66,81,103,42,90,12,94,82,101,78,146,43,139,12,133,74,139,78,190,47,187,13,176,42,179,46
0,142,206,79,186,23,115,6,46,0,0,60,55,51,17,64,78,71,85,104,49,93,15,96,86,103,81,148,50,141,12,135,75,142,79,190,54,187,22,172,61,173,71
0,143,206,77,185,25,114,8,47,0,0,57,56,50,17,63,77,70,87,102,49,93,15,95,84,101,81,146,51,141,11,135,73,141,80,188,55,190,19,175,58,172,70
0,147,212,80,187,29,115,12,47,0,0,60,61,55,18,68,78,74,87,107,54,99,16,100,85,105,83,152,56,148,13,139,74,143,84,195,60,198,21,182,55,179,68
0,143,237,75,207,25,125,12,51,0,0,64,70,59,24,67,92,73,102,115,66,106,29,101,101,107,99,163,71,157,25,144,89,150,99,209,78,212,36,191,73,187,87
0,140,238,72,210,21,128,7,52,0,0,57,71,57,25,66,92,70,100,109,66,106,29,101,101,102,98,159,71,158,25,145,89,146,98,207,77,213,38,192,76,183,88
0,139,240,70,211,19,128,6,51,0,0,57,71,57,25,66,93,70,99,111,67,106,29,101,102,103,99,161,72,159,24,145,90,147,100,209,79,213,39,192,78,183,90
0,140,242,71,213,21,130,8,51,0,0,58,73,59,26,67,94,72,102,112,70,108,30,102,104,104,101,162,75,161,26,146,92,148,103,209,81,215,41,193,80,186,92
0,141,241,73,212,22,130,8,51,0,0,58,73,59,25,68,94,73,100,113,69,108,29,103,103,106,98,164,74,162,25,148,91,151,100,211,79,216,40,195,78,189,89
0,142,240,72,212,22,129,8,50,0,0,58,71,58,24,68,92,73,99,112,67,107,28,102,102,105,98,162,72,161,24,147,90,149,99,210,78,215,37,195,75,189,88
0,140,238,72,210,20,128,6,51,0,0,61,71,58,24,68,92,73,100,113,67,106,29,102,102,106,99,162,72,159,24,146,90,149,100,209,79,214,37,194,75,187,89
0,142,239,73,210,23,127,8,50,0,0,61,72,59,24,69,91,74,100,113,67,107,29,103,101,106,100,162,72,160,24,148,89,149,101,210,79,215,37,195,75,188,89
0,134,245,66,215,14,135,0,54,0,0,55,71,58,25,65,92,67,103,105,69,109,30,102,106,100,98,154,76,161,28,147,95,144,98,199,87,206,52,187,94,180,104
0,132,244,65,214,14,132,0,53,1,0,57,69,59,26,66,92,68,103,107,66,109,30,102,105,101,99,155,74,161,29,146,94,144,98,200,86,207,52,186,93,179,103
0,132,242,65,212,14,131,0,53,1,0,56,70,59,25,66,92,69,103,107,68,108,30,102,105,102,100,155,75,160,29,145,95,145,99,200,86,205,53,185,94,180,103
0,131,241,64,212,13,132,0,53,1,0,56,69,59,23,65,90,68,102,106,68,108,29,101,104,101,98,155,75,160,29,145,94,143,98,200,86,205,53,185,94,180,102
0,132,243,65,214,13,133,0,53,3,0,57,69,60,24,67,91,70,102,107,68,110,30,103,106,102,99,156,76,162,30,147,96,145,100,201,87,207,55,188,96,181,104
0,134,244,66,215,14,134,0,53,2,0,57,69,61,23,67,90,69,101,107,67,111,29,103,105,102,98,156,75,163,29,148,95,145,99,201,87,208,54,188,95,182,103
0,134,244,67,215,14,134,0,53,4,0,57,69,61,24,67,91,69,101,108,68,111,30,103,106,102,98,157,76,164,30,148,96,145,99,202,87,209,55,188,96,182,104
0,133,244,66,215,14,135,0,54,2,0,55,70,61,24,67,90,68,101,106,68,111,30,104,106,100,99,155,76,163,30,148,97,144,100,200,88,208,55,188,97,181,105
0,133,243,64,214,13,133,0,53,2,0,56,69,60,23,66,91,69,101,107,67,110,29,102,105,101,98,155,75,162,29,146,95,144,99,200,86,206,54,186,96,180,104
0,133,242,65,214,13,133,0,53,2,0,56,68,60,22,67,90,69,100,107,67,110,28,102,104,100,98,155,75,162,29,146,96,143,99,200,86,206,55,187,97,180,105
0,133,243,65,214,14,134,0,53,3,0,56,68,61,23,66,89,68,100,107,67,110,28,102,104,100,97,155,75,162,30,146,96,143,99,200,86,207,55,186,97,180,104
0,130,242,63,213,12,133,0,53,2,0,57,69,61,24,66,91,68,100,107,68,110,29,102,105,100,98,155,76,162,31,145,97,143,100,200,87,206,55,186,97,180,105
0,131,241,64,212,12,132,0,52,4,0,56,68,61,23,67,90,69,100,107,67,110,28,102,104,100,98,155,75,162,29,146,96,143,100,200,86,206,54,187,96,180,104
0,132,242,65,213,13,134,0,53,3,0,56,69,61,23,66,90,69,101,107,67,110,29,103,105,101,99,155,76,162,30,146,96,144,100,200,87,207,55,187,97,180,105
0,131,243,64,214,13,134,0,54,2,0,56,68,60,24,66,91,68,101,106,67,109,29,102,106,101,99,155,75,161,31,145,98,143,101,200,87,206,56,186,98,179,105
0,132,242,65,213,13,132,0,52,2,0,57,68,62,23,67,90,69,101,108,67,112,30,104,106,101,98,156,75,164,30,148,97,144,100,201,86,208,54,188,96,182,104
0,131,243,63,214,12,133,0,53,1,0,56,68,61,24,66,91,68,101,107,67,111,29,102,106,100,98,156,75,163,30,146,97,143,100,200,87,207,56,186,98,180,105
0,132,242,65,213,14,132,0,53,2,0,57,69,62,23,68,90,70,101,108,68,111,29,104,105,102,99,157,76,163,30,148,96,145,100,202,87,208,56,188,97,182,105
0,132,245,64,216,13,134,0,53,0,0,55,70,61,24,66,92,68,102,107,69,112,30,102,107,100,99,156,78,164,31,147,99,144,101,200,89,208,57,187,99,181,106
0,132,243,65,214,14,133,0,54,1,0,58,69,62,24,67,91,70,102,109,69,112,31,103,107,103,100,158,77,165,32,148,99,146,102,203,89,209,57,189,98,184,106
0,131,245,63,216,13,133,0,53,1,0,57,70,61,25,67,92,69,102,108,69,111,31,103,108,102,100,157,78,164,33,147,99,145,102,202,90,209,57,188,99,183,106
0,131,244,64,215,13,133,0,53,2,0,57,69,62,23,67,91,69,101,108,69,112,29,103,106,101,99,156,77,164,32,147,99,144,102,202,89,208,55,188,97,182,106
0,131,244,63,214,13,134,0,54,1,0,56,69,61,23,67,91,68,101,107,68,111,30,103,106,100,99,156,77,163,31,147,98,143,102,201,89,208,56,187,98,181,106
0,132,244,63,214,13,133,0,53,0,0,55,70,61,23,67,91,68,101,106,69,111,30,103,107,99,99,155,77,162,31,146,98,143,101,200,88,207,56,187,98,180,106
0,137,249,68,220,15,135,0,54,0,0,56,73,63,26,70,95,71,106,109,72,115,32,107,110,104,103,160,80,168,33,152,101,149,104,207,91,213,57,194,100,188,109
0,146,268,76,237,20,146,0,59,2,0,65,74,69,26,75,101,78,112,121,73,125,28,116,113,113,106,174,84,184,38,165,111,161,112,224,98,231,63,211,110,206,117
0,146,280,74,244,16,151,0,59,13,0,66,75,73,27,78,104,80,115,125,75,132,33,119,123,115,113,180,86,194,39,171,117,166,118,231,102,242,68,218,117,210,124
0,136,246,69,211,19,133,3,56,0,0,56,70,57,27,65,93,67,104,108,68,105,32,101,107,101,98,158,73,157,32,146,98,146,98,204,83,203,56,185,98,181,105
0,99,178,49,154,11,99,0,41,8,0,42,48,44,12,46,62,50,73,78,48,78,17,71,74,72,72,112,53,117,17,103,69,104,75,146,62,146,38,131,71,128,79
0,98,178,49,153,11,98,0,41,6,0,42,49,44,12,45,61,49,73,78,49,78,18,71,73,73,72,112,55,116,18,103,68,104,75,146,64,146,39,131,70,129,78
0,98,182,49,157,11,101,0,42,6,0,41,50,43,13,46,63,49,75,77,49,78,19,72,77,72,74,112,55,117,19,104,71,103,77,146,63,147,38,133,71,130,79
0,99,181,50,157,11,100,0,42,7,0,42,50,44,12,46,62,49,75,78,50,79,18,72,75,73,74,113,55,118,19,104,71,104,77,147,64,148,37,132,70,130,79
0,98,182,49,157,10,100,0,41,6,0,41,50,43,12,45,62,49,75,78,50,78,17,71,75,73,74,113,56,117,18,104,70,104,76,147,64,147,38,132,71,130,79
0,99,181,50,159,10,101,0,42,7,0,42,50,44,12,46,63,50,74,78,49,79,18,72,76,73,73,113,55,118,19,105,71,105,76,147,63,149,37,133,71,131,79
0,100,180,50,157,11,100,0,41,6,0,43,49,43,11,47,62,51,73,79,48,78,17,73,75,74,73,113,53,117,17,105,69,105,75,147,62,148,36,133,69,131,78
0,99,181,50,158,11,101,0,42,7,0,42,50,43,12,46,63,50,74,78,49,78,18,73,75,74,74,113,54,117,18,105,70,105,76,147,62,148,36,133,70,131,78
0,99,179,50,157,10,100,0,41,6,0,41,49,42,11,45,62,49,73,77,48,78,17,71,74,73,74,111,54,116,18,103,70,103,76,146,62,147,37,131,70,129,78
0,100,177,50,154,10,98,0,40,6,0,43,48,43,9,46,59,51,71,79,48,78,16,72,72,74,71,114,53,117,16,104,68,105,74,148,61,148,35,133,68,132,76
0,100,179,50,156,10,100,0,41,6,0,42,48,42,11,45,61,49,72,78,49,78,17,72,74,73,72,112,54,116,18,103,69,104,74,147,63,147,37,133,70,131,78
0,101,180,50,157,11,100,0,41,7,0,44,49,43,11,46,61,51,73,79,49,79,17,73,74,75,72,114,54,117,17,104,69,105,75,148,63,149,37,134,69,131,78
0,101,180,51,157,11,100,0,42,4,0,43,50,43,11,46,61,50,74,79,50,78,17,72,74,74,73,113,55,116,18,104,70,104,76,147,64,148,38,133,70,131,79
0,102,178,51,156,11,100,0,41,6,0,44,49,44,11,46,60,51,73,80,49,79,16,72,72,75,73,114,55,117,17,105,68,106,76,148,63,149,37,134,69,131,78
0,102,179,51,156,11,100,0,41,6,0,45,50,44,11,47,61,51,73,81,49,79,17,73,73,76,73,115,55,118,17,105,69,106,76,149,63,149,37,134,69,133,78
0,103,178,52,157,10,100,0,41,7,0,45,49,44,12,47,61,52,73,81,49,79,17,73,74,76,73,115,54,118,18,105,70,107,76,150,62,148,37,134,70,133,79
0,101,177,51,154,11,98,0,40,6,0,45,48,44,10,46,60,52,73,80,48,78,16,73,73,75,72,114,54,117,16,105,68,106,76,148,62,149,35,134,67,132,76
0,101,178,50,156,10,100,0,41,5,0,44,50,44,11,46,60,51,74,80,50,78,17,72,73,75,74,114,55,117,17,104,68,105,77,148,63,148,37,133,69,131,78
0,101,178,51,155,11,99,0,41,6,0,44,49,43,11,46,61,52,74,80,48,78,17,73,74,75,73,114,53,117,17,104,69,105,76,148,62,149,36,134,68,131,77
0,101,177,51,156,10,100,0,41,6,0,44,48,43,11,46,60,51,73,80,48,78,16,72,73,75,73,114,53,117,16,104,68,106,76,148,62,148,36,133,68,131,77
0,101,176,51,155,11,98,0,40,6,0,44,48,43,10,46,59,51,73,80,48,78,15,72,72,75,73,114,53,116,15,104,67,105,76,148,62,148,35,133,67,131,77
0,101,176,51,156,10,100,0,41,5,0,44,49,43,11,46,60,52,74,80,48,77,16,72,73,75,74,114,54,116,17,104,69,106,77,148,61,147,36,133,68,132,77
0,101,175,51,156,10,99,0,40,6,0,44,48,43,10,46,59,51,73,80,48,77,15,72,73,75,74,114,53,116,16,104,68,105,77,148,61,148,35,133,67,132,76
0,102,177,52,155,11,99,0,41,5,0,45,48,44,11,47,61,52,73,81,47,78,16,73,73,76,73,115,53,117,17,105,69,106,76,149,61,149,35,134,67,133,76
0,101,176,51,155,11,99,0,41,5,0,45,50,44,12,47,61,52,73,80,49,78,16,72,73,76,73,115,54,117,16,105,68,107,76,149,62,149,35,134,67,133,75
0,104,178,52,157,12,100,0,41,5,0,45,50,44,12,48,61,53,73,81,49,79,17,74,74,77,73,115,54,117,18,106,70,108,76,150,62,149,37,136,68,135,76
0,103,177,51,155,11,99,0,40,6,0,45,49,44,11,47,60,52,73,81,49,79,16,74,73,76,72,115,54,118,17,106,68,107,75,150,62,150,35,136,67,135,76
0,101,177,51,155,11,99,0,41,5,0,45,49,44,11,47,60,52,74,81,49,79,16,73,73,76,74,115,54,118,17,105,68,106,77,149,62,149,36,134,68,132,77
0,102,175,52,154,11,98,0,40,6,0,46,48,44,10,47,60,53,72,82,47,79,15,73,72,76,72,116,52,117,15,105,68,107,75,150,60,149,33,135,66,133,75
0,102,176,51,155,10,99,0,40,7,0,46,49,44,11,47,60,52,73,82,48,79,16,74,73,77,73,116,53,117,16,105,68,107,76,150,61,149,35,135,67,134,76
0,103,177,52,155,11,99,0,40,5,0,46,48,45,11,48,60,53,72,82,47,80,15,74,73,77,72,116,53,118,16,106,68,107,75,150,61,150,36,135,68,134,76
0,102,177,51,154,11,99,0,41,5,0,46,48,44,11,47,60,52,73,81,47,79,15,73,72,76,73,115,52,117,16,105,68,106,76,150,61,150,35,135,67,133,76
0,102,177,51,155,10,99,0,41,4,0,45,49,43,11,46,60,52,74,80,49,78,16,73,73,76,73,115,54,116,17,104,68,106,77,149,62,148,36,134,68,132,77
0,102,176,52,154,12,98,0,40,6,0,46,48,44,10,47,60,53,73,81,47,78,15,73,72,77,73,115,52,117,16,104,68,106,76,149,61,149,34,134,66,132,75
0,101,176,51,156,10,99,0,40,5,0,45,48,44,11,46,60,52,74,81,48,78,16,72,73,76,74,115,54,117,17,104,69,106,77,149,62,148,35,133,68,132,77
0,102,177,51,155,11,99,0,41,5,0,46,48,44,11,47,61,53,74,82,48,79,16,74,73,77,73,116,53,117,17,106,68,107,75,150,62,149,35,135,68,134,76
0,111,184,56,161,13,103,0,43,4,0,47,51,45,12,49,63,54,76,85,49,81,15,77,75,80,73,122,53,122,17,111,70,114,75,159,61,156,35,143,69,143,76
0,122,220,62,191,14,122,0,51,5,0,54,65,50,20,53,79,60,96,98,63,94,25,88,92,94,92,141,71,141,29,127,87,131,94,183,82,178,50,161,87,161,98
0,135,233,70,203,16,130,0,52,11,0,61,63,60,16,64,82,70,91,108,62,107,23,99,96,100,89,153,70,158,24,141,88,143,92,197,81,199,49,179,89,177,98
0,136,242,72,210,18,135,0,56,9,0,61,66,61,18,64,86,70,97,110,66,110,25,99,102,102,96,157,75,162,27,143,94,145,98,202,86,204,52,183,93,181,102
0,140,247,74,215,18,138,0,56,11,0,65,67,65,18,68,89,75,99,116,66,114,25,104,104,107,96,163,76,167,27,149,96,151,98,209,87,211,54,189,96,188,104
0,141,249,74,217,18,139,0,56,9,0,64,67,63,18,67,89,74,99,115,67,114,25,103,104,107,97,163,76,167,26,148,95,151,99,209,88,211,53,188,96,187,104
0,140,247,73,215,17,138,0,56,11,0,65,67,63,18,67,88,74,100,115,66,113,25,104,104,106,98,162,76,166,26,148,95,150,100,208,88,210,53,189,96,187,104
0,139,247,73,214,18,138,0,57,10,0,64,67,63,19,67,88,74,100,114,67,113,26,103,104,106,98,161,76,166,28,148,96,149,101,207,88,209,54,188,96,186,105
0,139,247,74,214,19,137,0,57,9,0,65,67,62,19,67,88,74,99,115,65,112,26,103,104,106,97,162,74,165,27,147,95,150,99,207,87,209,53,187,95,185,104
0,138,246,72,212,18,136,0,55,9,0,63,67,62,19,66,88,73,99,114,67,112,26,101,103,105,98,161,76,164,27,145,94,149,100,206,89,207,54,185,95,184,104
0,140,245,73,213,18,136,0,56,8,0,64,67,62,19,67,88,74,101,114,66,111,26,103,104,106,99,161,75,164,28,147,96,150,101,206,88,207,53,187,95,185,104
0,140,245,73,211,18,135,0,56,8,0,65,67,62,19,67,87,74,99,114,66,110,26,103,102,106,96,161,75,163,27,147,95,150,99,206,87,206,52,186,94,184,104
0,141,244,75,212,19,136,0,56,8,0,64,66,62,18,68,88,74,99,114,65,112,26,104,104,107,96,162,74,165,27,148,95,151,99,207,86,208,52,188,95,187,103
0,140,245,73,213,18,136,0,56,8,0,63,67,62,19,67,89,73,100,113,66,111,27,102,105,105,98,160,75,164,27,147,96,149,100,206,87,207,53,186,95,185,104
0,139,245,72,212,18,135,0,56,7,0,64,68,61,20,67,89,75,101,114,66,110,27,102,105,106,99,161,75,163,27,146,96,149,101,207,86,207,52,186,95,184,104
0,141,244,73,212,18,136,0,57,5,0,64,68,62,19,67,88,74,101,114,67,111,27,103,104,106,99,161,75,164,28,146,96,149,101,206,87,206,54,186,96,185,105
0,137,243,71,212,17,134,0,55,6,0,62,66,60,19,66,88,73,99,112,64,109,26,101,104,104,97,159,73,162,26,146,95,148,100,204,85,206,51,185,94,183,103
0,139,243,72,211,18,134,0,55,7,0,64,66,62,18,67,88,74,100,113,65,111,26,102,104,105,98,160,73,164,26,146,95,148,101,206,85,207,52,185,95,183,104
0,139,244,73,211,19,134,0,55,8,0,64,66,62,19,68,88,74,100,113,65,111,26,103,104,105,98,160,73,164,27,147,96,149,99,205,85,207,52,186,95,184,103
0,140,241,73,208,19,134,0,55,8,0,64,65,62,17,68,86,75,98,114,64,111,23,103,101,106,96,160,72,163,25,146,93,150,98,205,84,206,50,186,93,185,101
0,136,241,71,209,18,133,0,54,8,0,61,67,61,19,65,87,71,100,110,67,109,26,100,103,102,99,156,75,160,26,144,94,145,100,202,86,203,51,183,93,181,103
0,134,239,69,207,17,131,0,54,9,0,60,64,60,17,65,85,71,97,109,63,108,23,100,100,102,95,156,71,159,24,143,92,145,97,201,83,204,48,184,91,180,101
0,137,237,71,206,18,132,0,54,9,0,63,65,62,16,66,84,73,96,111,65,110,22,102,99,104,95,157,73,161,24,145,91,147,97,202,84,204,49,184,91,182,101
0,135,238,70,205,17,131,0,53,9,0,62,64,61,15,65,84,72,96,110,64,109,22,100,99,103,95,156,72,161,23,143,91,146,97,201,84,203,49,182,91,180,100
0,137,238,72,207,18,132,0,53,10,0,63,64,62,15,67,84,72,96,111,63,110,22,102,100,103,94,157,72,162,23,146,92,147,96,202,83,205,47,185,91,182,100
0,135,237,70,206,17,132,0,53,9,0,62,64,60,15,65,83,72,95,111,63,109,22,101,99,104,94,157,71,161,23,144,90,146,96,202,83,204,48,183,90,181,99
0,138,240,72,209,18,134,0,55,9,0,63,65,62,17,68,85,74,97,112,64,111,24,103,102,105,95,159,73,162,25,146,94,149,97,204,84,206,50,186,93,184,102
0,138,241,72,210,18,133,0,54,9,0,62,64,63,17,67,86,73,98,111,63,111,24,103,103,104,95,158,72,163,26,146,95,147,97,204,83,206,51,186,94,183,102
0,136,240,71,208,17,133,0,54,9,0,62,64,61,17,66,85,72,97,111,64,109,23,101,101,104,94,157,72,161,25,145,93,147,97,202,83,204,50,184,93,182,101
0,135,241,70,209,17,133,0,54,9,0,62,63,61,17,65,85,72,97,111,63,109,23,101,101,104,95,157,71,161,25,144,92,147,97,202,83,204,50,183,92,181,101
0,135,240,71,208,17,132,0,54,9,0,63,64,62,17,67,86,73,97,112,64,111,24,102,101,104,95,158,72,162,25,145,93,147,97,203,84,205,51,185,93,182,101
0,136,240,72,208,18,132,0,54,10,0,63,64,62,17,67,85,74,97,112,63,110,23,103,101,105,95,158,72,162,25,146,92,148,97,203,84,206,49,185,91,183,101
0,135,238,71,208,17,132,0,54,7,0,61,62,59,16,64,84,72,96,110,61,107,23,99,101,104,95,157,69,159,24,143,92,146,96,203,80,203,50,182,93,180,101
0,136,238,70,207,16,131,0,54,9,0,62,61,61,16,66,84,73,96,111,60,109,23,100,101,103,93,157,69,161,24,144,92,146,96,203,81,204,50,182,93,181,101
0,136,238,70,206,17,131,0,54,7,0,62,62,61,16,66,84,73,97,111,61,109,23,100,100,103,95,157,70,161,24,144,92,146,97,202,82,203,50,182,92,181,100
0,136,238,71,208,17,132,0,55,7,0,62,63,59,18,65,86,73,98,111,61,108,25,100,102,105,96,158,70,160,26,144,93,147,97,203,82,203,51,182,93,181,101
0,138,239,72,208,17,133,0,55,7,0,64,64,60,18,66,85,74,97,112,63,109,24,101,101,105,95,158,71,160,25,144,92,148,97,203,82,203,50,182,92,181,100
0,136,240,70,208,16,132,0,54,6,0,61,63,60,17,65,85,72,97,110,62,108,24,100,101,103,95,157,71,160,26,143,94,146,98,203,83,202,52,181,94,180,101
0,138,240,71,209,17,133,0,55,6,0,62,63,60,17,66,85,73,98,111,62,109,24,101,102,104,95,158,70,161,25,144,93,147,97,203,82,203,51,182,94,181,102
0,138,238,72,207,17,132,0,54,9,0,63,61,60,17,66,84,73,96,112,60,109,23,101,100,105,93,158,68,161,25,144,92,148,95,203,80,203,50,182,92,181,99
0,137,240,71,209,17,133,0,55,6,0,62,62,60,17,65,86,73,98,111,62,109,24,100,102,104,95,158,71,161,26,144,94,147,98,203,83,203,52,182,94,181,102
0,138,241,71,209,17,133,0,55,6,0,62,64,60,18,66,86,73,99,111,63,109,25,101,102,104,96,158,71,161,26,144,94,146,98,203,82,203,52,182,94,180,102
0,137,238,71,207,17,132,0,54,8,0,62,61,59,16,65,84,72,95,111,60,108,23,101,101,104,93,158,69,161,24,144,92,147,96,204,81,203,50,183,92,181,100
0,136,238,70,207,17,132,0,54,9,0,63,61,61,17,66,85,73,96,112,60,109,23,100,100,105,93,158,68,161,25,144,92,147,96,203,80,203,50,182,93,180,100
0,135,238,69,207,16,131,0,53,7,0,61,61,58,16,63,84,71,96,109,59,107,23,98,100,103,94,156,68,159,24,142,92,145,96,201,80,201,49,180,91,177,99
0,135,237,70,207,17,132,0,54,8,0,61,62,59,17,64,84,72,97,109,60,107,23,99,100,103,95,156,68,159,24,142,91,145,96,201,80,201,49,180,91,178,100
0,135,235,70,205,16,130,0,53,8,0,61,60,58,15,64,83,72,95,109,59,106,22,99,99,103,93,156,67,158,23,142,91,145,96,201,79,200,49,180,91,179,99
0,137,237,71,206,17,131,0,54,8,0,62,62,60,16,65,83,73,96,111,61,108,23,99,99,104,94,158,69,160,24,142,91,146,96,202,81,202,49,180,91,180,99
0,135,238,69,206,16,131,0,54,7,0,61,62,59,16,64,84,72,97,109,60,106,23,98,100,103,95,155,69,157,24,140,92,145,96,200,80,198,50,178,92,178,99
0,136,236,72,205,18,130,0,53,8,0,62,59,59,15,65,83,73,95,111,58,107,21,100,99,105,92,158,66,159,23,143,91,148,94,203,78,201,49,181,91,180,98
0,137,238,71,207,17,131,0,54,5,0,62,63,58,17,64,85,72,97,110,61,106,24,99,101,103,96,157,69,158,25,141,93,145,98,202,81,200,51,179,93,178,101
0,135,239,68,207,16,131,0,54,5,0,60,63,58,17,63,85,71,97,109,62,106,24,97,100,102,95,156,70,158,26,140,93,145,97,201,81,199,52,178,93,178,100
0,137,236,71,207,16,132,0,54,9,0,62,61,58,18,65,84,72,95,110,59,107,24,101,101,104,93,157,67,159,25,144,94,147,96,203,79,201,50,181,93,180,100
0,137,238,71,207,18,132,0,55,6,0,62,62,59,18,65,85,72,97,111,60,107,24,100,101,104,95,157,69,159,26,142,94,146,97,202,80,200,52,180,94,180,101
0,145,238,75,207,29,127,17,52,0,0,67,65,68,26,75,94,82,101,123,65,118,30,109,104,115,96,172,76,172,35,154,97,160,98,215,87,216,62,194,99,194,103
0,146,237,76,208,31,127,20,51,0,0,66,64,69,24,76,93,81,99,121,63,118,28,109,103,112,94,171,73,172,31,154,95,159,95,214,82,216,58,194,97,194,100
0,146,237,75,207,31,126,20,51,0,0,66,64,70,25,77,94,81,99,121,63,119,29,110,102,113,94,171,73,172,32,155,95,159,96,214,83,216,60,194,98,193,101
0,142,237,73,205,30,124,19,50,0,0,65,64,69,25,75,93,80,99,120,64,118,29,108,102,112,94,170,74,171,33,153,96,158,97,212,85,215,60,192,98,192,101
1,92,326,36,296,0,229,18,172,63,175,15,167,9,104,7,64,8,26,47,157,42,88,42,42,42,0,81,163,77,97,74,53,71,13,117,178,111,124,108,87,105,54
1,90,326,34,295,0,225,19,168,63,177,14,166,8,104,7,64,8,27,47,156,41,87,40,42,40,0,80,162,76,96,73,52,70,12,116,177,110,124,107,88,105,56
1,90,327,34,296,0,227,18,171,63,176,14,166,9,104,8,64,9,27,47,157,42,87,42,42,42,0,81,163,77,97,74,53,70,13,117,179,112,126,108,90,105,57
1,89,326,34,293,0,225,19,169,63,177,16,164,10,104,8,65,8,28,48,156,41,87,39,42,38,0,81,162,77,96,73,52,69,12,116,179,112,126,108,90,105,57
1,89,325,34,293,0,228,19,171,64,176,18,165,12,104,10,66,10,29,50,156,43,87,42,42,40,0,82,162,78,96,75,52,71,11,117,179,114,125,110,88,106,56
1,88,322,34,292,0,225,18,168,62,175,15,164,9,103,8,65,9,28,47,155,41,86,40,41,39,0,80,161,77,95,74,50,70,11,116,177,112,123,109,87,105,55
1,87,322,33,291,0,225,17,168,60,175,15,164,9,103,7,65,8,28,46,155,40,86,40,41,39,0,80,162,76,95,73,51,69,11,115,178,112,124,108,87,104,54
1,88,323,34,292,0,226,19,168,64,173,16,164,10,103,8,65,8,29,48,154,42,86,40,41,39,0,81,161,77,95,74,51,70,11,116,177,113,123,109,87,105,54
1,87,324,33,293,0,227,18,169,62,174,14,164,9,104,7,66,8,29,46,155,41,86,40,42,38,0,80,161,76,95,73,52,69,12,115,177,111,123,108,87,104,54
1,88,323,34,291,0,225,18,167,63,174,15,163,9,103,7,65,8,28,47,154,41,86,39,42,38,0,81,160,77,95,74,51,69,12,116,177,113,123,109,87,105,54
1,88,323,34,292,0,225,19,167,63,174,15,163,9,103,7,65,8,28,47,154,41,86,40,41,39,0,80,161,77,95,74,51,70,11,116,177,113,124,109,87,105,55
1,86,322,32,289,0,224,18,169,60,175,14,164,8,103,7,65,9,29,46,155,40,86,39,41,38,0,79,161,76,95,73,50,69,10,114,177,112,123,109,87,105,54
1,85,318,33,286,0,222,18,166,61,171,13,162,8,102,10,64,14,28,45,153,40,85,40,41,40,0,78,159,75,93,72,50,68,11,113,174,110,121,107,85,103,52
1,83,307,32,277,0,213,17,158,58,163,13,158,7,99,8,62,12,27,44,149,38,82,39,39,39,0,76,154,72,90,69,48,65,11,111,168,107,116,103,82,99,51
1,80,293,31,264,0,205,14,154,53,157,12,151,5,95,5,60,7,26,41,142,34,78,33,38,33,0,72,146,66,86,63,46,59,10,105,160,100,112,96,79,92,50
1,78,276,31,250,0,195,13,144,51,145,12,140,6,88,5,55,6,23,39,132,34,73,34,35,33,0,67,137,64,80,61,42,57,9,98,149,94,103,90,72,87,44
1,76,271,30,246,0,192,15,143,51,143,11,140,5,87,6,54,10,23,39,132,34,72,35,34,36,0,67,136,63,80,61,43,59,9,97,149,93,103,90,72,89,44
1,75,264,29,240,0,186,14,138,49,136,11,136,5,85,5,52,7,22,38,128,33,70,33,33,34,0,66,132,61,77,59,40,56,8,95,143,91,99,88,69,86,41
1,75,262,29,238,0,184,13,136,47,135,12,135,5,84,6,52,8,22,38,126,33,69,34,33,34,0,65,131,61,76,59,40,56,8,94,142,90,98,87,67,85,40
1,75,262,30,238,0,185,14,137,48,136,12,135,6,84,6,52,9,22,38,127,33,69,34,33,35,0,66,131,62,77,59,40,56,8,95,143,91,98,88,68,86,40
1,74,261,29,236,0,184,14,137,49,136,11,134,5,83,6,52,9,22,38,126,33,69,34,33,35,0,66,130,61,76,59,40,57,8,95,142,90,97,88,67,85,40
1,75,262,30,238,0,185,13,137,48,136,11,136,5,85,6,53,10,23,38,127,33,70,34,33,35,0,65,131,61,77,59,41,56,9,95,143,90,99,88,69,85,42
1,75,263,29,239,0,185,13,137,48,136,11,136,5,85,6,53,9,23,38,128,33,70,34,34,35,0,65,132,61,77,59,41,56,8,95,143,90,99,87,69,85,42
1,75,264,30,241,0,186,14,138,48,137,11,138,5,86,6,54,9,24,38,129,33,71,33,34,34,0,66,133,61,78,58,41,56,8,96,145,91,100,88,70,86,43
1,75,266,29,242,0,188,13,139,48,138,10,137,4,86,5,53,9,23,38,129,32,71,33,34,34,0,66,133,62,78,59,41,56,8,96,145,91,100,88,70,86,43
1,76,269,30,245,0,190,14,141,50,140,12,138,7,86,7,54,10,23,40,130,35,71,35,34,36,0,68,134,64,78,61,41,58,8,97,147,93,101,90,71,88,43
1,78,283,30,255,0,199,17,151,53,151,14,146,8,92,9,58,12,25,43,138,37,76,38,36,39,0,72,143,68,84,65,45,64,10,103,157,99,109,96,77,94,49
1,84,303,32,273,0,212,17,160,57,164,17,156,12,96,13,59,17,24,47,148,40,82,40,38,41,0,78,154,74,90,71,47,69,10,111,169,108,117,104,83,100,53
1,88,329,34,297,0,231,17,173,61,177,16,169,11,107,13,68,18,31,48,160,44,88,44,42,45,0,81,166,79,98,77,52,74,11,117,182,116,129,114,92,112,59
1,93,342,35,310,0,243,20,183,65,185,16,176,12,112,13,71,17,33,52,166,48,92,48,44,48,0,87,173,85,102,81,55,77,13,124,190,123,134,120,96,117,61
1,96,357,37,326,0,256,18,194,67,196,16,186,11,119,11,76,15,35,52,176,46,98,45,47,45,0,88,183,84,108,81,58,76,13,128,201,125,142,122,102,120,65
1,99,372,38,338,0,266,21,202,71,202,16,192,10,121,12,77,17,34,53,181,47,100,48,48,49,0,92,188,88,111,86,60,82,13,134,206,130,144,127,103,125,65
1,107,382,42,349,0,276,21,209,74,208,19,199,12,127,13,81,16,36,58,187,52,103,52,50,52,0,98,194,93,114,90,62,85,14,140,212,136,150,132,107,129,69
1,106,385,42,351,0,276,22,211,76,214,19,199,13,127,13,82,16,38,58,188,52,104,51,51,52,0,98,195,93,115,89,62,85,14,140,214,136,151,132,108,129,69
1,104,381,41,347,0,273,19,207,71,208,16,198,10,126,10,80,12,36,55,187,48,104,47,51,46,0,94,193,88,115,84,61,79,13,137,212,132,150,128,107,124,67
1,89,300,37,273,0,220,14,170,56,168,13,158,3,100,2,64,4,29,44,148,35,83,33,40,33,0,76,152,70,93,66,53,62,17,110,167,108,119,105,86,102,58
1,78,264,32,237,2,187,10,142,43,145,20,133,12,83,5,52,0,22,44,127,37,70,32,32,28,0,70,132,65,77,61,41,57,10,99,145,97,100,94,69,91,44
1,70,249,27,224,0,174,12,132,42,136,12,127,7,80,6,50,7,22,36,121,31,66,30,31,30,0,62,126,57,73,54,38,51,7,90,139,87,95,83,66,80,40
1,68,241,26,217,0,169,11,128,39,128,11,122,7,77,7,49,8,21,34,117,30,64,30,31,30,0,59,122,55,71,53,37,50,7,86,134,83,92,81,64,78,38
1,65,236,26,213,0,166,10,124,41,126,10,120,6,76,6,48,8,21,33,113,29,62,29,30,29,0,57,118,54,68,52,37,50,7,84,130,81,90,79,63,77,38
1,64,236,25,213,0,167,9,124,39,126,9,121,5,76,5,48,8,21,32,114,28,63,28,31,28,0,56,119,53,69,51,38,48,9,82,130,79,90,77,63,75,39
1,60,232,22,203,0,158,7,117,37,119,16,114,12,69,10,40,9,14,37,110,31,61,28,28,26,0,59,115,54,66,52,33,49,6,85,126,82,87,80,61,76,39
1,58,237,20,210,0,162,10,121,39,124,8,120,7,75,9,46,14,20,32,114,31,63,34,29,37,0,57,119,58,70,59,37,58,8,83,131,83,91,82,64,81,40
1,59,243,22,217,0,169,9,127,38,128,8,123,6,76,8,46,11,19,32,118,31,64,33,30,35,0,57,123,58,73,57,39,56,9,84,136,85,95,84,67,82,42
1,63,247,23,219,0,171,11,129,42,130,8,127,5,80,7,49,11,21,33,121,30,67,30,32,30,0,58,126,57,73,55,38,52,8,86,137,86,96,85,68,82,43
1,65,247,25,220,0,173,10,131,42,132,10,127,6,80,6,50,8,22,35,120,31,66,30,31,29,0,60,125,59,72,56,37,53,6,88,136,88,95,86,66,83,41
1,68,248,27,220,0,174,9,131,42,129,11,128,4,81,3,52,5,24,35,121,29,67,27,32,26,0,61,125,56,72,53,37,49,6,90,136,87,94,83,65,79,41
1,73,251,29,227,0,180,10,136,44,132,11,130,4,82,3,52,5,23,36,123,28,68,26,33,24,0,62,127,56,74,52,39,47,7,91,138,87,97,84,69,81,44
1,78,251,33,229,1,180,11,135,44,135,12,131,3,83,0,52,0,23,38,123,29,68,27,32,26,0,65,126,59,74,54,38,50,7,94,138,90,95,86,66,82,41
1,77,254,32,230,2,181,12,137,44,138,13,132,5,83,1,52,0,23,38,125,30,69,27,33,26,0,64,129,59,76,55,40,51,9,93,140,92,98,89,70,86,45
1,85,261,38,237,5,189,13,143,49,142,20,135,9,85,3,54,0,24,45,127,35,71,30,34,26,0,72,131,64,78,60,41,55,10,101,144,97,101,92,71,87,46
1,90,261,44,238,10,189,17,143,52,146,21,135,9,87,3,56,0,26,46,126,34,71,28,34,24,0,73,130,63,75,56,38,49,6,103,141,96,99,90,69,84,44
1,90,262,43,240,8,189,16,143,51,145,17,136,5,88,1,57,0,27,41,127,29,71,25,34,22,0,69,130,58,76,52,40,47,8,99,142,90,97,84,69,77,45
1,79,260,33,236,2,187,9,140,43,141,17,134,8,84,3,53,0,23,41,127,32,70,28,33,24,0,67,131,60,77,55,41,51,10,95,143,90,101,85,72,80,48
1,71,253,27,226,0,178,12,136,43,135,12,128,6,80,5,50,7,21,36,121,30,67,29,32,29,0,62,126,57,73,55,39,52,7,91,139,87,95,84,66,81,39
1,71,254,28,228,0,179,11,136,44,135,12,131,7,83,7,53,9,24,37,125,31,68,30,32,30,0,64,129,59,75,56,39,53,8,94,142,89,99,85,71,81,45
1,66,252,26,224,0,176,10,132,42,135,12,129,8,82,8,52,11,24,36,123,32,67,31,32,31,0,62,127,60,73,57,38,54,6,91,140,90,97,87,68,84,43
1,67,253,25,226,0,177,11,133,43,135,10,129,8,81,8,52,11,23,35,124,33,67,33,32,33,0,62,129,60,75,58,40,55,8,90,142,90,99,88,69,85,44
1,66,253,25,227,0,178,12,134,44,135,10,130,7,82,9,52,12,24,35,124,33,68,33,33,33,0,62,129,60,76,58,41,54,9,90,141,89,99,88,71,85,45
1,66,251,25,226,0,178,11,135,43,134,9,130,7,82,8,52,12,24,35,123,32,68,33,33,33,0,61,128,60,75,58,40,54,9,89,141,89,98,87,70,84,44
1,66,251,25,225,0,177,11,134,44,133,9,128,7,80,8,51,11,22,34,122,32,67,33,32,33,0,60,127,60,75,57,40,54,8,88,140,88,98,86,70,83,44
1,67,252,26,226,0,178,11,135,43,134,11,130,8,81,9,51,13,23,36,124,34,68,34,33,34,0,62,129,61,76,59,41,55,10,90,142,89,99,87,71,84,45
1,66,251,25,225,0,178,11,135,42,133,9,129,7,81,8,51,12,23,34,123,32,67,33,32,33,0,60,128,60,75,57,40,54,9,89,141,88,99,86,70,83,44
1,66,249,25,224,0,177,11,134,43,133,9,128,6,81,7,51,11,23,34,122,32,67,32,32,33,0,61,127,60,75,58,40,55,8,89,140,89,98,86,69,83,43
1,66,249,25,223,0,175,12,131,45,132,9,129,6,81,8,51,11,23,34,123,32,67,32,32,33,0,61,128,60,75,57,40,54,8,89,140,89,98,87,69,84,43
1,71,260,27,233,0,184,11,141,44,142,9,135,5,85,6,55,9,25,35,128,31,70,32,34,32,0,63,133,60,77,57,41,54,8,93,146,91,102,88,72,84,46
1,76,275,29,242,0,193,13,146,50,142,13,142,7,89,7,57,8,26,42,135,37,74,35,36,33,0,71,139,67,81,64,42,60,8,103,152,101,105,98,73,93,46
1,77,287,30,259,0,204,11,154,46,155,10,149,6,94,7,59,10,27,38,143,32,79,31,38,30,0,69,149,64,86,61,46,57,10,102,164,98,115,94,82,91,52
1,81,296,32,267,0,211,13,162,49,160,12,155,5,99,5,64,7,30,41,147,34,82,33,39,32,0,73,153,67,89,63,48,58,11,106,167,101,117,97,82,92,52
1,85,306,34,276,0,218,15,168,53,167,14,158,7,101,7,64,10,29,45,150,38,83,37,40,38,0,77,156,72,92,68,50,65,12,111,172,106,120,101,85,97,53
1,86,315,34,285,0,225,15,174,54,174,16,162,9,103,9,65,12,29,47,154,41,85,40,41,40,0,80,160,75,94,71,51,68,12,114,177,111,124,106,88,102,57
1,87,319,34,288,0,229,15,177,55,174,15,164,9,105,10,67,14,31,47,156,41,87,41,42,41,0,80,163,76,96,72,53,69,13,115,180,111,127,107,90,103,57
1,89,320,35,291,0,230,16,177,56,175,16,166,9,106,10,68,14,31,48,157,41,87,41,43,42,0,81,163,77,97,74,53,71,13,116,180,113,127,109,91,105,59
1,89,320,35,289,0,230,15,177,56,175,15,166,9,106,9,68,13,31,47,157,41,88,40,43,41,0,80,164,76,97,73,53,70,13,115,181,112,128,108,92,104,58
1,89,319,35,289,0,229,16,177,57,174,15,165,9,106,10,68,15,31,48,157,41,87,41,43,42,0,81,164,77,97,74,53,71,14,116,181,113,127,108,91,104,58
1,89,319,35,288,0,229,16,177,56,174,15,166,9,106,10,68,14,31,48,158,41,88,40,43,41,0,81,164,76,97,73,53,70,13,116,181,113,127,109,91,104,58
1,88,318,35,288,0,229,15,177,56,174,13,165,7,105,8,68,12,31,46,157,39,87,39,42,39,0,80,163,75,96,71,52,68,12,115,180,112,127,108,91,103,57
1,90,317,36,286,0,226,17,175,57,173,16,163,10,105,9,67,12,30,49,155,42,86,41,42,41,0,82,162,77,96,74,52,70,13,117,178,113,126,108,90,104,57
1,89,316,36,286,0,226,16,174,56,172,14,164,8,104,8,66,10,30,47,155,40,86,39,42,39,0,80,161,75,95,72,51,68,12,115,178,111,124,106,88,102,55
1,89,318,36,288,0,228,16,175,58,174,15,164,8,104,8,67,10,30,47,155,41,86,41,42,41,0,80,162,76,96,72,53,68,13,115,178,112,125,107,89,102,57
1,90,317,36,286,0,227,16,175,57,175,15,162,7,104,6,67,7,30,47,154,40,86,39,42,39,0,80,160,75,95,71,52,67,12,115,176,111,124,106,88,101,56
1,89,317,35,287,0,226,16,173,57,173,14,163,6,104,5,67,7,30,45,154,38,85,37,42,37,0,79,161,73,95,69,52,64,11,114,177,109,124,104,88,99,55
1,89,317,36,287,0,227,15,172,56,172,14,163,6,104,5,66,6,29,46,154,38,85,37,42,36,0,79,161,74,95,70,52,65,12,114,177,110,124,105,88,100,55
1,90,316,37,286,0,226,15,173,56,171,16,163,8,103,6,66,7,29,47,154,40,85,38,42,37,0,80,161,75,95,71,51,66,11,116,178,111,124,106,88,101,55
1,89,316,36,286,0,226,15,173,56,173,16,163,8,105,7,68,8,30,47,154,40,86,39,42,39,0,80,161,75,96,71,52,66,12,114,178,109,125,105,89,100,57
1,89,315,36,285,0,225,15,172,56,172,15,162,8,104,7,67,8,30,46,154,39,86,38,42,37,0,79,161,74,96,69,52,65,12,114,178,109,125,104,89,99,56
1,89,313,36,282,0,223,15,171,56,170,14,160,7,103,5,66,7,29,46,152,39,84,38,41,38,0,79,158,74,94,70,51,65,11,114,175,109,122,104,87,99,54
1,88,313,36,284,0,224,14,172,55,171,14,161,7,103,5,67,7,30,45,152,38,85,37,42,37,0,78,159,73,94,69,51,64,12,113,175,107,123,103,88,99,56
1,88,312,35,281,0,223,14,170,55,169,14,160,6,102,4,66,5,29,45,152,38,84,36,41,36,0,78,158,73,94,68,51,64,11,113,175,108,122,103,87,98,55
1,89,314,36,284,0,224,13,171,54,171,14,161,7,104,5,67,6,30,45,153,38,85,36,42,35,0,78,160,72,95,68,52,63,12,113,176,107,124,102,88,97,56
1,89,312,37,282,0,224,14,171,55,169,15,161,8,103,6,66,7,30,46,152,39,85,37,42,37,0,78,158,73,94,68,51,63,12,113,175,108,123,103,88,98,56
1,89,312,36,282,0,222,15,170,55,169,15,160,7,102,5,65,6,29,46,151,38,84,37,41,36,0,78,158,73,93,68,50,64,11,113,174,108,122,103,87,98,55
1,88,311,36,282,0,223,13,170,54,169,15,160,7,103,5,66,5,30,46,151,38,84,36,42,36,0,78,158,72,94,68,51,64,11,112,175,107,123,102,88,97,56
1,87,311,35,281,0,222,15,170,54,170,13,160,6,103,5,66,6,30,44,152,36,85,35,41,34,0,76,158,69,94,65,50,61,11,110,174,105,122,100,87,96,55
1,83,308,32,275,0,219,16,170,54,166,12,160,6,102,6,64,10,28,43,152,37,85,35,41,34,0,75,158,71,92,67,50,63,11,110,173,107,121,102,85,98,54
1,78,299,29,266,0,211,13,163,49,166,12,154,8,99,7,64,9,31,41,147,37,81,37,39,38,0,72,153,69,90,66,47,63,10,105,168,103,116,101,83,98,53
1,70,299,25,261,0,206,13,161,49,165,10,155,6,99,7,64,8,31,39,148,36,83,37,40,37,0,69,154,68,93,67,51,65,14,102,169,101,121,98,88,94,60
1,68,283,25,252,0,201,15,156,52,155,15,145,15,93,18,59,23,26,45,140,45,78,48,38,51,0,74,147,75,88,75,49,75,14,106,162,103,115,101,83,99,53
1,66,279,23,244,0,191,18,147,56,152,11,142,13,89,18,57,24,25,43,136,44,75,48,37,51,0,74,144,76,85,76,46,74,10,106,159,106,113,104,81,102,52
1,64,278,22,246,0,190,18,144,56,148,13,140,15,88,19,56,25,24,44,134,46,74,51,36,54,0,73,142,76,85,77,45,75,10,104,157,105,112,103,80,100,52
1,70,283,26,246,0,193,18,150,54,153,14,146,11,93,13,59,16,26,44,140,43,79,44,37,45,0,73,146,74,86,72,46,69,12,105,161,106,115,104,83,99,56
1,72,291,29,257,0,208,15,164,52,159,11,151,7,96,8,61,10,28,41,145,39,81,41,39,43,0,70,151,70,90,71,50,70,16,101,166,102,119,100,87,95,60
1,87,294,35,262,0,205,14,156,54,156,18,152,9,95,7,59,7,26,49,144,41,80,38,38,36,0,79,149,73,88,69,46,65,11,112,163,108,114,103,81,96,52
1,92,295,40,268,3,214,14,163,56,161,18,157,8,98,3,62,0,28,48,148,38,82,35,39,33,0,78,153,72,91,67,48,63,12,112,166,109,117,105,84,102,55
1,102,307,49,286,8,230,15,174,55,168,19,163,6,107,1,71,0,35,50,152,36,86,31,42,28,0,82,156,71,93,65,51,59,13,117,170,108,121,101,87,95,56
1,102,309,49,286,8,232,15,177,56,169,18,162,5,107,1,72,0,36,47,151,34,85,30,42,28,0,79,155,69,92,63,51,58,12,114,171,106,121,99,88,93,58
1,103,309,50,286,9,230,17,175,58,169,19,161,5,106,1,71,0,35,48,150,35,84,30,41,28,0,80,155,70,92,63,51,57,12,116,171,107,121,101,87,95,57
1,84,312,34,280,0,222,16,173,56,171,16,161,10,102,11,64,14,28,48,153,42,86,42,41,43,0,81,160,76,95,74,52,72,13,116,177,112,125,108,90,105,58
1,84,312,33,281,0,222,15,171,56,170,15,161,10,102,12,65,17,29,47,153,42,85,42,41,43,0,79,160,76,95,73,51,70,11,113,177,113,124,110,89,107,56
1,84,313,33,282,0,225,16,172,58,170,16,160,13,101,16,64,21,29,48,153,45,84,47,41,49,0,81,161,79,95,78,52,75,13,115,178,114,126,112,90,109,57
1,85,315,34,284,0,226,16,174,58,172,15,162,11,103,12,66,17,30,48,154,44,85,44,42,45,0,80,161,78,96,75,52,72,13,115,179,114,126,111,90,108,57
1,85,313,34,283,0,225,16,173,57,172,15,161,10,103,12,66,18,30,47,153,43,85,44,42,46,0,80,160,78,95,75,52,72,13,115,177,113,125,110,90,107,58
1,86,313,34,283,0,224,16,172,57,170,14,161,10,103,11,66,16,30,47,153,42,85,43,42,44,0,79,160,77,95,74,52,72,13,113,177,112,125,109,89,105,57
1,85,312,33,282,0,224,15,172,55,171,13,162,9,103,11,66,16,30,45,154,41,85,42,42,44,0,78,161,76,95,74,52,71,13,113,177,111,125,108,90,105,57
1,84,311,33,282,0,224,15,172,55,171,14,160,10,102,12,66,16,30,46,153,41,85,42,41,43,0,78,160,76,95,73,52,70,13,113,177,111,125,108,90,105,57
1,84,311,34,282,0,224,15,172,56,170,13,160,8,102,10,65,15,29,45,153,41,84,41,41,42,0,78,159,75,95,73,52,70,13,113,176,111,124,107,89,104,56
1,86,311,35,281,0,223,16,172,57,170,15,161,10,103,12,66,16,30,47,153,42,85,43,41,43,0,80,160,77,95,74,51,70,12,115,176,112,125,109,89,105,56
1,85,311,34,281,0,224,15,173,56,171,14,161,8,103,10,66,15,30,46,154,41,85,41,42,42,0,79,160,76,95,73,52,70,13,113,177,111,125,108,89,104,57
1,86,311,35,281,0,224,15,172,55,169,15,162,9,103,10,66,14,30,47,154,42,85,41,41,42,0,79,160,76,95,73,52,70,13,113,177,111,124,108,89,104,57
1,85,311,34,281,0,223,15,170,56,169,15,161,9,102,9,65,13,29,46,153,41,84,41,41,41,0,79,159,76,94,72,51,69,12,113,176,111,123,107,88,103,56
1,88,313,35,282,0,225,16,173,57,169,15,163,9,104,10,66,14,30,48,155,42,86,42,42,42,0,80,162,77,96,74,52,71,13,115,178,112,125,108,89,104,57
1,87,312,35,282,0,225,15,174,55,170,14,163,8,104,9,66,14,30,46,155,41,86,41,42,42,0,79,161,76,95,73,52,70,14,113,177,111,125,107,90,103,58
1,86,312,35,284,0,226,14,174,55,172,15,163,9,105,10,68,14,31,46,155,41,86,41,42,41,0,79,162,76,96,72,53,69,14,113,178,111,126,107,91,104,59
1,86,311,35,282,0,225,15,172,56,170,15,162,9,104,10,67,14,31,47,154,42,86,41,42,42,0,79,161,76,95,73,52,70,13,114,177,111,125,107,90,104,58
1,86,311,35,281,0,224,15,171,56,169,15,161,9,103,10,66,15,30,47,153,41,85,41,41,42,0,79,159,76,95,73,52,70,13,113,176,111,125,107,89,104,58
1,85,311,34,282,0,224,15,172,54,170,15,162,9,103,10,66,15,30,46,154,41,85,40,41,41,0,78,160,75,95,72,52,69,13,112,177,110,125,107,89,103,58
1,85,310,35,280,0,223,15,171,56,169,15,160,9,102,10,65,14,30,46,152,41,84,41,41,42,0,78,158,75,94,72,51,69,13,112,175,110,123,106,88,102,56
1,85,311,34,281,0,225,14,173,54,171,14,162,8,104,9,67,13,31,45,153,40,85,40,42,40,0,78,160,75,95,72,52,68,13,112,176,110,124,106,89,102,57
1,85,311,34,281,0,225,14,172,55,170,13,161,7,103,9,66,14,30,45,153,39,85,40,41,41,0,77,159,74,94,71,52,69,13,111,176,109,124,105,89,101,57
1,86,309,35,280,0,224,15,172,55,169,14,160,8,102,10,65,14,30,46,152,41,84,41,41,42,0,78,159,75,94,72,52,69,14,112,175,110,123,106,88,103,57
1,85,310,34,281,0,224,14,172,54,170,13,161,7,103,9,66,14,30,45,153,39,85,39,41,40,0,77,159,74,94,71,52,68,14,111,175,108,124,105,89,101,57
2,255,252,164,242,99,212,49,201,13,175,143,89,95,34,44,31,7,44,159,75,96,5,37,9,0,39,172,69,107,0,44,8,5,36,176,75,112,23,56,22,15,38
2,261,260,166,246,98,215,48,201,12,172,146,93,96,36,44,33,5,45,163,77,98,5,37,10,0,40,175,71,107,0,43,8,3,38,178,77,110,24,53,24,12,40
2,257,260,164,247,97,215,48,202,12,174,147,94,97,35,44,31,6,44,164,79,99,5,37,9,0,40,176,73,109,0,44,8,4,37,179,79,112,25,55,25,14,40
2,258,256,165,245,99,213,49,200,12,172,143,92,95,35,44,32,7,44,160,76,97,6,37,9,0,38,173,70,108,0,45,8,6,36,178,76,113,24,57,24,16,39
2,259,260,167,247,97,213,47,199,12,170,143,92,95,34,43,31,5,43,160,77,97,5,37,9,0,38,173,72,107,0,43,9,5,38,177,77,111,25,55,25,15,42
2,259,256,165,244,97,212,47,198,10,171,143,90,95,34,43,31,5,44,160,75,96,5,36,9,0,38,174,70,107,0,44,8,6,37,178,75,112,24,56,24,16,40
2,244,241,157,231,91,202,41,192,0,170,128,87,84,36,40,32,7,42,143,72,88,7,35,10,1,38,156,65,98,0,41,7,4,33,161,68,102,19,51,18,13,32
2,201,194,133,198,81,181,43,177,11,157,108,76,71,39,36,38,11,45,120,60,72,10,27,15,2,40,129,51,78,0,29,10,0,34,131,50,79,8,35,14,5,32
2,196,194,129,197,77,178,38,171,10,147,108,72,72,31,37,28,11,36,121,58,75,6,29,9,2,31,131,52,81,0,31,6,0,28,133,55,79,14,36,16,5,30
2,199,196,131,198,79,180,40,172,12,147,113,74,75,32,38,29,11,36,126,60,78,7,30,10,3,32,134,53,82,0,32,7,0,29,134,56,79,15,35,17,4,31
2,197,196,130,197,78,179,40,172,12,146,112,73,75,32,38,29,9,36,126,59,78,7,30,9,0,30,135,53,83,0,32,7,0,29,135,57,80,15,37,17,5,32
2,199,198,130,199,78,180,40,172,12,146,116,74,77,31,38,28,10,34,130,60,80,7,30,8,1,30,138,54,84,0,32,7,0,29,136,58,80,17,36,18,4,33
2,199,199,129,198,78,180,38,172,12,143,118,72,78,27,39,25,9,33,132,59,81,4,31,7,1,28,140,55,85,0,33,7,0,28,138,61,81,19,37,20,4,33
2,199,202,130,200,78,180,39,171,12,145,117,70,78,26,38,24,9,33,132,57,81,3,31,6,0,28,141,54,86,0,33,7,0,29,139,62,83,19,39,20,7,34
2,201,202,130,200,79,180,40,172,11,146,118,71,79,26,39,24,9,33,133,57,82,4,31,7,1,29,141,54,86,0,33,7,0,30,138,62,82,20,38,21,6,34
2,206,204,134,201,81,180,42,171,14,144,125,70,84,25,42,24,12,33,140,57,86,3,33,6,2,29,147,55,89,0,34,7,0,29,141,63,84,20,39,21,6,33
2,207,203,135,201,82,181,42,172,15,144,126,70,84,26,42,25,12,34,140,57,85,3,33,7,2,31,147,55,89,0,35,8,0,30,142,63,85,20,40,21,8,35
2,206,204,134,202,82,181,43,171,15,144,124,71,83,27,42,26,13,36,138,58,85,3,32,8,2,32,145,55,89,0,34,8,0,31,140,63,84,19,39,22,7,36
2,207,202,134,200,83,179,43,170,15,143,125,70,84,26,44,26,15,36,139,57,85,3,33,7,3,31,145,54,88,0,34,8,0,30,140,62,83,19,39,21,6,34
2,207,203,134,201,82,181,43,171,15,144,127,70,84,26,43,25,13,36,141,57,85,3,32,8,2,32,147,55,88,0,34,8,0,31,140,63,82,20,38,22,7,36
2,207,203,135,201,84,180,44,170,15,143,127,67,84,24,43,23,13,34,141,55,85,2,33,7,2,30,148,54,89,0,34,7,0,29,142,63,85,20,40,21,7,33
2,209,205,136,203,84,182,44,172,16,145,132,67,87,23,44,23,13,33,147,55,88,2,34,8,4,31,152,55,90,0,34,9,0,32,144,66,85,22,40,22,7,35
2,211,205,138,203,87,181,47,171,17,146,133,68,90,25,48,23,17,32,147,56,91,2,38,7,6,28,152,54,92,0,36,8,0,29,144,64,85,21,40,22,6,35
2,212,203,138,201,86,179,46,170,18,144,133,68,90,24,48,23,16,31,146,55,90,2,36,5,5,28,152,54,92,0,36,7,0,28,144,62,85,19,40,21,7,34
2,205,207,132,203,78,181,37,172,8,146,118,70,80,24,40,20,10,29,133,58,84,1,33,3,1,26,143,55,89,0,35,5,0,28,142,62,86,20,41,18,7,30
2,203,210,130,205,77,183,36,174,4,149,119,73,81,25,41,21,10,29,135,60,85,1,34,3,2,26,144,57,89,0,36,5,0,28,141,64,86,20,41,19,6,30
2,203,210,130,206,76,183,36,174,4,149,118,72,80,24,40,20,9,28,134,60,84,1,32,2,1,25,142,57,88,0,35,5,0,27,140,65,85,20,40,19,6,31
2,202,211,128,206,76,183,35,173,3,149,120,72,82,25,41,22,11,30,136,60,86,1,34,3,2,26,144,57,90,0,35,5,0,28,140,65,85,20,40,19,6,30
2,203,212,130,207,76,184,35,174,2,150,122,73,81,26,40,23,9,31,137,60,85,2,33,5,1,28,145,57,89,0,35,6,0,29,142,64,85,21,40,19,5,30
2,203,212,130,207,77,184,36,175,3,150,120,72,81,25,40,22,10,30,136,60,84,1,33,4,1,27,145,57,89,0,35,6,0,29,142,65,86,20,41,19,7,32
2,204,214,130,209,77,185,36,177,3,152,118,74,79,27,39,23,9,32,133,62,83,3,32,5,1,28,143,59,89,0,35,7,0,30,141,66,86,20,40,20,6,33
2,200,212,128,208,75,185,35,176,2,151,118,74,79,27,39,23,9,32,133,61,83,3,33,5,1,27,142,58,88,0,35,6,0,29,139,65,84,20,39,20,6,32
2,200,212,128,207,75,184,35,175,3,150,119,73,79,25,39,22,9,31,135,60,83,2,32,5,1,28,143,58,88,0,34,7,0,30,140,65,84,19,39,20,6,33
2,199,210,125,205,72,183,31,174,0,149,115,74,76,28,38,25,9,34,131,61,81,4,31,5,0,29,140,58,87,0,34,6,0,29,139,64,85,18,40,18,6,30
2,202,210,128,205,74,182,34,173,2,149,117,72,78,25,39,22,10,31,133,59,82,2,32,4,1,27,142,56,87,0,34,7,0,30,140,64,84,19,39,19,5,32
2,200,210,127,204,75,182,34,173,2,150,116,72,77,24,38,22,9,32,132,59,81,2,31,5,1,28,141,57,86,0,33,7,0,30,139,64,84,19,38,20,5,33
2,200,210,128,205,74,183,34,174,2,150,115,72,77,25,38,22,9,32,131,60,81,2,31,5,1,28,141,57,87,0,34,6,0,30,139,64,84,19,39,19,6,32
2,198,209,128,205,74,183,33,173,1,150,116,72,78,26,38,23,9,32,131,60,82,2,31,5,1,27,139,57,87,0,33,6,0,28,137,64,84,19,39,18,7,32
2,203,211,132,205,82,182,40,173,5,151,127,70,87,25,45,24,14,32,142,57,87,3,36,7,5,30,149,55,90,0,36,7,0,29,143,63,87,19,43,18,10,30
2,203,212,129,205,80,181,39,172,7,149,135,68,92,22,48,21,16,30,149,57,91,2,38,5,6,28,154,57,94,0,37,6,0,26,145,67,88,20,42,19,9,30
2,202,213,130,205,81,181,38,172,3,152,135,69,91,22,47,21,15,30,150,58,91,1,37,5,6,28,155,58,94,0,36,5,0,24,145,69,88,19,42,17,9,29
2,205,214,132,205,83,181,41,172,5,152,139,69,94,22,49,21,17,30,154,57,94,2,38,5,6,28,158,58,96,0,38,5,0,24,147,68,89,19,44,17,10,29
2,201,211,130,204,80,181,38,173,4,151,136,68,92,21,47,20,15,29,151,57,91,1,37,5,5,27,155,58,94,0,36,5,0,24,145,68,88,20,43,18,10,28
2,202,213,128,204,78,181,36,173,3,150,131,69,88,21,46,21,14,31,146,57,88,1,36,5,5,29,151,57,92,0,36,5,0,25,143,67,86,19,42,17,10,29
2,199,211,128,204,77,180,35,172,2,150,128,70,86,25,43,22,13,32,142,59,87,2,35,5,4,28,148,58,90,0,35,5,0,26,140,67,84,20,39,18,6,30
2,199,212,127,206,76,183,35,174,2,150,129,70,86,23,43,21,13,32,143,59,87,1,34,5,4,28,149,60,90,0,34,5,0,26,141,70,85,22,40,19,8,31
2,201,213,128,207,77,184,35,176,2,153,129,71,86,25,43,24,13,35,144,59,87,3,34,7,4,30,149,59,90,0,34,7,0,30,141,69,85,21,40,20,8,33
2,197,212,126,207,75,183,33,174,0,151,123,71,82,24,39,21,10,32,138,59,85,1,33,3,2,26,145,58,89,0,34,5,0,26,139,68,85,21,40,18,8,30
2,201,213,128,206,76,183,34,174,2,151,125,73,85,27,43,25,13,34,140,61,87,4,35,6,3,29,147,59,91,0,35,6,0,28,141,66,85,19,40,19,8,32
2,198,211,127,205,76,183,35,174,2,151,124,73,82,27,41,24,12,32,139,60,86,2,33,4,2,27,145,57,90,0,34,5,0,27,140,65,85,19,40,18,8,31
2,202,213,128,207,78,183,36,175,4,152,131,72,88,25,46,24,15,34,146,60,89,3,36,7,5,31,151,59,92,0,36,7,0,28,142,68,86,20,41,20,8,33
2,200,212,128,206,76,184,35,175,3,151,126,74,85,27,42,24,12,33,141,61,88,3,34,5,2,27,147,59,91,0,35,5,0,27,141,66,85,19,40,19,8,32
2,199,212,127,206,76,183,35,174,3,150,124,74,84,27,43,25,13,34,139,61,86,3,35,6,4,29,146,59,90,0,35,6,0,27,140,66,85,20,40,19,8,31
2,203,213,129,206,78,183,36,174,2,152,124,74,84,27,43,24,13,32,139,61,87,3,35,6,3,28,146,58,91,0,36,6,0,27,140,65,85,18,41,18,8,31
2,198,210,126,207,74,184,33,175,0,151,117,75,78,28,38,26,11,36,132,61,83,3,32,7,4,32,141,57,88,0,34,8,2,33,137,63,82,18,37,20,6,36
2,198,212,126,208,73,185,32,175,0,151,118,76,78,30,39,27,12,38,133,62,82,4,31,8,3,34,140,58,86,0,32,10,0,35,135,63,81,17,35,21,5,38
2,198,213,125,207,73,184,32,176,0,152,120,74,79,26,38,25,11,37,135,61,83,3,31,7,2,33,142,58,87,0,32,9,0,33,136,65,82,18,37,21,6,37
2,199,213,125,207,73,184,32,175,0,152,120,76,79,30,39,28,12,39,135,62,83,4,31,9,3,34,142,58,88,0,33,9,0,33,137,64,82,16,37,20,7,37
2,198,213,125,207,73,185,32,176,0,152,120,78,80,32,40,29,12,39,135,64,83,6,32,9,2,34,142,59,88,0,33,9,0,33,136,64,81,16,37,20,7,37
2,200,211,126,206,74,184,33,174,1,151,119,77,79,30,40,27,13,36,134,62,84,4,32,7,4,32,141,57,88,0,33,8,0,32,136,61,82,15,37,18,5,35
2,197,212,125,208,72,185,31,176,0,151,119,77,78,30,38,27,12,37,134,63,83,4,32,7,4,33,142,59,87,0,33,8,0,33,137,64,81,18,36,20,5,36
2,197,212,124,206,73,184,32,175,0,151,120,76,80,30,40,27,13,37,135,62,85,4,34,8,5,33,142,59,88,0,34,8,1,32,136,65,81,17,37,20,6,36
2,199,209,126,206,72,184,32,174,1,149,116,77,76,30,37,27,10,36,131,62,81,3,30,6,2,32,139,58,86,0,32,8,0,31,135,62,81,17,36,19,4,34
2,194,210,123,207,71,185,30,177,0,152,114,78,75,30,36,28,10,38,128,64,79,4,29,9,3,35,136,59,85,0,31,10,0,35,133,64,80,18,35,21,5,38
2,198,210,125,206,72,184,31,176,1,151,115,77,75,29,37,26,11,37,130,63,81,3,31,7,3,33,139,59,86,0,32,8,0,33,135,64,80,18,36,20,5,36
2,200,211,127,207,74,185,32,176,0,152,114,76,75,30,37,27,12,37,130,62,81,4,31,7,3,32,139,58,86,0,33,8,2,33,137,63,83,18,38,20,6,36
2,199,210,126,207,72,184,32,174,0,150,114,78,76,32,38,28,11,38,129,63,82,5,32,8,4,32,138,58,87,0,34,8,1,32,136,61,83,16,38,19,6,34
2,196,210,125,207,73,184,33,174,0,151,113,78,75,33,37,30,11,39,128,63,80,5,30,8,2,32,136,57,85,0,32,7,0,31,132,60,79,16,34,19,3,36
2,200,211,126,206,74,184,34,174,3,148,118,78,78,31,39,28,13,38,133,63,83,4,31,8,4,33,140,57,86,0,32,8,0,33,135,60,80,15,35,19,4,35
2,199,211,126,207,74,185,34,175,2,149,115,77,76,31,38,28,12,39,130,62,81,4,31,8,3,33,139,57,86,0,33,8,0,33,135,61,81,16,37,19,6,36
2,196,213,125,209,72,186,31,177,1,150,114,76,74,29,34,27,8,39,130,62,79,3,28,9,1,35,138,59,85,0,31,10,0,35,135,65,80,19,35,22,4,38
2,196,209,125,206,74,184,34,174,3,149,116,76,77,30,39,28,13,37,131,62,81,4,31,7,3,32,138,57,86,0,32,8,0,32,134,61,80,17,36,19,5,35
2,196,210,125,206,72,185,32,175,2,149,112,78,74,32,35,28,10,38,127,64,79,4,30,7,2,32,135,58,85,0,32,7,0,31,133,62,79,17,35,20,3,35
2,195,208,124,205,72,184,32,175,2,149,113,77,74,31,36,29,10,39,127,63,79,4,29,8,2,34,136,58,84,0,32,9,0,33,133,61,79,16,35,19,4,36
2,194,210,124,207,72,185,33,177,2,151,115,76,74,28,34,27,10,40,130,63,78,3,28,9,3,35,138,59,84,0,30,10,0,35,135,65,79,18,35,22,5,40
2,195,209,124,206,72,184,31,175,2,149,111,77,73,31,35,29,10,39,126,63,78,4,29,8,2,33,135,58,84,0,32,8,0,33,134,62,81,18,37,20,6,35
2,197,210,126,207,74,184,33,175,3,149,114,77,75,31,37,28,11,38,129,62,81,4,31,7,3,33,138,57,86,0,33,8,0,33,136,62,82,18,38,20,7,35
2,196,210,125,206,73,184,32,175,2,149,114,75,75,29,36,27,11,38,129,61,80,4,30,8,3,33,138,57,85,0,32,9,0,33,134,63,80,18,36,20,5,36
2,194,212,123,209,71,186,31,177,0,151,113,77,73,30,34,28,9,39,128,63,78,4,28,8,1,34,136,59,84,0,31,9,0,33,134,64,80,19,35,21,4,37
2,195,212,125,209,72,186,32,176,1,150,114,77,74,30,35,28,10,39,129,63,80,4,30,8,2,33,138,59,85,0,32,9,0,33,135,64,81,19,36,21,5,36
2,196,213,125,208,73,185,33,176,2,150,118,75,77,29,38,27,13,38,133,62,82,3,32,8,4,33,140,58,86,0,33,9,0,33,135,65,80,18,37,20,6,36
2,194,212,123,209,71,186,31,177,1,151,112,77,73,30,35,28,9,40,127,64,79,4,29,8,1,34,136,60,84,0,31,9,0,34,133,65,80,19,36,21,5,37
2,195,211,125,207,73,185,33,176,3,150,114,78,74,32,36,29,10,39,128,63,80,5,30,8,1,33,137,59,85,0,32,8,0,32,134,63,81,17,37,20,6,36
2,195,209,124,208,73,186,33,176,1,151,112,78,74,32,36,29,11,38,127,63,79,4,29,8,2,33,135,58,84,0,32,8,0,33,133,62,80,17,35,20,4,36
2,192,212,123,209,71,186,31,176,0,151,113,78,73,30,34,28,10,40,127,64,78,4,28,9,2,35,136,60,83,0,31,10,1,35,133,65,79,19,35,22,6,39
2,195,209,124,207,72,185,32,176,2,151,112,78,73,31,35,30,11,40,127,64,78,4,29,9,2,35,136,59,84,0,31,10,0,35,134,63,80,17,35,21,4,38
2,195,209,123,205,72,184,31,175,2,149,114,76,74,28,35,27,11,39,128,62,79,3,29,7,2,34,136,58,83,0,31,8,0,33,133,64,79,18,36,20,7,36
2,194,209,123,206,72,184,31,175,1,149,110,76,72,30,35,27,10,38,124,63,78,3,29,7,2,33,133,58,84,0,32,8,0,32,132,62,80,17,36,19,5,34
2,196,209,125,206,73,184,34,174,2,150,113,76,73,29,35,27,11,38,128,62,78,4,28,9,2,35,136,57,83,0,30,9,0,34,134,62,79,15,35,19,5,38
2,194,211,124,208,72,186,32,177,2,151,113,77,72,28,33,28,10,40,128,63,77,3,27,10,1,37,137,58,82,0,29,10,0,37,134,64,78,17,34,22,5,40
2,198,209,125,206,74,184,34,175,3,150,115,77,76,30,39,28,14,38,129,63,81,4,31,8,4,33,136,58,84,0,31,9,0,33,132,62,78,16,34,20,4,36
2,196,210,125,207,74,185,34,176,4,150,115,77,75,31,36,28,11,39,130,63,80,4,29,8,2,33,138,58,86,0,32,8,0,33,135,62,82,17,36,20,5,36
2,196,210,126,207,74,186,34,176,4,150,114,79,76,33,37,30,12,39,129,64,80,5,30,9,2,34,137,58,85,0,32,9,0,33,134,61,81,16,36,20,5,36
2,195,209,124,206,72,185,32,175,1,150,112,76,74,29,37,27,12,38,127,62,79,3,31,7,4,33,136,58,85,0,32,8,0,32,134,63,80,17,36,19,6,35
2,193,209,123,207,72,185,32,175,1,150,113,78,74,32,36,29,10,39,128,63,80,4,30,9,2,34,136,58,85,0,31,9,0,33,133,62,80,16,35,20,5,37
2,194,210,124,207,72,185,32,176,1,151,111,78,73,32,35,30,10,41,126,63,79,5,30,10,3,36,135,58,85,0,32,10,0,35,133,63,80,17,35,21,5,38
3,68,317,27,289,0,239,14,194,49,171,16,155,8,82,8,38,9,0,59,160,64,150,57,206,49,247,97,174,99,172,81,225,69,261,132,196,129,192,110,229,96,254
3,68,318,26,288,0,238,14,193,50,170,16,154,8,82,8,38,10,0,58,160,64,149,56,205,49,248,97,174,98,172,81,225,68,262,131,196,128,192,109,229,95,255
3,68,318,26,288,0,239,13,193,48,169,15,156,7,83,7,39,8,0,58,162,63,149,56,205,48,248,96,177,97,172,80,226,67,263,130,199,127,193,107,232,93,258
3,69,317,27,289,0,240,14,195,50,171,16,155,9,82,9,38,11,0,58,161,66,150,58,207,50,250,97,175,100,173,83,227,69,264,131,197,130,193,110,231,96,257
3,69,319,27,289,0,239,14,194,49,170,15,156,8,83,8,38,10,0,58,161,64,150,57,207,49,248,97,176,99,173,82,227,69,263,131,198,130,193,110,231,96,256
3,70,318,27,290,0,240,13,195,47,171,15,156,8,83,7,39,9,0,58,160,64,151,56,208,49,250,97,175,99,173,82,227,69,264,132,196,130,193,110,231,96,257
3,69,318,27,289,0,239,13,193,48,169,14,157,7,83,7,39,8,0,57,162,63,150,56,207,48,250,96,177,98,172,82,226,69,263,131,198,129,190,111,228,97,255
3,69,316,27,288,0,239,13,195,47,168,14,155,7,82,7,38,9,0,58,161,63,149,55,206,48,249,97,176,98,171,80,226,68,263,132,198,129,191,109,229,95,256
3,68,317,26,288,0,239,12,193,47,169,14,154,6,82,6,38,8,0,57,159,61,147,54,204,48,246,97,173,96,170,80,224,68,261,132,196,128,188,109,226,97,252
3,68,316,26,287,0,239,14,194,48,169,15,154,7,83,7,39,10,0,58,159,63,148,56,204,49,246,97,174,97,171,81,224,69,260,132,196,129,188,110,225,97,250
3,69,314,27,285,0,237,14,192,48,168,16,151,8,80,7,37,9,0,59,156,63,146,56,202,48,244,98,171,98,169,80,223,68,258,133,193,129,188,110,225,96,251
3,69,315,27,286,0,237,13,192,47,167,15,153,7,82,7,38,9,0,58,158,63,147,55,203,48,246,97,173,97,170,80,224,68,260,132,196,128,189,109,226,96,253
3,70,311,27,282,0,235,14,191,47,166,16,149,8,80,7,37,9,0,58,153,62,148,54,203,48,244,96,167,96,170,78,221,67,256,131,189,127,187,107,224,92,249
3,68,295,27,264,0,216,9,169,43,146,11,150,4,78,4,36,7,0,51,157,54,129,47,179,42,218,87,171,84,156,69,203,61,234,121,190,112,176,93,207,80,230
3,62,273,25,247,0,204,6,159,37,135,11,139,3,72,2,34,3,0,49,145,53,122,46,170,40,208,83,157,84,144,68,191,58,222,115,175,113,164,94,195,82,217
3,62,266,26,241,0,200,6,156,36,132,11,138,2,72,2,34,2,0,47,143,52,119,46,167,41,204,80,154,82,141,68,186,58,217,111,170,110,157,94,187,82,209
3,58,257,23,233,0,192,6,151,34,127,9,133,1,69,0,32,0,0,44,137,48,113,43,159,38,195,76,148,77,134,64,179,55,209,106,164,104,151,88,181,77,202
3,56,251,23,227,0,187,7,147,35,124,9,128,2,67,1,32,2,0,43,133,48,111,43,156,38,192,75,144,76,133,63,176,55,205,104,160,102,150,87,178,75,199
3,56,247,22,224,0,184,7,144,34,120,9,127,2,67,2,31,3,0,42,132,48,110,43,154,38,189,73,142,76,130,63,172,54,201,102,157,102,145,86,174,74,194
3,54,244,20,220,0,180,9,141,33,118,9,125,3,66,2,31,2,0,42,130,47,108,42,151,37,186,72,140,74,128,62,169,53,198,99,156,98,143,84,170,73,191
3,52,240,20,216,0,177,8,139,33,118,8,121,3,64,3,30,4,0,41,127,48,106,42,149,37,183,71,137,74,125,62,166,53,194,98,153,99,139,85,165,74,185
3,52,238,20,215,0,176,7,138,33,116,8,122,2,64,2,30,3,0,40,127,46,106,41,149,36,182,70,137,73,125,61,165,53,193,97,152,98,138,84,165,74,184
3,53,236,21,213,0,174,8,137,33,115,8,121,3,63,2,29,3,0,40,126,46,105,42,146,37,179,70,136,73,124,61,163,53,191,97,150,97,138,83,164,73,183
3,52,234,21,212,0,174,9,137,34,116,8,118,3,62,3,29,4,0,41,123,46,102,41,145,36,178,71,134,72,122,60,163,52,190,97,149,97,136,83,162,73,181
3,51,234,19,212,0,174,8,137,32,116,6,119,1,63,1,30,2,0,38,124,45,104,40,146,36,180,68,134,71,125,59,165,51,191,95,149,95,139,82,166,72,184
3,51,232,20,210,0,172,8,135,32,113,6,119,1,63,1,29,2,0,38,123,44,102,40,144,35,177,68,132,70,122,59,161,51,189,94,147,94,137,80,163,69,182
3,49,231,19,208,0,170,8,134,32,113,7,116,2,61,2,29,3,0,38,121,44,101,39,142,34,176,67,131,69,121,57,160,49,187,93,146,93,135,79,162,70,181
3,48,231,18,208,0,170,7,134,31,111,6,117,2,62,2,29,3,0,37,122,44,102,39,143,34,175,66,132,70,120,58,159,49,185,92,147,93,135,79,161,69,179
3,48,228,18,205,0,168,8,132,31,110,7,116,2,61,2,29,4,0,38,121,45,102,40,143,35,175,66,130,71,121,59,159,50,185,92,144,94,134,81,159,70,177
3,48,230,18,207,0,169,6,133,30,112,6,117,2,62,2,29,4,0,37,122,45,103,39,144,34,177,66,132,70,122,58,161,50,187,92,147,93,135,80,160,70,179
3,50,236,19,213,0,176,7,139,32,117,6,120,2,63,2,30,4,0,39,125,46,105,41,147,36,180,68,136,72,125,59,165,51,192,95,151,96,140,82,166,71,185
3,50,243,18,219,0,180,9,143,34,122,9,124,5,66,5,31,6,0,42,130,46,112,40,154,35,185,71,141,72,130,60,170,52,196,98,156,97,143,83,170,73,189
3,52,250,19,226,0,186,11,148,37,126,10,127,6,67,8,31,10,0,43,132,51,118,44,161,37,193,74,143,78,137,63,177,53,203,102,159,104,149,89,175,77,195
3,55,260,21,235,0,194,10,155,38,132,11,133,7,70,9,33,12,0,46,138,54,124,47,169,40,203,78,149,81,144,67,185,57,212,107,166,109,159,92,186,80,204
3,57,267,21,241,0,200,11,161,41,137,12,135,8,72,10,33,13,0,48,141,57,128,48,175,41,210,80,154,85,150,68,192,57,221,110,173,112,166,94,194,81,215
3,57,269,22,242,0,201,11,161,40,138,12,135,7,72,9,34,12,0,49,138,55,128,47,175,40,210,83,150,85,149,68,193,57,224,113,168,113,163,96,191,83,213
3,59,278,22,251,0,208,11,167,41,144,12,141,7,75,8,35,11,0,50,145,54,132,47,179,41,215,84,157,84,151,69,196,58,228,116,175,112,165,95,194,81,217
3,61,283,23,256,0,213,11,172,43,148,12,142,6,77,8,36,11,0,51,145,56,135,48,185,42,222,86,158,87,156,70,202,59,235,119,177,116,172,97,202,82,224
3,62,286,23,260,0,216,13,176,44,153,14,143,8,77,9,36,12,0,53,146,59,140,51,190,44,227,89,158,90,161,73,207,61,239,122,177,118,177,99,209,83,232
3,62,288,22,260,0,216,11,176,41,153,13,145,6,77,7,36,9,0,53,149,58,138,50,188,43,225,89,161,90,159,74,205,62,238,122,180,120,173,102,203,88,227
3,63,289,24,261,0,218,11,177,42,154,13,144,6,77,6,36,9,0,53,147,57,138,49,188,43,226,90,160,89,159,73,207,62,240,123,180,120,174,101,206,87,229
3,63,288,24,261,0,217,11,176,41,153,13,143,6,76,6,36,8,0,53,147,56,135,48,186,42,223,89,159,87,157,72,205,61,237,123,179,118,172,100,203,87,226
3,63,285,24,257,0,214,11,173,42,150,13,143,6,76,6,36,8,0,53,147,57,135,49,184,43,221,89,159,89,156,72,203,61,235,122,177,119,170,100,201,87,225
3,62,283,23,256,0,212,10,171,40,148,13,143,6,76,6,35,7,0,52,147,55,133,47,182,41,219,88,160,87,156,71,202,60,234,121,180,117,172,99,202,86,225
3,61,283,23,256,0,213,10,172,40,148,12,143,5,76,5,35,8,0,51,148,56,132,48,182,42,219,87,161,88,155,72,202,61,234,120,180,118,171,100,203,87,226
3,62,285,24,258,0,214,8,171,40,146,11,146,4,77,5,36,9,0,50,151,54,130,47,180,41,218,86,164,86,153,70,201,60,234,119,183,116,171,98,202,85,226
3,63,286,25,259,0,216,9,173,40,148,11,148,4,78,5,36,8,0,50,153,55,135,48,185,42,223,86,166,86,156,72,203,62,236,120,184,116,171,99,203,87,226
3,61,284,23,257,0,214,9,172,38,148,11,145,3,77,4,36,7,0,49,151,53,133,46,183,41,220,85,164,85,156,69,202,60,234,118,183,115,172,97,202,85,225
3,62,284,24,257,0,214,8,171,38,146,11,145,3,77,4,36,7,0,49,151,53,131,47,180,41,218,86,164,85,154,69,201,60,233,119,183,115,171,97,202,84,225
3,62,285,24,257,0,214,9,171,39,145,12,146,4,77,5,36,8,0,50,152,54,132,47,181,41,220,86,165,86,155,70,202,60,234,119,183,116,172,98,203,85,226
3,62,284,24,256,0,213,9,171,40,147,11,144,4,76,5,35,8,0,50,149,54,133,48,182,42,220,86,161,86,155,70,201,60,234,119,180,115,172,98,203,85,226
3,62,283,24,254,0,212,10,170,41,146,12,144,5,76,6,35,8,0,50,149,55,132,48,181,42,219,86,162,86,156,71,201,61,233,119,181,116,172,99,202,86,225
3,62,282,23,255,0,211,9,169,40,146,12,144,5,76,5,36,8,0,50,149,57,133,49,183,42,221,86,162,88,156,72,202,60,234,118,181,118,172,99,203,85,226
3,62,282,24,255,0,212,10,170,41,145,11,144,4,77,5,36,8,0,50,149,55,130,48,179,43,218,86,162,86,155,70,200,60,232,119,180,116,170,98,200,85,223
3,61,283,24,255,0,212,9,169,39,144,11,145,4,77,5,36,8,0,50,150,55,130,48,179,42,217,85,163,86,154,70,201,60,232,118,182,116,172,98,203,85,225
3,62,285,24,257,0,214,9,171,38,144,9,146,3,77,4,36,7,0,48,151,53,130,47,180,41,219,84,165,85,154,70,201,60,234,116,184,115,171,97,203,84,226
3,61,282,23,255,0,212,9,171,38,145,10,145,3,77,4,36,7,0,49,149,54,132,47,181,41,219,85,162,85,154,70,201,60,233,118,180,116,170,98,201,85,223
3,61,282,23,255,0,212,10,172,40,148,12,144,5,76,6,35,9,0,50,150,55,132,48,182,42,220,86,163,87,155,71,201,61,233,118,182,117,171,100,201,87,224
3,62,284,24,256,0,213,10,172,40,147,12,145,5,77,6,36,9,0,50,151,55,133,48,182,42,220,86,164,86,155,71,202,61,234,118,183,116,171,98,202,85,225
3,60,283,22,255,0,212,9,171,39,147,11,145,4,76,5,35,8,0,49,151,55,134,48,183,42,221,85,164,87,157,71,202,60,234,117,183,117,172,99,202,86,225
3,61,285,23,258,0,215,9,172,38,147,9,147,3,77,5,36,7,0,48,153,53,135,47,184,40,221,84,166,85,158,70,204,59,236,116,185,115,174,98,205,85,228
3,61,283,23,256,0,214,8,172,37,147,10,146,4,77,5,36,8,0,49,151,55,134,48,183,42,220,84,164,87,157,71,203,61,234,117,182,117,172,100,203,86,226
3,60,282,23,256,0,214,9,173,37,148,9,143,3,76,5,35,8,0,48,148,54,132,47,182,41,219,84,162,85,156,69,203,59,235,117,181,115,173,97,205,84,227
3,61,282,23,255,0,212,11,171,39,147,10,143,4,76,6,35,8,0,49,149,55,132,48,181,41,219,85,161,86,155,70,201,59,233,117,180,116,171,98,202,84,224
3,61,281,23,254,0,212,9,171,38,146,10,144,3,76,4,36,7,0,48,148,54,134,47,183,41,220,84,161,86,156,70,202,59,234,116,179,115,173,97,204,83,227
3,62,281,23,255,0,212,10,170,38,145,10,144,3,77,5,36,7,0,48,149,53,132,47,181,41,219,84,161,85,155,69,201,59,233,116,180,115,170,97,200,85,223
3,62,278,24,253,0,211,9,170,37,145,11,143,4,75,5,35,7,0,48,147,52,131,46,180,41,217,83,159,84,152,69,198,60,229,115,178,114,168,97,198,86,220
3,61,282,23,255,0,213,9,172,37,146,10,145,4,77,5,36,8,0,49,149,54,134,47,183,42,222,84,162,84,157,69,203,60,235,116,180,113,173,97,203,85,225
3,60,281,23,254,0,212,9,170,37,145,9,145,3,76,4,35,7,0,48,150,55,132,48,182,42,220,83,162,86,156,70,202,60,234,116,181,115,173,97,204,84,226
3,60,283,23,254,0,212,9,172,38,147,10,146,3,77,4,36,7,0,48,151,53,131,46,180,41,218,84,164,85,156,70,201,60,233,116,183,115,172,98,202,85,224
3,61,282,23,254,0,211,10,170,39,146,11,145,3,77,5,36,7,0,49,150,53,131,47,180,41,218,85,162,84,154,69,200,60,232,117,180,114,171,97,201,85,223
3,60,281,23,254,0,212,8,171,36,146,10,144,3,76,4,36,7,0,48,148,53,131,47,180,41,218,84,161,84,155,70,201,60,232,117,179,115,171,98,201,86,224
3,61,281,23,254,0,211,10,170,39,146,11,143,4,76,5,35,8,0,49,148,54,131,48,179,42,217,85,161,85,155,70,201,60,232,117,179,115,171,98,202,86,224
3,61,281,23,254,0,211,10,169,38,145,12,144,4,76,5,35,7,0,50,149,52,129,46,177,41,215,85,161,83,153,69,199,60,231,118,179,113,168,97,198,86,221
3,61,281,23,253,0,211,9,170,37,145,11,143,4,76,5,36,7,0,49,148,54,131,47,180,41,218,85,160,85,154,70,200,60,232,118,178,115,169,98,199,85,222
3,62,281,24,254,0,211,9,169,39,145,10,144,4,76,5,35,8,0,49,149,55,129,48,179,42,218,85,162,87,154,71,201,60,232,118,181,117,171,100,202,87,224
3,61,279,23,252,0,209,10,169,39,145,11,142,4,74,6,34,8,0,49,147,54,130,47,179,41,216,85,160,85,153,70,199,60,231,117,179,115,170,97,202,84,225
3,61,279,23,252,0,210,10,169,38,145,11,142,4,75,5,35,7,0,49,146,54,131,47,179,41,216,85,158,84,154,69,199,59,230,117,177,114,170,96,200,84,222
3,61,279,23,252,0,209,9,168,38,144,11,142,4,75,5,35,8,0,49,147,54,130,47,179,41,216,85,159,84,154,69,198,60,229,117,178,114,170,97,199,84,221
3,61,278,24,251,0,209,9,168,38,143,11,142,4,75,5,35,8,0,49,147,54,130,47,178,42,216,84,159,84,153,69,198,59,229,117,177,114,169,96,199,84,221
3,60,279,23,252,0,210,9,169,38,145,9,142,3,76,4,35,7,0,48,147,53,129,46,178,41,217,84,160,84,153,69,199,59,231,116,179,114,170,97,199,84,222
3,61,279,23,253,0,210,8,169,37,144,10,143,3,76,4,35,7,0,49,147,54,132,47,181,41,218,84,159,85,154,69,200,59,230,116,177,115,169,98,200,86,222
3,61,279,24,252,0,210,9,169,38,145,10,142,3,75,4,35,8,0,48,147,54,130,48,180,42,219,84,159,85,154,69,201,58,233,117,177,115,171,97,202,83,224
3,61,279,23,252,0,210,9,169,38,145,11,142,4,75,5,35,8,0,49,147,55,131,48,180,42,218,85,159,86,154,71,199,60,231,117,177,116,169,99,199,86,222
3,61,281,23,254,0,211,10,170,38,146,10,144,3,76,4,35,7,0,49,149,53,131,46,181,40,218,84,162,84,154,69,200,59,232,117,180,114,169,97,200,85,223
3,61,282,23,254,0,211,11,170,38,147,10,143,3,76,5,35,8,0,49,149,54,132,47,180,41,218,84,162,86,156,70,201,59,233,116,181,116,172,99,202,85,225
3,60,280,22,252,0,209,10,169,38,147,11,141,4,74,5,34,7,0,49,146,54,131,47,180,41,218,85,159,85,155,69,200,59,231,117,178,116,170,98,199,86,221
4,115,230,53,213,1,164,0,109,47,105,48,79,45,11,37,40,40,76,85,75,87,0,75,35,76,73,119,78,124,10,108,36,105,73,155,89,157,32,142,39,135,65
4,118,229,56,213,3,164,0,109,47,105,52,79,48,12,40,41,44,76,89,74,91,0,78,34,79,73,123,77,127,9,111,36,109,73,159,88,161,32,145,39,138,65
4,116,230,54,213,2,164,0,110,47,105,50,80,47,12,39,41,42,77,87,75,89,0,77,34,78,73,121,78,126,10,111,35,108,73,157,89,160,32,145,39,138,65
4,116,231,55,214,3,165,0,110,46,105,51,80,47,13,39,41,42,77,87,75,90,0,77,34,78,72,121,78,126,10,110,36,107,72,157,89,159,32,144,39,138,65
4,116,229,54,213,2,163,0,109,48,105,51,79,48,13,39,42,43,77,87,74,90,0,78,34,79,72,121,78,127,10,111,35,108,72,157,89,160,32,146,39,139,65
4,117,228,55,212,3,163,0,109,46,104,51,79,47,11,39,41,43,77,87,74,89,0,78,35,79,73,121,77,125,9,111,36,108,72,157,87,159,31,145,38,138,64
4,116,229,55,212,4,164,0,110,45,105,52,80,48,12,39,41,42,76,88,75,90,0,77,34,78,72,121,78,126,10,110,36,107,72,156,88,158,32,143,39,137,64
4,116,228,55,211,3,163,0,109,45,105,51,79,47,12,39,41,43,76,88,74,89,0,78,33,79,71,121,77,126,10,111,35,109,71,156,88,159,32,146,39,139,64
4,115,229,55,213,3,164,0,110,46,105,51,80,47,12,39,42,43,77,87,75,89,0,78,35,79,72,121,78,126,10,111,36,109,72,156,88,159,32,145,39,140,65
4,116,228,55,212,3,164,0,110,46,105,51,79,47,13,39,42,43,77,88,74,90,0,78,34,78,71,122,77,126,10,111,35,108,72,157,88,160,32,145,39,138,65
4,117,228,55,212,3,163,0,109,46,105,51,80,48,13,40,42,44,76,87,75,90,0,79,34,79,72,122,78,126,10,112,36,109,72,157,88,160,32,146,39,139,65
4,115,228,55,212,3,163,0,109,45,104,49,79,46,12,39,41,43,77,86,74,88,0,77,35,78,73,120,77,124,9,110,35,108,71,155,87,157,31,144,39,138,64
4,116,228,56,211,5,164,0,110,46,105,51,80,48,12,40,41,44,76,88,75,90,0,79,34,79,71,122,78,126,10,112,35,109,71,157,88,160,32,146,39,138,64
4,116,226,55,210,4,163,0,111,44,104,50,78,47,12,40,41,43,75,86,74,88,0,78,34,79,72,121,77,124,9,111,35,108,72,156,88,159,31,145,38,137,64
4,116,226,56,210,4,163,0,110,44,104,51,79,47,12,40,41,43,76,87,74,89,0,78,34,79,71,121,77,125,10,111,35,109,71,156,88,158,32,145,39,138,64
4,117,226,57,210,5,162,0,109,45,103,52,78,48,11,41,41,45,76,88,73,90,0,79,34,80,72,122,76,126,9,112,35,109,71,158,87,160,31,146,38,139,63
4,116,225,56,209,5,163,0,110,45,103,51,78,47,12,39,41,43,76,87,73,89,0,78,33,78,70,121,76,125,9,110,34,108,70,156,87,159,31,145,38,138,64
4,114,227,54,212,2,164,0,111,45,104,49,80,46,14,39,42,42,77,86,75,88,0,77,34,78,71,120,78,125,11,110,36,107,72,155,89,158,33,145,40,138,66
4,116,227,55,211,4,163,0,109,44,105,51,79,47,12,40,41,44,76,87,74,89,0,78,34,79,71,121,77,125,10,111,36,108,72,156,88,158,32,144,40,138,65
4,117,229,56,212,5,164,0,112,44,106,53,80,49,12,42,40,45,75,89,76,90,0,79,34,80,72,124,79,127,10,113,35,111,71,160,90,162,34,147,39,140,62
4,119,231,57,214,6,166,0,114,45,107,54,82,50,14,43,43,46,78,91,78,92,0,81,35,82,72,125,81,129,12,114,37,111,73,161,92,163,35,147,42,139,66
4,120,231,58,215,5,167,0,112,46,106,54,82,50,14,42,43,45,78,91,78,91,0,80,35,82,74,126,80,128,11,113,38,112,74,162,91,162,34,146,41,140,65
4,95,189,43,175,1,133,0,87,36,84,41,69,38,11,30,34,33,63,70,64,71,0,61,26,64,57,97,66,100,7,88,26,88,56,125,74,127,27,115,30,111,50
4,94,184,42,171,1,128,0,83,36,79,42,66,38,11,31,32,34,61,70,61,70,0,61,24,64,55,96,63,98,7,87,23,87,53,124,70,125,25,114,27,109,46
4,93,182,41,169,0,127,0,82,36,78,42,66,38,11,30,32,33,60,69,61,70,0,60,24,63,54,95,63,98,7,86,23,86,53,123,71,124,25,113,27,109,46
4,92,183,40,170,0,128,0,83,35,80,40,66,36,12,29,33,32,61,68,62,69,0,60,25,62,55,94,64,97,8,86,24,86,53,122,72,123,27,112,28,108,48
4,92,182,41,168,0,127,1,83,35,80,41,65,37,11,31,33,34,61,69,61,70,0,61,25,64,55,94,63,98,7,87,25,86,54,122,71,124,27,113,29,108,48
4,91,181,41,168,1,127,0,84,34,81,39,65,36,12,31,33,34,60,68,61,69,0,62,25,64,55,94,62,97,8,88,25,87,54,121,70,123,25,114,29,110,48
4,90,178,41,165,1,125,0,82,35,78,40,64,37,11,32,32,34,59,67,59,69,0,62,25,64,54,93,61,96,7,87,24,87,53,120,69,122,25,113,28,109,47
4,86,174,38,160,0,121,0,79,34,75,38,62,35,10,30,30,32,57,65,58,66,0,60,24,61,53,90,60,93,6,85,23,84,51,116,68,118,25,110,27,106,46
4,87,171,38,157,1,119,0,77,31,71,38,61,35,9,30,28,33,54,65,57,66,0,59,23,61,51,90,59,93,6,84,22,83,50,117,66,118,24,109,27,104,45
4,86,169,38,155,0,117,1,75,34,72,38,60,35,9,30,26,32,53,64,56,65,0,59,21,61,50,88,58,91,6,83,21,83,48,114,65,116,23,108,25,104,43
4,85,166,38,153,1,116,0,75,32,69,38,59,35,9,28,28,31,54,64,55,65,0,58,21,59,49,88,57,91,6,82,21,81,47,114,64,116,23,107,25,102,43
4,84,164,36,151,0,114,0,73,32,67,37,58,34,9,28,27,30,52,63,54,64,0,57,21,58,48,87,55,90,6,81,20,80,47,112,63,115,23,106,25,101,42
4,84,164,37,151,1,113,0,72,31,67,39,58,35,9,29,26,31,52,64,54,64,0,56,21,57,48,87,55,90,6,80,20,79,47,113,62,115,22,105,24,100,42
4,84,163,37,150,1,113,0,73,31,66,38,58,35,10,28,26,30,52,63,54,64,0,56,20,56,47,86,55,90,6,80,20,79,46,112,62,114,22,105,24,100,42
4,82,161,36,147,0,112,0,71,30,65,37,57,34,9,27,26,29,51,62,53,63,0,55,20,55,47,85,55,89,6,79,20,78,45,110,62,113,23,104,24,99,40
4,82,162,35,149,0,112,0,73,31,67,38,58,35,10,27,27,29,52,63,54,64,0,55,20,56,48,87,56,90,7,79,20,78,46,112,63,114,24,104,25,99,42
4,86,165,38,151,1,114,0,74,32,69,40,59,37,10,30,28,32,54,66,55,67,0,58,21,59,48,89,57,93,6,82,20,82,46,115,64,116,24,107,25,103,41
4,89,170,39,155,1,117,0,76,32,70,41,61,37,10,30,28,32,54,67,57,68,0,59,22,60,50,92,59,94,7,83,21,82,49,118,66,119,24,109,25,104,42
4,92,173,40,158,1,119,0,77,33,72,44,62,40,10,31,27,33,54,71,58,71,0,60,22,62,50,95,59,97,6,85,21,84,49,122,66,122,24,111,25,107,42
4,94,179,41,163,1,123,0,79,35,74,44,64,40,11,32,30,34,57,71,60,72,0,62,24,64,54,97,61,100,7,87,22,87,52,125,69,126,25,114,26,109,46
4,94,182,43,168,2,127,0,84,34,75,45,67,41,11,31,30,33,59,72,62,72,0,60,24,62,56,98,63,100,7,87,24,87,54,126,70,128,25,115,26,110,45
4,102,194,46,177,2,134,0,88,37,81,48,70,44,11,34,32,37,63,77,65,78,0,66,27,68,60,105,67,108,6,93,25,93,57,135,75,137,26,123,28,117,49
4,103,197,47,179,3,137,0,91,37,84,49,71,45,12,36,35,39,65,79,67,80,0,69,28,71,62,107,69,110,8,96,27,95,59,137,78,138,29,125,32,120,52
4,106,199,49,182,5,138,0,92,37,85,52,72,48,12,38,35,40,66,82,68,83,0,70,28,72,61,110,70,113,8,98,27,97,60,140,78,141,28,127,31,122,53
4,107,199,49,182,5,140,0,93,37,84,52,72,47,12,38,35,41,66,83,67,83,0,71,29,73,63,111,68,114,7,99,27,98,59,142,76,143,27,128,31,123,52
4,108,202,51,184,7,141,0,95,37,85,54,73,49,13,39,35,42,66,84,69,85,0,73,28,74,62,113,71,115,8,101,27,100,60,143,79,144,29,131,32,125,53
4,109,204,52,186,7,143,0,96,37,86,54,74,50,12,40,35,43,67,85,70,87,0,75,28,76,63,114,72,117,8,103,28,103,60,144,80,143,30,131,33,127,54
4,109,206,51,187,5,143,0,95,38,86,57,74,51,12,40,35,43,67,89,69,87,0,74,29,76,64,119,71,120,7,105,28,104,62,152,79,152,29,136,33,130,53
4,110,208,52,189,5,145,0,97,38,87,55,73,50,12,41,34,43,67,88,69,88,0,75,29,76,65,120,71,122,7,107,28,105,62,153,80,154,29,140,32,133,53
4,112,209,52,190,6,146,0,98,38,86,57,73,53,11,43,31,45,65,90,70,92,0,78,27,77,65,121,72,126,9,110,27,106,62,154,82,158,31,143,33,134,55
4,114,214,52,195,4,149,0,100,39,92,56,75,53,12,43,36,44,70,90,72,93,0,79,30,78,68,122,75,128,10,111,31,107,67,156,86,160,33,144,37,136,60
4,116,218,54,198,6,151,0,102,40,92,59,76,56,13,45,35,46,69,93,73,97,0,82,30,80,69,126,77,132,11,115,32,110,68,160,88,164,34,149,38,140,62
4,117,218,56,199,8,153,0,103,39,93,59,77,57,12,46,34,47,68,94,74,98,0,84,30,81,68,126,77,133,10,116,30,111,66,159,88,164,35,150,37,141,61
4,118,220,55,200,8,154,0,105,40,93,60,78,57,13,46,34,47,68,95,74,99,0,84,29,82,69,127,78,134,10,116,30,112,67,162,89,166,34,150,37,142,61
4,120,224,57,203,8,157,0,107,41,97,61,78,59,13,48,37,49,72,97,75,101,0,86,32,84,71,129,79,136,11,118,33,114,70,164,91,167,35,152,39,143,64
4,120,226,58,206,9,159,0,107,41,98,61,78,60,13,49,37,50,72,97,75,101,0,87,32,85,72,130,79,137,11,119,33,114,70,165,91,168,35,153,39,144,63
4,118,226,56,205,7,158,0,107,43,100,60,79,59,12,48,37,49,73,96,76,101,0,86,33,85,72,129,79,137,12,119,34,114,71,164,91,168,35,152,39,144,63
4,119,226,57,205,8,159,0,108,42,99,61,79,59,12,48,37,49,72,97,76,101,0,87,32,85,71,130,80,136,11,120,34,115,70,164,91,168,35,153,39,145,63
4,120,226,56,204,8,158,0,108,41,98,60,79,58,13,47,37,48,72,96,76,100,0,86,32,84,71,129,79,136,12,118,33,113,70,164,91,168,35,152,39,143,64
4,119,226,57,205,8,159,0,109,42,99,60,79,58,14,46,37,47,72,95,76,100,0,85,31,83,71,129,80,135,12,118,33,114,70,164,92,167,36,152,40,143,63
4,121,226,58,205,9,158,0,107,42,97,61,78,60,13,48,36,49,71,97,75,102,0,87,31,84,71,130,79,138,12,120,33,115,70,165,91,169,36,153,40,144,64
4,119,226,57,204,9,158,0,107,41,98,61,79,58,13,47,38,48,72,96,76,100,0,86,33,84,72,129,80,136,12,119,34,114,70,164,91,167,36,152,39,143,63
4,119,226,56,203,8,157,0,107,41,96,60,79,59,13,47,36,47,71,96,76,100,0,85,31,83,71,129,79,135,11,119,32,114,69,164,91,167,35,152,38,143,62
4,119,225,57,205,9,159,0,108,41,97,61,79,59,13,48,36,49,71,96,76,100,0,86,31,85,71,129,79,136,11,119,33,115,70,164,91,168,35,152,39,144,64
4,120,226,58,207,9,159,0,108,43,99,62,80,60,13,48,38,49,74,97,76,102,0,86,33,84,72,131,79,137,10,119,34,114,71,166,91,169,35,153,40,145,65
4,119,226,58,206,8,159,0,108,42,100,61,80,59,13,47,38,49,74,97,76,101,0,86,33,84,73,130,80,137,11,119,34,114,71,165,91,169,35,153,40,144,65
4,117,229,57,218,4,176,0,127,48,121,40,85,34,14,35,53,42,90,79,78,76,0,74,48,76,86,115,79,116,8,109,46,108,83,152,89,153,32,141,46,135,71
4,116,229,56,217,3,176,0,127,49,120,39,85,32,14,33,53,41,90,78,78,76,0,72,47,75,86,115,79,115,7,107,45,106,83,152,89,152,30,140,45,134,70
4,116,229,56,217,3,176,0,127,49,120,39,84,33,14,33,53,41,90,78,77,76,0,73,48,75,86,115,79,116,8,107,46,107,83,152,89,152,31,140,45,134,71
4,117,229,58,217,4,176,0,127,50,121,40,84,34,14,35,53,42,90,80,77,78,0,74,47,77,86,116,79,117,7,109,46,108,83,153,88,153,31,141,46,136,72
4,116,229,56,217,4,176,0,128,48,122,39,84,33,14,33,53,40,90,78,78,76,0,72,47,74,85,114,80,115,8,106,46,105,83,151,89,151,32,139,46,133,71
4,117,227,57,216,5,175,0,126,49,119,40,83,33,13,34,52,41,89,79,77,77,0,73,47,75,85,115,79,116,7,108,45,107,82,152,88,152,31,140,45,135,71
4,114,228,55,216,2,175,0,127,49,120,39,83,33,13,33,52,40,89,77,77,75,0,72,47,73,86,113,79,115,7,107,46,106,83,150,90,151,31,139,46,132,72
4,115,229,56,217,4,176,0,128,49,121,39,85,33,14,34,53,41,90,78,78,76,0,73,48,75,87,114,80,116,8,107,47,106,84,151,90,152,33,140,47,133,72
4,117,229,57,218,4,176,0,126,49,121,39,84,33,14,34,54,41,91,78,77,76,0,73,48,75,86,115,79,115,7,107,47,106,84,151,89,151,31,139,48,134,74
4,117,229,57,217,4,177,0,128,49,120,40,85,34,14,35,53,42,90,79,78,77,0,74,48,76,86,116,80,117,8,109,47,108,84,153,90,153,31,142,47,136,73
4,115,227,55,215,3,175,0,128,48,120,39,84,32,14,33,53,40,90,78,77,75,0,71,47,74,85,114,79,115,7,106,45,106,82,151,89,151,31,139,46,133,72
5,120,298,66,282,14,237,0,183,43,165,42,161,31,112,38,135,46,161,74,145,70,79,75,39,79,0,106,148,103,85,102,43,101,5,141,160,137,109,135,76,134,45
5,119,299,65,283,14,238,0,184,43,164,41,161,31,112,37,135,45,159,74,145,70,79,76,39,80,0,106,148,103,85,102,44,101,5,140,160,136,109,135,76,133,45
5,119,297,66,282,15,238,0,186,42,164,41,160,30,112,36,136,44,160,73,145,69,79,74,40,77,0,106,147,102,85,101,44,99,5,140,160,136,109,134,76,132,45
5,120,296,67,281,15,236,0,182,43,162,43,160,32,111,37,133,45,157,75,144,70,79,74,39,77,0,107,146,102,84,101,43,99,4,141,159,137,108,135,75,133,44
5,118,296,66,281,14,237,0,183,42,162,42,160,31,111,36,134,43,159,73,145,69,78,73,39,76,0,105,147,101,85,100,43,98,5,139,159,135,109,133,76,131,45
5,116,294,64,278,14,235,0,184,40,161,40,159,29,111,33,132,40,155,71,144,67,78,70,38,73,0,103,146,99,83,98,42,96,4,137,158,133,108,132,75,130,44
5,117,297,65,282,15,238,0,184,42,163,41,161,30,112,35,134,42,158,72,145,68,79,71,40,74,0,104,147,100,85,99,44,97,5,139,160,135,110,133,76,131,45
5,118,296,66,281,16,237,0,184,42,163,42,161,31,113,36,135,44,158,73,145,69,79,72,39,75,0,105,147,101,85,100,43,98,5,139,160,136,110,134,77,132,45
5,117,296,65,281,15,237,0,185,42,164,41,160,31,113,35,135,42,158,73,145,68,79,72,40,75,0,105,147,101,85,100,44,98,5,140,160,135,109,133,75,131,44
5,118,296,65,281,15,237,0,184,43,164,42,161,31,112,35,136,42,159,73,145,69,79,72,40,76,0,105,147,101,85,100,44,98,5,139,159,135,109,133,75,131,44
5,118,297,65,282,15,238,0,185,42,164,42,161,31,113,34,136,41,160,73,146,69,80,72,40,75,0,105,148,101,86,99,44,98,5,139,160,135,110,133,76,131,45
5,117,296,64,280,15,237,0,186,41,164,41,160,31,112,35,135,42,158,72,145,68,80,71,40,74,0,104,148,100,86,99,44,97,6,138,160,134,110,132,77,130,46
5,117,294,64,278,16,235,0,184,41,160,41,159,30,111,35,133,42,155,72,144,67,78,70,39,73,0,104,146,99,84,98,43,96,4,138,158,134,108,132,75,130,44
5,118,293,66,279,15,234,0,182,43,161,41,160,30,113,35,133,43,156,72,144,67,79,70,39,73,0,103,146,99,84,97,43,95,4,137,158,134,107,133,74,131,43
5,115,285,61,268,12,225,0,173,42,155,40,157,29,110,33,127,41,147,69,141,63,78,65,38,68,0,98,142,94,83,92,43,90,7,131,153,128,105,126,73,125,44
5,112,261,61,247,14,207,0,159,37,141,40,142,29,98,32,116,36,137,67,129,59,70,59,34,59,0,95,130,87,75,83,39,78,6,126,139,118,95,114,67,110,41
5,107,253,56,239,12,199,0,152,36,132,38,140,27,96,30,112,35,131,64,126,57,67,57,33,57,0,91,126,83,72,79,36,75,4,121,135,113,91,109,63,105,36
5,104,250,54,235,11,196,0,149,37,132,38,138,28,95,30,109,35,127,63,125,57,67,57,32,58,0,89,125,83,71,80,36,77,4,119,133,111,89,108,61,104,35
5,103,248,53,234,10,194,0,147,37,129,36,136,26,95,30,108,36,124,62,123,56,66,56,32,58,0,88,123,83,70,79,35,76,3,118,131,111,87,108,59,105,33
5,103,248,53,234,10,194,0,146,37,131,38,137,29,95,30,107,33,124,63,124,57,67,57,32,58,0,89,125,83,72,80,37,77,6,117,133,110,89,107,62,104,36
5,102,247,52,232,9,193,0,146,37,131,37,135,28,94,30,106,35,121,62,122,57,66,57,32,57,0,88,122,83,70,79,36,76,5,117,131,110,88,108,61,105,36
5,105,247,55,236,11,196,0,148,37,133,38,137,27,95,29,111,33,130,63,124,57,68,58,33,58,0,89,124,83,72,80,37,76,6,118,132,111,89,108,61,105,37
5,103,246,55,234,11,195,0,148,36,131,38,135,28,94,29,109,32,128,63,122,57,66,57,32,56,0,89,123,83,70,79,36,75,5,118,131,110,87,107,60,103,36
5,103,246,54,234,11,194,0,147,37,131,38,134,28,92,30,108,34,127,64,121,57,65,57,32,57,0,90,122,83,70,80,35,76,5,118,131,110,87,107,60,103,36
5,104,245,55,233,12,194,0,147,36,131,38,134,29,92,30,108,34,128,63,121,57,65,58,31,58,0,89,122,83,70,80,35,76,5,118,130,110,87,107,60,103,36
5,103,247,55,235,11,195,0,149,37,132,37,135,28,93,30,111,34,131,63,122,57,66,58,33,58,0,89,123,83,71,80,36,76,5,118,131,110,88,106,60,102,35
5,104,246,55,233,12,194,0,147,36,130,38,134,28,91,31,109,35,130,64,121,57,65,58,32,58,0,90,122,83,70,80,36,76,5,118,130,110,87,106,60,103,35
5,103,246,54,234,11,194,0,147,36,130,38,135,29,92,31,108,35,127,63,122,57,66,57,32,58,0,89,122,83,70,80,36,76,5,118,130,110,87,106,60,103,35
5,105,248,56,235,13,197,0,149,36,131,39,135,29,92,31,109,35,128,64,122,58,65,59,32,59,0,90,123,84,70,81,36,78,5,119,132,111,88,107,61,104,36
5,106,253,55,238,11,199,0,151,38,135,39,137,30,95,33,111,39,131,65,124,59,67,59,32,59,0,91,124,86,70,82,35,79,4,120,133,113,89,110,61,107,36
5,108,257,56,243,10,203,0,156,39,137,37,142,26,97,30,115,35,135,64,129,58,69,59,34,60,0,92,129,85,74,81,38,78,5,122,138,114,92,110,63,107,36
5,106,262,55,247,9,207,0,160,40,140,40,141,30,98,34,114,40,134,67,127,62,69,63,33,64,0,96,129,92,75,89,40,88,7,126,139,121,95,119,66,118,40
5,106,265,56,250,10,209,0,161,41,143,36,141,28,100,33,118,39,137,65,127,61,68,63,34,64,0,95,129,92,73,90,35,88,1,127,140,123,93,121,62,119,34
5,104,274,54,257,10,216,0,166,39,145,34,147,27,103,32,119,38,137,64,133,61,71,63,35,64,0,94,134,91,76,90,37,87,2,127,145,123,98,122,66,120,36
5,108,273,58,257,11,215,0,165,39,147,35,146,28,103,33,120,40,139,65,132,61,71,63,35,64,0,95,133,92,74,90,36,88,2,128,144,124,97,122,66,120,37
5,112,276,60,262,13,218,0,167,40,151,37,149,28,105,34,123,42,144,67,134,63,73,66,36,68,0,98,135,95,77,93,38,91,3,132,146,127,98,126,67,124,38
5,112,281,62,267,14,222,0,170,40,152,39,151,29,105,34,127,41,150,69,136,65,74,67,37,68,0,100,138,96,79,94,40,91,4,133,149,128,101,126,70,124,40
5,112,285,61,269,14,226,0,175,40,155,41,153,32,105,35,127,41,151,71,139,68,75,70,37,71,0,102,141,99,80,97,41,94,4,134,153,131,104,129,72,127,42
5,114,286,62,271,15,228,0,176,39,157,42,153,32,105,35,129,41,153,72,139,68,75,71,38,72,0,103,142,100,81,98,41,95,4,136,154,132,105,131,73,128,43
5,114,289,63,273,16,231,0,180,38,157,41,156,31,107,36,129,43,152,71,142,67,77,70,39,72,0,103,144,99,82,97,42,94,5,136,156,132,106,130,74,127,43
5,117,292,65,276,16,232,0,181,40,160,44,158,34,110,37,131,43,154,74,144,70,79,71,39,73,0,105,146,101,85,99,43,96,6,139,159,135,109,133,76,131,45
5,117,293,64,276,16,234,0,183,40,162,43,158,33,111,36,132,43,154,73,144,69,79,71,39,74,0,105,146,101,85,100,44,97,6,139,159,135,109,134,76,131,44
5,117,295,64,279,16,234,0,183,40,163,44,159,34,111,37,133,43,157,75,145,70,79,72,39,75,0,106,148,102,86,100,45,97,6,140,161,136,111,134,78,131,46
5,118,295,65,278,16,235,0,184,40,162,45,160,34,112,37,133,43,156,75,145,70,80,72,40,75,0,107,147,102,86,100,44,98,6,141,160,137,110,134,76,131,45
5,118,294,64,277,17,235,0,184,39,162,44,159,35,111,37,133,43,156,75,145,70,80,72,39,74,0,106,148,102,86,99,44,97,6,140,161,136,110,134,77,130,45
5,117,294,63,278,15,234,0,182,39,162,44,159,34,110,36,132,42,155,75,145,69,79,71,39,73,0,105,147,101,85,98,44,96,6,139,160,135,110,133,76,130,44
5,117,294,63,278,14,233,0,181,40,161,44,159,34,111,36,132,41,155,74,145,69,79,71,40,73,0,105,147,101,85,98,44,96,6,138,160,135,110,133,77,130,45
5,117,294,64,278,16,234,0,183,39,162,44,159,34,111,36,133,41,156,74,145,69,80,71,40,73,0,105,148,101,86,99,45,97,7,139,160,135,111,133,78,131,47
5,116,294,62,277,14,234,0,184,39,163,43,159,33,111,35,132,42,155,74,145,69,79,70,39,72,0,105,148,100,85,98,44,95,6,138,161,135,110,133,77,130,46
5,117,295,63,277,15,234,0,184,39,163,44,159,34,111,36,132,41,154,74,145,69,79,70,39,72,0,105,148,101,86,98,44,96,7,139,161,135,111,133,78,130,47
5,117,293,64,277,16,234,0,182,40,162,44,158,34,110,37,131,44,153,74,143,69,78,72,38,74,0,105,146,102,84,100,43,99,5,138,159,136,109,135,76,133,45
5,118,294,64,278,15,234,0,183,40,164,44,159,34,112,37,133,43,155,75,144,70,80,72,39,75,0,106,147,102,86,100,44,98,6,139,160,137,111,135,77,133,46
5,118,295,64,279,16,235,0,184,39,164,44,159,34,112,36,134,41,157,74,145,69,80,71,39,74,0,105,148,101,86,99,45,97,6,139,161,136,111,134,78,131,46
5,117,296,63,279,15,236,0,185,39,165,43,160,33,112,36,135,43,159,74,146,69,80,71,40,72,0,105,149,101,87,99,45,96,7,139,162,136,111,134,78,132,47
5,116,294,62,277,14,235,0,184,39,164,43,158,33,111,35,134,41,158,74,144,69,79,71,39,73,0,105,147,101,86,99,44,96,6,138,160,135,110,134,77,131,46
5,116,292,63,276,14,233,0,182,39,163,44,157,33,111,36,132,43,156,74,143,69,79,71,39,73,0,105,146,100,85,98,44,96,6,138,159,135,109,133,77,131,46
5,117,294,63,277,15,234,0,184,39,163,44,158,34,111,36,133,41,156,74,144,69,79,71,39,73,0,105,147,100,85,98,44,95,6,139,160,135,110,133,77,130,46
5,117,292,64,276,16,233,0,183,39,163,45,156,34,110,36,133,43,158,75,143,69,78,71,39,73,0,106,146,102,85,99,44,97,6,139,159,136,109,134,77,131,46
5,116,291,63,275,15,232,0,182,39,164,45,156,33,110,36,133,43,158,75,142,69,78,71,39,72,0,106,145,101,84,99,44,96,5,139,158,136,108,134,76,132,44
5,116,292,63,276,15,233,0,184,39,164,45,157,33,111,35,134,41,158,75,143,69,79,70,39,72,0,106,146,101,85,98,44,95,6,139,159,135,109,133,77,131,45
5,117,292,63,276,15,233,0,183,39,164,45,158,33,112,35,135,41,159,75,144,69,79,70,40,72,0,106,146,101,85,99,45,96,7,139,159,135,110,133,77,131,46
5,117,292,63,276,14,233,0,184,38,164,44,158,33,111,35,135,41,159,75,144,69,79,70,39,72,0,106,146,101,85,98,44,95,6,139,159,135,110,133,77,131,45
5,117,292,64,277,15,234,0,183,40,165,45,157,33,111,36,134,42,158,75,143,69,79,71,39,74,0,106,146,102,85,100,45,97,7,140,159,136,109,134,77,132,46
5,117,291,64,275,15,233,0,182,40,164,44,156,33,110,36,132,43,155,75,142,69,78,71,39,73,0,106,145,101,84,99,44,97,6,139,158,136,109,134,76,131,45
5,117,291,64,274,15,233,0,184,39,164,44,157,33,111,36,133,43,156,74,143,69,79,71,39,73,0,105,145,102,85,100,44,97,5,139,158,136,108,135,75,133,45
5,116,290,63,273,15,232,0,183,38,163,43,156,32,110,34,132,41,155,74,142,68,78,70,39,72,0,105,144,101,84,98,44,96,6,138,157,134,108,133,75,130,44
5,117,290,65,274,15,233,0,183,39,164,44,157,32,112,35,132,42,153,74,142,68,79,70,39,73,0,105,145,100,84,99,44,97,6,138,158,135,109,133,76,131,45
5,116,289,63,272,15,231,0,182,38,161,43,156,32,110,35,131,43,152,73,141,67,78,69,38,72,0,104,144,99,84,97,43,95,5,137,157,133,108,132,75,129,45
5,117,287,64,271,16,229,0,180,39,160,46,153,35,107,37,129,43,151,75,140,69,77,70,38,71,0,106,142,101,82,98,42,95,5,138,155,135,106,133,74,130,44
5,117,289,64,274,15,231,0,181,40,162,44,156,32,110,35,133,41,156,74,142,68,78,69,39,71,0,105,145,99,84,96,44,93,6,137,157,133,108,132,75,129,45
5,117,274,64,261,15,220,0,170,38,151,43,152,30,108,33,125,40,143,71,136,63,75,62,37,63,0,100,135,91,77,87,39,84,4,131,144,123,96,119,66,115,38
5,118,263,65,250,17,212,0,164,37,145,42,145,30,102,33,119,40,137,70,129,61,69,60,35,59,0,99,128,90,72,84,37,80,4,130,137,120,92,115,64,110,37
5,112,256,61,242,16,204,0,159,37,138,39,141,26,99,30,119,37,139,65,127,56,69,55,34,54,0,93,127,83,74,79,38,74,6,123,136,115,93,111,66,107,40
5,108,249,59,235,15,198,0,152,36,134,39,135,27,94,31,113,38,133,65,122,57,67,57,33,56,0,91,123,83,71,79,37,75,5,120,132,112,90,108,64,104,39
5,103,240,55,225,13,189,0,146,33,129,39,130,29,91,30,107,34,125,63,119,57,65,55,32,54,0,89,120,82,69,78,35,74,5,117,129,111,87,107,61,104,37
5,101,237,55,222,14,187,0,145,32,128,37,128,28,89,28,105,32,125,62,116,55,63,55,31,54,0,87,117,80,67,76,34,73,4,115,125,107,83,104,57,101,33
5,100,231,53,216,12,182,0,141,32,124,37,125,27,87,27,104,32,122,61,113,54,61,53,30,53,0,86,114,78,65,74,32,71,3,113,122,105,82,101,56,97,33
5,99,230,53,216,13,181,0,139,33,125,38,123,27,86,30,105,36,124,62,112,55,60,54,30,54,0,86,112,79,63,75,32,71,3,113,120,104,79,99,53,95,29
5,99,227,54,213,15,180,0,140,30,124,37,122,26,84,28,103,32,123,60,110,53,60,53,30,52,0,84,111,77,63,73,32,69,4,110,118,102,78,98,53,94,30
5,95,225,51,211,14,178,0,140,28,125,36,120,26,83,26,103,30,124,59,109,53,59,53,29,53,0,84,110,77,63,74,32,70,4,110,119,102,79,98,54,95,31
5,95,223,52,211,14,178,0,139,29,124,36,121,26,84,27,103,31,123,59,109,53,60,52,30,51,0,83,110,76,63,72,32,68,4,109,118,100,78,96,53,92,30
5,96,220,52,208,14,176,0,136,29,122,37,119,27,82,29,99,34,117,60,107,54,58,53,29,53,0,84,108,77,61,73,30,70,2,110,115,102,76,98,51,94,29
5,94,217,51,206,14,174,0,135,28,121,36,117,27,81,27,100,31,119,60,106,53,57,52,29,50,0,83,107,77,61,73,31,69,3,109,116,101,77,98,52,95,29
5,92,216,50,204,13,171,0,133,28,120,36,116,26,81,27,99,31,117,59,105,53,57,51,29,49,0,83,106,76,60,72,30,68,3,107,114,101,76,97,52,94,29
5,92,214,48,201,11,169,0,132,27,118,35,115,26,81,25,97,28,114,58,104,53,56,50,28,48,0,82,104,76,59,71,30,67,3,108,112,101,74,97,50,93,28
5,96,217,52,205,14,173,0,135,28,121,38,116,29,81,28,100,31,118,62,105,55,57,53,28,51,0,86,106,79,60,74,29,69,1,111,113,104,74,99,50,95,27
5,103,230,56,216,16,183,0,144,29,128,41,122,31,86,30,105,33,124,66,111,58,60,57,30,55,0,91,111,83,63,79,31,74,1,119,120,110,80,106,55,103,30
5,107,237,59,224,16,190,0,150,31,133,42,128,33,90,33,109,35,128,68,116,60,63,59,31,57,0,94,117,87,67,81,34,76,3,123,125,114,84,110,58,106,33
5,112,245,62,232,18,197,0,155,32,141,47,132,36,93,35,114,37,134,73,120,64,66,60,33,56,0,100,120,90,70,84,36,77,5,129,129,118,86,113,59,107,34
5,112,245,63,232,20,198,0,158,31,141,46,133,34,94,32,116,35,139,72,120,62,67,59,34,56,0,98,122,89,70,82,37,75,5,127,131,118,89,113,61,108,35
5,113,248,64,235,20,200,0,160,31,142,47,133,34,93,32,118,35,141,72,121,62,67,59,34,56,0,99,122,89,71,82,36,75,4,128,132,118,89,112,61,107,35
5,114,248,65,235,21,201,0,159,32,141,47,134,35,93,33,118,36,141,73,121,63,67,60,34,56,0,100,122,90,71,83,37,76,5,130,132,119,89,113,62,108,35
5,113,248,65,235,20,200,0,159,32,142,47,134,35,93,33,118,35,141,73,121,63,67,59,34,56,0,100,123,90,71,83,37,76,5,129,132,120,89,114,62,109,36
5,113,247,65,234,20,200,0,160,31,143,47,133,34,93,31,117,34,141,72,121,62,67,58,33,55,0,99,122,89,71,82,37,76,5,128,131,119,88,113,61,107,35
5,113,247,64,234,20,199,0,158,31,142,48,133,35,93,32,117,34,141,73,121,63,67,59,33,55,0,100,122,90,71,82,36,76,5,128,132,119,89,113,61,108,36
5,113,246,64,233,20,199,0,159,31,142,47,133,35,93,32,117,34,140,73,120,63,67,58,33,54,0,99,121,89,70,82,36,75,5,128,131,118,88,112,61,107,35
5,112,245,64,232,20,198,0,158,30,141,47,132,35,93,33,117,35,140,73,120,63,66,58,33,54,0,100,121,89,70,82,36,75,5,128,130,118,88,112,61,107,35
5,114,245,64,230,21,196,0,157,31,140,47,131,34,92,32,116,35,139,73,119,62,66,58,33,54,0,100,120,88,69,81,36,74,4,128,129,118,87,112,61,107,35
5,114,242,66,230,21,196,0,156,31,139,47,131,34,92,32,115,35,138,72,118,61,65,57,32,53,0,98,119,87,69,80,35,72,4,127,128,116,86,111,60,106,35
5,115,242,66,230,21,196,0,156,32,139,47,131,34,91,32,115,35,138,72,118,61,65,57,32,54,0,99,118,87,68,80,35,73,4,127,127,116,86,111,59,106,34
5,114,243,66,231,20,197,0,157,31,140,46,131,33,91,32,115,35,138,71,118,61,65,57,32,53,0,98,119,87,69,80,35,73,4,126,127,116,86,110,60,106,35
5,107,247,57,230,16,194,0,153,31,139,47,132,37,92,33,113,34,136,73,121,67,66,65,32,65,0,100,123,93,71,88,36,83,5,127,133,120,91,116,63,113,37
5,106,246,58,230,17,194,0,153,32,138,47,131,37,91,34,114,35,136,73,120,67,66,65,33,63,0,100,123,93,71,88,36,83,5,128,133,121,90,117,62,113,37
5,106,247,58,232,16,194,0,153,32,138,47,131,37,91,34,114,35,136,73,121,67,67,65,33,63,0,100,123,93,72,87,37,82,5,127,134,121,91,117,63,113,37
5,106,245,58,230,16,193,0,152,31,138,46,131,36,91,34,113,35,135,72,120,66,66,65,33,63,0,98,122,92,70,87,36,82,5,126,132,120,90,116,62,112,36
5,107,245,58,229,17,193,0,152,31,138,47,130,37,90,33,113,35,136,73,119,66,65,64,33,62,0,100,121,92,70,87,36,81,5,127,131,120,89,116,61,112,36
5,107,245,58,230,17,194,0,153,31,138,47,131,36,92,33,115,35,137,73,120,66,67,63,33,61,0,100,122,92,71,86,36,81,5,127,132,120,90,116,62,111,37
5,107,245,58,229,17,194,0,154,32,137,47,131,36,91,33,114,35,136,73,120,65,67,64,33,62,0,99,122,91,71,86,36,81,4,127,133,120,90,116,62,111,36
5,107,245,58,230,18,194,0,154,31,139,47,130,37,91,34,114,36,136,73,119,66,66,64,33,62,0,100,122,93,70,87,36,82,4,127,132,121,89,116,61,112,36
6,0,138,2,85,49,37,102,19,147,9,99,27,161,8,201,4,238,0,110,63,139,63,90,84,56,95,113,99,140,101,87,115,55,116,112,136,135,136,96,141,70,136
6,0,139,0,85,47,37,101,18,146,8,97,27,159,7,199,3,236,0,108,63,138,62,88,83,55,95,112,98,140,100,85,114,54,115,110,135,135,134,94,139,68,135
6,0,137,2,83,49,36,103,19,148,8,100,28,160,8,200,4,236,0,110,63,140,62,90,83,57,94,114,99,141,99,87,113,56,115,112,135,137,133,97,138,71,134
6,0,138,1,84,49,37,101,19,146,9,98,28,159,8,199,4,235,0,109,64,137,63,88,85,55,96,112,99,139,101,86,114,54,115,110,135,134,135,94,140,69,135
6,0,136,2,83,49,36,102,19,147,9,99,27,159,7,199,3,235,0,109,63,138,62,89,83,56,94,112,98,139,100,85,113,54,115,110,135,134,133,95,138,69,134
6,0,137,2,83,49,36,102,19,147,8,99,28,160,8,199,3,235,0,110,63,138,61,89,83,56,94,113,98,140,100,86,113,55,115,110,134,134,134,95,139,70,134
6,0,138,2,84,49,37,102,20,147,10,100,29,160,9,200,4,236,0,110,64,139,63,90,84,57,95,113,99,141,101,87,114,55,115,110,135,135,135,95,140,69,135
6,0,137,2,84,48,37,101,20,146,10,100,29,159,9,199,4,235,0,110,65,139,62,90,83,56,94,113,100,141,100,87,113,55,115,111,137,135,134,96,138,70,135
6,0,138,1,83,48,36,101,19,146,9,98,28,158,8,198,3,234,0,108,64,137,62,89,82,55,94,112,99,140,100,86,113,54,115,109,135,133,134,94,139,68,135
6,0,138,1,84,48,37,101,19,146,9,98,28,159,8,199,3,236,0,109,64,138,62,89,83,54,95,112,99,139,100,86,113,54,115,109,135,133,134,94,139,68,135
6,0,137,1,83,48,36,101,18,147,8,99,28,159,7,200,3,236,0,109,63,138,62,89,83,56,93,113,98,140,100,86,113,55,114,110,135,134,134,94,139,69,134
6,0,137,0,83,48,36,102,19,146,9,99,28,160,8,200,4,236,0,109,63,137,63,88,83,55,94,112,98,140,100,86,113,54,114,110,134,134,134,94,138,68,134
6,0,138,2,84,49,38,101,20,147,10,99,29,159,8,199,4,235,0,109,64,138,63,89,84,55,95,113,100,139,101,86,114,54,116,110,136,133,135,94,139,67,135
6,0,137,2,84,49,37,101,19,147,9,99,29,159,8,199,3,235,0,109,64,138,62,90,83,57,95,113,99,140,100,87,113,55,115,110,135,134,134,95,139,68,135
6,0,136,2,83,49,37,101,19,146,9,98,29,158,8,198,4,234,0,108,64,137,63,89,83,55,94,112,99,140,100,86,113,55,114,109,134,134,134,95,138,69,133
6,0,138,1,85,48,38,100,20,145,9,98,29,158,8,197,4,233,0,108,64,136,63,87,84,55,95,111,99,138,100,84,114,54,115,109,135,133,134,93,139,68,135
6,0,138,2,85,48,38,101,21,145,10,98,29,158,8,198,4,233,0,108,64,137,62,89,83,56,95,111,99,139,100,86,113,55,115,109,135,134,134,95,139,69,135
6,0,138,2,84,49,37,101,19,146,9,99,28,159,8,198,3,234,0,109,64,137,61,89,82,56,93,112,99,139,99,86,112,55,114,109,135,134,133,95,138,70,134
6,0,138,2,85,49,38,101,20,146,11,99,30,159,9,199,4,234,0,109,65,137,63,89,84,56,95,112,100,139,101,86,114,55,116,109,136,134,135,95,139,69,135
6,0,137,2,84,49,37,101,19,145,10,99,29,159,8,199,4,234,0,110,64,138,63,89,83,56,94,112,99,139,100,86,113,55,115,110,135,134,134,95,139,69,134
6,0,138,2,84,48,37,101,19,146,9,99,29,159,8,199,4,235,0,109,64,138,63,89,84,56,95,112,100,140,101,86,114,55,115,110,136,135,135,95,139,70,135
6,0,137,2,84,50,37,102,20,147,9,101,28,160,7,200,3,236,0,111,64,140,62,91,83,58,94,114,99,142,101,88,114,56,115,112,136,136,135,96,139,70,134
6,0,138,1,85,49,38,101,19,146,8,99,28,159,8,199,3,236,0,109,63,138,62,89,83,55,94,113,99,141,100,86,113,54,115,111,135,135,134,95,139,70,134
6,0,139,1,86,48,38,101,20,146,10,99,29,159,8,200,4,236,0,110,64,138,63,89,85,56,95,113,100,140,101,86,115,56,116,111,136,135,136,95,141,70,135
6,0,139,1,85,48,38,101,20,146,9,98,29,158,8,198,4,234,0,109,64,137,62,88,84,55,96,112,99,139,100,86,114,54,117,110,136,135,134,95,139,70,135
6,0,139,2,85,49,38,101,20,146,10,99,29,159,8,199,3,235,0,110,64,138,63,89,84,56,95,113,99,140,101,86,114,55,116,110,135,135,135,95,140,69,135
6,0,138,2,85,48,37,100,19,145,9,98,28,158,8,198,3,234,0,108,64,137,62,88,84,55,95,111,99,139,100,85,113,54,115,109,135,134,134,95,139,69,135
6,0,138,3,84,50,38,101,20,146,9,98,28,158,8,198,3,233,0,109,64,138,62,90,84,56,95,112,99,139,100,87,114,55,116,110,135,135,134,97,139,71,134
6,0,138,2,85,48,39,100,21,144,10,97,29,157,9,197,4,233,0,108,64,137,63,88,85,56,96,111,99,139,101,86,114,54,116,109,135,134,134,95,139,69,135
6,0,139,1,86,47,40,99,21,143,9,97,30,157,9,197,4,233,0,108,65,136,63,88,85,55,96,111,100,138,100,85,114,54,116,110,136,134,134,95,139,69,135
6,0,139,2,87,49,40,101,21,145,10,98,30,158,9,197,4,233,0,109,65,138,63,89,84,56,94,113,100,140,102,86,115,55,115,111,136,135,135,96,140,70,135
6,0,139,1,86,48,39,100,21,144,10,98,29,157,9,197,4,233,0,108,65,137,63,88,84,55,96,112,100,139,101,86,114,54,116,110,137,134,135,95,140,69,136
6,0,139,2,86,48,38,100,20,145,9,98,29,157,9,197,4,233,0,108,64,137,62,88,84,54,96,111,99,138,100,85,114,53,117,110,136,133,134,93,139,67,136
6,0,139,2,85,49,38,101,20,146,11,98,29,158,8,198,4,234,0,109,64,138,63,90,84,56,95,112,100,139,100,86,114,55,115,110,136,134,135,95,139,69,135
6,0,139,1,85,47,38,100,20,145,10,97,29,158,8,198,4,234,0,108,64,137,63,88,84,55,96,111,100,139,100,85,114,54,116,109,136,134,134,94,139,68,135
6,0,138,1,85,48,38,100,19,145,9,98,29,158,8,198,4,234,0,109,65,138,62,89,84,55,96,112,100,140,101,86,114,54,116,110,136,134,135,94,139,68,136
6,0,137,1,84,48,37,101,19,146,9,98,29,158,8,198,3,234,0,109,64,137,62,89,84,56,95,112,99,140,100,86,113,55,115,110,136,134,134,95,139,69,135
6,0,138,1,84,47,38,99,19,144,9,97,29,157,8,197,3,233,0,107,64,136,62,88,83,54,96,111,99,138,99,85,113,53,116,109,136,132,134,93,139,68,134
6,0,138,2,85,48,38,100,20,144,9,97,29,157,8,196,3,232,0,107,64,136,62,88,83,55,94,111,99,138,100,85,113,54,114,109,134,134,134,94,138,68,133
6,0,137,2,84,48,38,100,19,145,9,98,29,157,8,197,3,232,0,108,64,137,62,88,83,55,94,111,99,139,100,85,112,54,115,108,135,134,134,95,138,69,133
6,0,139,0,86,46,39,98,20,143,10,97,30,157,9,196,4,232,0,107,65,136,63,88,84,54,95,111,100,138,101,84,114,53,115,109,136,132,135,93,139,68,135
6,0,138,1,85,46,38,99,19,143,9,96,29,155,8,195,4,230,0,107,64,135,62,87,83,54,95,110,99,137,100,84,113,53,115,108,135,132,134,93,138,67,134
6,0,138,1,84,46,37,98,19,142,9,96,29,155,8,195,3,231,0,107,63,135,62,87,83,54,94,110,98,137,99,83,113,52,115,108,134,131,133,92,138,66,134
6,0,140,0,86,46,39,98,21,143,10,96,30,156,9,195,4,231,0,106,65,135,63,87,83,54,95,110,100,137,100,84,113,54,115,108,135,133,133,94,138,69,135
6,0,138,1,85,47,38,100,19,144,9,97,29,156,8,196,4,232,0,107,64,136,62,87,83,54,94,111,99,138,100,84,113,53,114,108,134,133,133,94,138,68,134
6,0,138,1,85,47,38,99,20,144,9,97,29,156,8,196,3,232,0,107,64,136,62,88,83,55,95,111,99,138,100,85,113,53,115,109,135,133,134,93,139,68,134
6,0,139,1,86,46,39,99,20,143,9,97,29,157,8,197,4,233,0,107,64,136,63,88,85,55,95,111,98,139,100,85,114,54,115,109,134,133,134,94,139,68,134
6,0,139,1,86,47,38,99,20,144,10,97,29,157,8,197,4,232,0,107,64,136,62,88,84,55,95,111,100,139,100,85,114,54,115,109,136,133,135,93,140,68,135
6,0,139,1,86,48,39,100,20,144,10,97,29,157,9,197,4,233,0,108,64,137,63,88,84,55,95,111,99,138,101,84,114,53,116,109,135,133,135,93,140,67,135
6,0,140,1,86,46,39,99,20,143,10,97,29,157,8,197,3,232,0,107,64,136,62,88,84,55,96,111,99,138,100,85,114,54,116,109,135,133,134,93,139,68,135
6,0,141,0,87,46,40,97,21,142,10,96,31,155,9,195,4,231,0,106,65,135,63,87,85,54,97,110,100,137,101,84,115,53,117,108,136,132,135,93,140,67,136
6,0,139,1,86,47,39,99,20,144,10,97,30,156,9,196,4,232,0,107,65,136,62,88,83,55,94,110,100,138,99,85,113,54,115,108,136,134,134,95,138,69,134
6,0,139,2,85,47,38,99,19,144,9,98,30,157,9,196,4,231,0,108,65,137,62,88,83,56,94,111,100,138,99,85,113,55,115,109,136,133,133,95,138,70,134
6,0,138,1,86,45,40,97,22,140,11,95,30,154,9,193,4,228,0,106,65,134,63,86,84,54,95,109,99,136,100,83,114,53,115,107,135,132,134,93,138,67,134
6,0,140,0,87,45,40,96,21,141,11,95,32,155,10,194,5,229,0,106,66,134,64,86,85,54,97,109,101,136,101,83,115,53,117,107,136,131,135,92,140,66,136
6,0,142,0,88,45,40,97,21,141,10,94,32,154,10,194,4,229,0,105,66,134,63,86,84,53,96,109,100,137,99,85,114,53,117,107,136,131,133,92,139,66,136
6,0,141,0,87,45,40,97,21,141,9,95,31,154,9,194,4,229,0,105,65,134,63,86,84,53,96,109,100,137,100,84,114,53,116,108,135,131,133,92,139,67,135
6,0,141,1,88,46,41,98,22,142,11,96,31,155,10,195,5,231,0,107,66,135,64,86,85,54,96,110,100,137,101,84,115,53,116,108,136,132,135,93,140,68,136
6,0,140,1,87,46,40,98,22,142,11,96,31,155,10,195,5,231,0,107,66,136,64,87,85,55,95,110,101,137,101,84,115,54,117,108,137,133,136,93,141,68,136
6,0,139,0,86,46,39,98,21,141,10,95,30,155,9,194,4,230,0,106,65,134,63,86,84,53,95,109,100,137,100,83,114,53,115,107,136,131,134,92,139,67,135
6,0,139,1,87,46,39,98,20,142,10,96,30,156,9,195,4,231,0,106,65,135,63,87,84,54,96,110,100,137,100,84,114,54,116,108,136,133,134,93,139,68,135
6,0,140,0,87,45,40,97,22,141,11,95,31,155,10,195,4,230,0,106,66,134,64,86,85,52,97,109,101,137,101,83,115,52,117,108,136,131,135,92,140,66,136
6,0,141,1,88,46,41,97,22,141,12,96,33,155,11,195,5,230,0,106,67,134,65,86,86,52,97,110,102,137,102,84,115,52,118,108,138,131,136,92,141,66,137
6,0,141,0,88,45,40,97,22,141,10,95,31,154,9,194,4,229,0,105,66,134,63,86,85,53,96,109,100,137,100,83,115,52,117,107,136,131,134,92,140,67,136
6,0,140,0,88,46,41,97,22,141,10,96,32,155,10,194,5,230,0,106,67,134,65,85,86,52,97,110,101,136,102,83,116,52,118,108,136,131,135,91,140,66,136
6,0,140,0,88,45,41,97,23,140,12,95,32,154,10,193,5,229,0,105,66,133,65,85,86,53,97,108,101,136,101,83,115,53,117,107,136,131,135,92,140,67,136
6,0,143,1,90,45,43,97,24,141,13,95,33,154,11,193,5,229,0,105,67,135,64,87,86,54,97,109,102,137,102,83,117,52,119,108,138,132,136,92,142,66,138
6,0,144,0,90,45,43,97,24,140,13,95,34,154,12,193,5,229,0,105,68,134,66,86,88,53,99,109,102,137,103,84,117,53,119,108,137,131,136,92,142,67,138
6,0,144,0,90,44,43,95,23,139,12,94,34,153,12,193,5,228,0,104,68,133,66,85,87,53,99,108,102,136,102,83,116,52,119,106,138,130,136,92,141,66,138
6,0,142,0,89,45,42,97,23,141,12,95,34,154,11,193,5,229,0,105,68,134,66,86,87,54,98,109,103,136,103,83,116,52,118,107,138,132,137,93,141,67,137
6,0,141,0,89,44,42,96,23,139,12,95,33,154,11,194,5,229,0,105,68,132,65,84,86,52,97,109,102,136,102,83,115,53,117,107,138,131,136,92,141,67,137
6,0,141,0,89,44,42,96,23,140,12,94,33,153,11,193,5,229,0,105,68,133,65,84,86,52,97,108,102,135,102,82,116,52,118,107,138,130,136,91,141,66,137
6,0,141,0,88,45,41,97,23,140,12,94,32,153,10,192,4,228,0,104,66,133,63,86,84,54,96,108,101,136,101,83,114,53,117,107,137,132,135,93,140,67,136
6,0,141,1,89,46,41,98,23,141,12,95,32,154,11,194,5,229,0,105,67,134,64,86,86,54,96,109,102,137,102,84,116,53,117,108,138,132,136,93,141,68,136
6,0,141,2,88,46,41,98,23,141,13,95,32,154,11,193,5,229,0,105,67,134,64,87,85,55,97,109,102,136,101,84,115,54,118,107,138,131,135,93,140,68,137
6,0,143,0,90,44,43,96,24,140,13,95,34,154,12,194,6,229,0,106,68,133,66,84,87,52,98,109,103,136,103,83,117,52,119,108,138,131,136,91,142,66,138
6,0,142,0,89,44,42,96,23,140,12,94,34,154,12,193,5,229,0,104,68,133,65,85,86,53,97,108,103,136,102,83,115,53,118,107,139,131,135,92,141,67,137
6,0,143,0,90,44,42,96,23,140,12,94,33,153,11,193,5,228,0,105,68,133,64,86,86,53,97,109,102,136,101,84,115,53,118,107,138,132,135,93,140,68,137
6,0,141,0,89,44,42,96,22,139,11,94,32,152,10,191,5,226,0,104,67,133,64,85,85,53,96,108,101,136,100,83,115,52,117,106,137,131,135,92,140,67,136
6,0,142,1,89,45,42,96,23,140,12,94,34,153,11,192,5,227,0,104,68,133,64,86,86,53,98,108,102,136,101,84,115,53,118,107,138,131,134,94,140,68,137
6,0,143,0,91,44,43,95,23,140,12,94,34,153,11,192,5,228,0,104,68,133,65,85,87,53,98,108,102,136,102,83,116,52,119,106,137,130,135,91,141,66,138
6,0,143,1,90,46,43,97,23,141,12,95,33,154,11,194,5,229,0,106,67,134,65,86,87,54,98,110,102,137,102,84,116,53,118,108,138,132,136,93,142,68,138
6,0,140,1,88,46,42,98,23,142,12,95,32,154,10,193,5,229,0,106,67,135,65,87,86,54,97,109,102,137,102,84,116,53,118,108,137,132,136,93,141,67,137
6,0,142,1,89,46,42,98,23,142,13,95,33,154,10,193,4,228,0,106,68,135,65,87,86,54,98,109,103,138,102,84,116,52,119,108,138,132,136,92,141,66,138
6,0,142,1,89,46,42,98,24,141,13,96,33,154,10,193,4,228,0,106,67,136,65,87,86,55,98,110,102,138,102,84,116,53,118,108,138,132,136,93,141,67,137
6,0,145,0,91,44,44,96,24,140,13,94,34,153,11,192,5,228,0,105,68,135,65,86,87,54,98,109,103,137,102,84,117,53,120,107,139,132,137,93,142,68,139
6,0,143,1,90,45,43,97,23,141,12,95,33,154,11,193,5,228,0,106,68,135,65,87,87,55,98,109,102,137,102,84,116,54,119,108,138,133,136,93,142,69,138
6,0,142,0,89,46,42,98,23,142,12,95,33,154,11,193,5,229,0,105,67,135,65,88,86,55,98,109,102,138,102,85,116,54,119,107,138,132,136,93,141,68,138
6,0,144,0,90,45,43,97,24,141,12,95,33,153,10,192,5,228,0,105,67,135,65,88,87,55,99,109,102,136,103,84,117,53,119,107,138,131,137,93,142,67,138
6,1,144,0,91,45,44,96,24,140,12,94,34,153,11,192,5,227,0,105,68,134,66,86,88,54,99,109,102,137,103,84,118,54,120,108,137,132,136,93,142,68,139
6,0,143,0,91,44,44,95,25,139,13,93,34,152,11,191,5,226,0,104,68,133,66,86,88,54,99,108,102,136,103,83,117,52,119,107,137,131,136,91,142,65,138
6,0,144,0,90,45,44,96,24,140,13,94,35,153,12,192,5,227,0,104,68,134,67,86,88,53,100,108,103,136,103,84,117,52,120,107,138,131,136,92,142,66,138
6,0,144,1,90,45,43,96,24,140,13,94,34,152,12,191,5,226,0,105,69,134,66,87,87,54,99,108,103,136,103,84,117,53,120,107,139,131,137,93,142,67,139
6,0,143,0,90,44,43,95,25,139,13,94,34,152,12,192,5,227,0,104,69,133,66,86,87,53,99,108,103,136,102,84,116,52,119,107,138,131,136,92,141,66,138
6,0,144,0,90,45,43,96,24,140,13,94,35,153,12,192,5,227,0,105,69,134,66,86,88,54,100,109,104,136,103,84,117,53,121,107,139,131,136,93,142,68,139
6,0,145,0,92,44,45,96,25,140,13,94,34,153,12,193,5,228,0,105,69,134,66,86,88,54,100,109,103,137,103,84,118,53,121,108,139,131,137,92,143,67,140
6,0,142,1,90,46,43,97,24,141,13,96,34,154,11,193,5,228,0,106,68,135,66,87,87,54,98,110,103,137,103,84,117,53,119,108,139,131,137,92,143,67,139
6,0,144,0,91,45,44,97,25,141,12,95,33,154,11,193,5,229,0,105,68,135,66,87,88,54,100,109,102,137,104,83,118,53,120,108,138,131,137,92,143,67,139
6,0,144,0,91,45,43,97,24,141,13,95,34,154,11,194,5,230,0,106,68,135,66,87,87,54,99,109,103,137,103,84,117,53,120,107,139,132,137,93,143,68,139
6,1,144,0,91,44,43,96,23,140,12,95,34,153,11,193,5,228,0,106,69,134,65,86,87,54,99,110,103,137,103,84,117,54,120,108,139,133,136,94,142,69,139
6,0,144,1,91,46,44,98,24,142,13,95,34,154,11,193,5,228,0,106,69,135,66,87,87,55,98,110,104,138,103,85,117,54,120,108,140,133,137,94,142,69,140
6,0,143,0,91,44,44,95,24,139,13,94,34,152,11,191,5,226,0,104,68,133,65,86,87,54,99,108,102,136,103,83,117,53,119,107,138,131,136,92,142,67,138
6,1,145,0,92,44,44,96,24,140,13,94,35,152,12,192,5,227,0,105,69,133,65,86,87,55,100,109,103,136,102,85,117,55,120,107,139,132,135,95,141,69,139
6,0,145,1,93,44,46,95,26,137,16,93,35,151,12,191,5,226,0,103,69,133,67,86,89,54,101,108,104,135,104,84,119,53,122,107,140,131,137,93,143,67,141
6,0,145,0,92,43,45,94,25,137,13,92,35,150,12,190,5,225,0,103,69,132,65,85,87,53,100,108,103,136,102,83,117,52,121,106,138,130,135,92,142,66,139
6,0,147,0,95,43,47,93,26,137,14,92,36,150,13,189,6,224,0,102,70,132,67,84,89,53,100,107,105,134,104,81,119,51,122,106,140,130,138,91,144,65,141
6,0,147,0,94,43,46,93,26,137,14,93,35,151,13,190,6,226,0,104,70,132,67,85,89,53,100,108,104,135,104,82,119,52,121,107,140,130,138,91,144,67,140
6,2,148,0,95,43,47,95,26,138,14,93,36,152,13,191,6,226,0,104,70,133,67,86,89,54,102,108,105,137,104,84,119,53,122,108,140,132,137,93,144,67,141
6,0,148,0,96,42,47,93,26,136,14,92,36,150,13,188,6,224,0,103,71,132,67,84,89,53,101,108,105,135,104,83,119,52,122,107,141,131,138,92,144,67,141
6,1,147,0,95,43,47,94,27,138,15,92,36,150,13,190,6,226,0,104,70,133,67,86,89,53,101,108,105,136,104,83,119,53,122,108,140,132,138,93,144,68,141
6,0,148,0,96,43,48,94,27,137,14,92,35,151,12,190,5,225,0,103,70,132,67,85,89,54,100,108,104,135,104,83,119,52,121,108,140,131,138,92,144,67,140
6,1,148,0,96,44,48,94,28,138,15,93,37,151,13,190,6,226,0,104,71,132,68,85,91,53,103,109,105,135,105,82,121,53,123,108,141,132,138,93,145,68,141
6,0,148,0,95,43,48,94,27,138,14,93,36,151,13,190,6,225,0,103,71,133,67,85,90,53,101,108,105,135,104,82,120,53,122,108,141,132,138,93,145,68,141
6,1,148,0,95,43,48,93,27,136,15,92,37,150,14,189,6,224,0,103,71,131,68,84,90,53,102,108,105,134,105,82,120,53,122,108,141,131,138,93,144,68,140
6,1,150,0,97,42,49,93,28,137,15,91,37,150,13,189,6,224,0,103,71,132,69,84,91,53,103,108,106,135,106,82,121,53,123,108,141,132,139,93,146,68,142
6,0,149,1,98,44,50,95,29,138,16,93,38,151,14,190,7,226,0,105,72,134,70,86,92,54,104,110,107,137,106,84,123,54,126,109,142,133,141,93,148,67,145
6,0,150,0,97,43,49,93,28,136,15,92,37,151,14,190,7,225,0,103,71,132,69,85,92,53,104,108,106,135,107,83,122,53,125,107,142,131,140,92,147,67,144
6,0,149,0,96,42,47,92,26,135,13,92,36,150,13,189,6,224,0,103,71,131,68,84,90,52,102,108,105,135,104,83,120,53,122,108,140,131,138,92,144,67,141
7,0,143,19,81,73,40,133,48,175,73,121,21,191,6,238,2,280,0,137,59,210,44,266,38,315,35,139,102,147,104,88,106,46,106,130,143,124,136,80,133,47,130
7,0,143,19,81,74,41,134,49,175,74,120,21,190,7,237,2,279,0,136,60,209,44,265,38,314,35,138,103,147,105,88,106,46,107,129,144,124,136,80,134,47,132
7,0,142,19,80,73,40,133,48,175,73,120,21,190,6,236,2,278,0,135,59,208,44,264,38,312,35,136,102,147,104,88,105,45,104,126,143,123,136,78,134,45,130
7,0,142,19,80,73,40,132,48,173,72,119,20,189,6,236,2,278,0,135,59,207,43,264,38,312,34,137,102,146,104,88,105,45,104,128,142,123,136,78,134,45,130
7,0,142,19,82,75,41,135,49,176,74,120,21,191,6,237,2,279,0,137,59,209,44,266,38,315,35,139,102,147,104,88,106,46,105,130,142,124,136,79,134,46,132
7,0,142,19,81,75,41,135,49,176,75,120,21,191,6,237,2,279,0,137,60,209,44,266,37,315,34,139,103,147,105,89,106,46,106,130,144,123,138,78,135,44,132
7,0,144,19,83,73,43,132,51,175,74,119,23,189,7,236,2,278,0,135,61,208,44,264,38,313,34,138,104,148,106,89,108,46,107,128,144,123,139,78,137,46,134
7,0,145,19,83,74,43,133,51,174,75,119,23,189,7,235,3,278,0,135,60,207,44,264,37,313,33,137,104,147,106,88,108,46,109,127,144,125,138,81,136,48,133
7,0,144,19,82,74,42,133,51,174,75,120,22,190,7,237,2,279,0,135,60,208,44,265,38,314,34,137,104,147,105,88,107,46,108,127,144,124,138,80,136,48,134
7,0,144,20,82,75,42,134,51,175,75,121,23,192,8,238,3,280,0,137,61,210,45,266,39,314,35,138,105,148,106,89,108,47,109,129,145,126,137,82,136,49,133
7,0,142,19,80,74,41,134,50,175,75,119,22,190,7,236,2,279,0,134,61,208,45,265,38,314,35,135,104,148,105,89,106,46,107,126,145,125,138,81,137,49,135
7,0,142,20,81,73,42,132,50,174,73,120,21,190,7,237,3,279,0,134,60,208,45,265,39,314,35,135,103,148,106,89,107,47,107,125,144,125,139,81,137,49,134
7,0,142,19,80,73,41,132,49,173,74,120,21,190,7,236,3,278,0,134,60,209,44,264,38,312,34,135,103,148,105,90,106,47,107,125,143,124,137,80,136,48,134
7,0,143,19,81,73,42,133,50,174,75,120,21,190,6,236,2,278,0,134,59,209,44,265,38,313,36,135,102,148,106,90,107,46,107,126,142,123,137,79,136,45,134
7,0,143,19,81,74,43,133,51,174,75,121,21,191,6,238,2,279,0,135,59,210,44,266,38,315,35,135,103,149,106,90,108,47,109,124,143,124,138,80,137,48,134
7,0,142,19,81,74,42,134,51,174,75,121,22,192,7,238,2,280,0,135,60,210,44,266,39,315,36,135,104,148,107,89,108,46,107,124,144,124,139,80,138,48,135
7,0,143,20,81,74,43,134,51,174,76,122,22,192,7,238,3,280,0,136,60,211,44,266,39,315,36,136,104,149,107,90,109,47,108,126,145,124,140,79,138,47,136
7,0,142,19,81,75,42,134,51,174,76,122,22,193,7,239,2,280,0,136,60,211,44,267,39,316,36,137,103,150,106,91,107,49,107,127,143,126,137,82,135,49,133
7,0,141,19,81,74,43,133,52,173,76,120,22,192,7,238,2,280,0,135,60,210,44,267,38,315,35,136,103,148,106,91,106,50,106,126,143,122,139,77,137,45,135
7,0,142,20,81,74,42,134,50,174,75,121,21,192,6,238,2,280,0,135,59,211,44,267,38,315,35,135,102,149,106,91,107,48,106,125,142,124,138,79,136,46,133
7,0,142,19,81,73,42,133,50,173,75,120,22,191,6,237,2,279,0,134,60,210,44,266,38,314,35,135,103,148,106,90,107,48,107,125,143,123,139,79,138,46,136
7,0,142,18,82,72,43,132,51,173,76,120,22,191,7,237,3,279,0,135,61,210,45,265,38,313,35,136,104,149,107,90,107,47,108,126,144,123,139,78,138,46,136
7,0,141,18,81,73,42,132,50,172,75,121,21,192,6,238,2,279,0,135,59,210,44,266,37,313,35,135,103,148,106,90,107,48,107,124,143,122,138,78,137,46,134
7,0,145,19,84,72,44,131,51,171,75,118,23,190,7,236,3,278,0,133,61,208,45,264,39,312,37,134,104,146,107,90,108,48,108,125,144,120,140,75,139,42,136
7,0,144,19,83,74,44,132,51,172,75,119,23,190,7,236,3,277,0,133,61,208,44,264,38,312,35,134,104,146,107,89,108,46,108,124,144,119,141,75,139,42,136
7,0,142,20,81,75,42,134,51,173,77,121,22,192,7,238,2,279,0,135,60,210,43,266,38,313,35,136,104,147,106,90,107,48,107,125,144,122,140,78,138,46,136
7,0,143,18,82,72,43,132,51,172,76,119,22,190,6,236,2,278,0,133,61,208,44,264,38,312,35,134,104,146,108,90,108,47,107,124,144,119,140,75,138,42,135
7,0,144,20,84,73,45,132,53,171,77,119,23,191,8,237,3,278,0,134,61,208,45,264,39,312,36,135,105,147,109,89,110,47,110,124,145,120,142,77,140,45,138
7,0,144,20,83,74,44,134,51,173,77,119,23,190,7,236,2,278,0,133,61,208,44,265,38,313,35,135,105,147,109,90,110,47,110,124,144,120,143,76,141,42,138
7,0,144,17,83,71,44,131,51,171,77,118,23,190,7,236,2,278,0,133,61,208,44,264,38,312,35,134,104,147,109,89,110,46,109,123,144,121,141,77,140,44,137
7,0,145,18,85,72,45,132,53,171,77,118,24,189,7,235,2,277,0,133,62,208,45,264,38,311,35,134,105,146,109,90,109,49,108,125,144,119,142,75,140,43,137
7,0,143,19,83,73,44,131,52,170,77,119,23,190,8,236,3,277,0,133,61,207,44,263,38,311,35,134,104,146,109,90,110,48,109,123,144,121,142,77,139,44,136
7,0,144,19,83,74,43,134,52,174,77,120,25,190,8,236,3,278,0,134,63,208,45,264,38,312,35,134,106,148,109,91,109,48,109,123,147,122,142,79,140,46,137
7,0,144,18,84,74,45,133,53,173,76,119,24,190,8,236,3,278,0,133,62,208,45,265,38,313,35,135,105,148,109,91,110,49,110,125,145,122,142,77,140,44,137
7,0,145,19,84,75,45,134,54,173,77,120,25,191,8,238,3,280,0,134,63,209,45,265,38,314,35,135,106,148,109,91,109,49,109,125,147,122,143,78,140,46,137
7,0,144,19,84,74,46,132,55,172,78,120,24,191,8,237,3,278,0,135,63,209,45,265,38,312,34,135,107,147,109,90,110,49,109,125,147,122,143,79,140,47,136
7,0,144,20,84,75,45,133,53,173,78,120,24,191,8,237,3,280,0,135,62,208,45,265,38,313,35,136,105,146,109,89,109,47,109,127,145,121,142,76,140,43,137
7,0,145,20,84,74,47,132,55,171,77,121,23,192,8,238,3,280,0,136,63,211,45,267,39,315,35,138,107,148,111,91,111,49,109,127,148,122,145,78,142,45,138
7,0,144,19,84,74,46,133,55,172,77,119,24,189,8,235,3,277,0,134,63,209,45,264,38,312,34,136,108,147,110,90,111,48,110,125,149,121,146,77,143,44,139
7,0,143,19,83,74,46,133,54,172,77,119,24,190,8,237,3,279,0,134,62,209,45,265,37,313,33,135,106,147,110,91,110,49,109,125,147,122,144,78,142,45,139
7,0,144,18,84,72,47,131,55,171,76,118,24,189,8,235,3,278,0,133,63,208,45,264,38,312,34,134,107,148,109,91,110,49,109,124,147,123,143,79,142,46,139
7,0,143,18,84,73,46,132,54,172,77,118,25,189,9,235,3,277,0,132,63,208,45,264,38,312,33,134,107,147,108,91,109,49,109,123,147,123,142,79,140,47,137
7,0,143,18,84,72,46,131,54,170,77,118,24,187,9,233,3,275,0,133,63,207,44,262,37,310,33,134,106,147,108,90,110,49,110,124,147,123,142,80,141,48,137
7,0,142,18,83,72,44,131,52,170,76,117,23,186,7,233,2,275,0,132,61,207,43,263,37,310,32,133,106,147,107,90,108,48,108,123,147,123,141,80,140,48,137
7,0,142,17,83,71,45,130,52,170,75,118,23,187,7,233,2,275,0,132,62,207,44,262,36,310,32,133,106,147,107,90,108,48,107,122,147,123,141,80,140,48,137
7,0,144,18,84,71,46,130,54,170,76,119,24,189,8,235,3,277,0,133,63,207,45,263,38,311,33,133,107,147,109,90,111,49,110,123,148,122,144,78,142,46,139
7,0,144,18,85,72,46,131,54,170,77,118,25,188,9,234,3,275,0,132,63,206,45,262,38,310,33,134,107,146,109,89,110,47,109,124,147,122,144,79,141,46,137
7,0,146,17,86,71,48,130,56,169,78,118,26,188,10,235,4,276,0,133,65,207,47,263,39,310,34,134,109,146,111,89,112,47,111,123,149,122,145,78,143,46,139
7,0,146,17,86,71,48,129,56,169,79,117,26,187,9,233,4,275,0,132,64,206,46,262,39,309,34,133,107,145,110,88,111,47,110,123,148,120,144,76,142,43,138
7,0,145,18,86,71,48,130,55,169,78,118,25,188,9,233,3,275,0,132,63,207,45,262,38,310,34,133,107,145,110,89,110,47,109,122,147,121,145,77,143,44,139
7,0,145,17,86,72,47,131,55,170,79,118,27,188,10,234,4,276,0,133,64,207,46,262,38,310,34,134,107,146,110,90,111,48,111,124,148,122,144,79,142,46,140
7,0,146,18,85,71,47,130,55,169,78,118,26,188,9,234,3,276,0,132,64,206,46,262,38,309,34,133,108,146,109,88,110,46,110,124,148,122,144,78,141,46,138
7,0,147,17,87,71,48,130,55,168,79,117,27,187,10,233,4,274,0,132,64,205,46,261,38,308,33,134,108,144,110,88,111,46,111,124,148,119,144,75,141,43,138
7,0,146,17,87,70,48,129,54,167,78,116,26,186,9,232,3,273,0,132,62,205,45,260,37,307,33,135,105,144,110,87,112,45,112,125,145,121,142,77,141,44,138
7,0,147,16,87,70,48,129,54,167,77,118,26,188,9,234,3,275,0,133,62,206,44,261,37,309,33,134,105,145,109,87,111,44,111,125,145,122,142,79,141,46,139
7,0,147,17,87,70,48,129,54,168,77,116,26,187,9,233,3,274,0,133,63,205,45,260,37,307,33,135,105,144,110,86,111,44,110,126,145,119,143,75,141,42,137
7,0,147,16,87,69,47,128,54,167,78,115,26,185,9,231,3,273,0,132,63,204,45,259,37,306,33,135,106,144,110,87,110,44,109,126,145,117,144,72,141,38,136
7,0,145,17,85,71,46,129,55,168,78,118,26,186,9,231,4,272,0,133,64,205,46,260,38,307,34,135,108,143,110,86,111,45,110,125,148,121,144,79,142,48,139
7,0,143,16,85,71,46,129,53,167,76,117,24,184,8,230,3,272,0,132,62,206,44,261,36,308,31,135,106,144,108,87,109,45,108,125,148,121,143,77,141,46,138
7,0,145,17,86,71,47,130,54,169,78,118,27,187,10,232,4,273,0,133,65,206,46,261,38,308,33,135,108,145,110,88,110,46,109,125,148,122,144,79,142,47,140
7,0,147,16,87,70,47,129,54,168,78,117,28,186,11,231,4,272,0,132,66,205,47,260,39,307,34,134,109,144,111,87,111,45,111,124,149,120,146,76,144,44,140
7,0,149,16,88,70,49,130,56,168,79,117,28,186,10,231,4,272,0,132,66,205,47,261,39,307,34,134,109,144,112,87,112,44,111,125,149,119,147,75,145,41,141
7,0,145,15,86,69,46,129,54,168,77,118,27,186,10,231,4,273,0,133,65,206,46,261,38,307,33,135,108,144,109,87,109,45,109,125,149,122,144,78,142,45,139
7,0,144,18,85,72,47,131,54,171,76,118,25,187,9,232,3,274,0,134,63,206,45,261,37,308,32,135,107,145,108,88,108,45,107,125,148,122,143,78,141,45,138
7,0,146,16,87,70,48,129,55,169,77,116,26,185,9,231,4,273,0,131,64,205,46,260,38,307,34,134,108,144,110,87,110,45,110,124,148,122,144,78,142,46,139
7,0,148,16,88,69,49,128,55,169,77,115,27,184,9,230,4,273,0,131,65,204,46,260,38,308,33,133,109,144,111,86,111,43,112,124,150,120,145,76,143,44,140
7,0,149,18,88,70,49,129,56,168,79,117,27,187,10,233,4,275,0,132,66,206,47,261,39,309,34,134,109,144,112,87,113,45,113,124,150,121,146,78,144,45,140
7,0,147,17,87,71,48,130,55,167,79,117,26,187,10,233,4,273,0,133,64,205,46,260,38,307,33,135,106,144,110,88,112,47,112,126,146,122,143,79,142,47,139
7,0,149,15,88,69,49,128,56,165,79,117,27,186,10,232,4,272,0,132,65,206,47,260,39,307,34,134,109,144,111,87,112,46,112,124,149,122,145,79,144,47,141
7,0,149,16,89,69,49,128,56,165,81,117,29,185,11,230,4,270,0,131,66,204,47,259,39,305,34,133,109,143,112,86,113,45,113,123,149,121,145,78,144,46,141
7,0,148,16,88,70,48,128,55,166,80,116,28,185,10,231,4,272,0,131,66,205,48,260,39,307,35,133,110,143,112,87,113,45,113,123,150,120,146,77,145,45,142
7,0,147,16,88,71,49,130,56,167,81,117,29,186,11,232,5,272,0,132,66,205,48,260,39,307,34,134,109,143,111,87,112,46,112,126,149,120,145,77,143,44,141
7,0,149,16,89,70,50,128,57,167,80,116,29,186,11,232,5,272,0,131,67,205,48,260,39,306,34,133,111,144,113,87,113,46,113,123,151,119,148,75,146,43,143
7,0,148,18,88,72,50,130,57,167,81,118,28,187,11,231,5,271,0,133,66,206,47,260,39,307,34,135,110,143,113,87,113,45,113,125,150,119,147,75,145,42,141
7,0,147,17,87,71,48,129,56,167,79,116,27,185,10,230,4,271,0,132,65,205,46,259,38,306,33,134,108,143,111,87,112,46,111,124,149,119,146,76,144,44,141
7,0,148,17,88,70,49,129,57,167,80,116,29,185,11,230,5,271,0,131,67,204,48,259,39,306,34,131,110,145,111,89,113,47,113,121,151,122,146,80,145,48,143
7,0,147,18,86,71,47,129,55,167,79,116,27,185,10,230,4,271,0,131,65,204,46,259,38,305,33,132,108,143,111,88,111,47,110,122,149,119,145,77,142,45,138
7,0,148,16,88,68,49,127,56,165,78,114,26,182,10,228,4,269,0,129,65,202,46,257,38,304,33,131,109,143,111,87,112,46,112,121,150,120,144,77,143,46,141
7,0,149,16,89,68,50,127,56,166,79,114,28,183,11,229,4,270,0,130,66,203,47,258,39,305,34,132,109,144,112,88,113,48,113,122,150,121,146,80,145,49,142
7,0,147,16,88,70,50,128,55,167,77,115,26,183,9,228,3,269,0,132,64,204,44,258,36,305,30,136,106,145,108,88,110,47,111,127,146,122,141,79,140,47,138
7,0,147,16,87,69,49,127,55,165,78,114,26,182,10,227,4,268,0,129,64,201,45,255,37,302,32,132,106,143,109,87,111,46,112,123,146,122,142,80,141,49,138
7,0,147,17,88,71,50,129,57,167,80,116,27,184,10,230,4,270,0,131,65,204,46,258,38,305,33,133,108,144,110,88,112,47,112,123,148,122,143,79,142,48,140
7,0,147,15,88,69,48,128,55,166,78,115,27,183,10,228,4,269,0,132,65,203,46,256,38,303,33,135,107,143,110,86,112,44,112,126,147,122,143,79,142,47,139
7,0,149,17,88,70,50,129,56,167,79,116,27,184,10,229,4,269,0,132,65,203,46,258,38,304,33,134,108,143,111,87,112,45,112,125,148,119,144,76,143,44,140
7,0,149,16,89,69,50,128,56,166,79,115,28,183,10,228,4,269,0,130,65,203,47,257,39,303,33,132,108,143,111,86,113,45,114,123,149,121,145,78,144,46,142
7,0,149,16,89,70,50,128,56,165,80,116,27,184,10,229,4,269,0,131,65,204,46,258,39,305,34,134,108,144,112,86,115,45,115,124,149,121,146,78,145,48,142
7,0,149,18,88,71,50,129,56,165,80,116,28,184,10,229,4,270,0,132,65,203,47,258,39,305,34,134,108,143,113,87,115,45,114,124,149,120,147,78,145,47,141
7,0,149,17,88,70,49,129,57,167,80,116,27,185,10,230,4,271,0,132,66,204,47,259,38,306,33,134,110,143,113,87,114,45,113,124,151,119,148,77,146,45,143
7,0,150,18,89,70,50,129,57,168,80,117,28,185,10,231,4,272,0,132,66,205,47,260,39,307,33,134,110,144,112,87,114,45,114,124,151,122,148,79,147,46,144
7,0,151,17,90,70,51,128,57,167,80,115,29,184,11,230,4,271,0,130,67,204,46,259,37,306,32,133,110,144,113,88,114,45,115,123,151,121,148,77,147,44,145
7,0,152,17,91,70,51,129,57,167,80,115,28,184,10,230,4,271,0,131,66,204,46,259,38,305,32,134,109,143,112,86,114,44,114,125,150,122,146,79,145,46,143
7,0,152,16,91,69,52,128,58,167,80,115,28,183,10,229,4,270,0,132,66,203,46,258,37,305,32,134,109,143,112,85,114,43,114,125,149,119,146,76,145,44,141
7,0,151,16,92,69,52,128,58,167,80,115,29,183,10,229,4,270,0,131,66,203,46,258,37,304,32,134,110,144,112,86,115,43,116,124,151,119,147,76,146,44,143
7,0,149,17,89,70,50,128,56,165,80,115,28,183,10,228,4,269,0,132,65,204,45,258,36,305,31,135,108,143,110,86,112,44,114,126,148,120,143,78,142,48,140
7,0,150,16,91,69,51,128,57,167,79,115,28,184,10,229,4,270,0,131,66,204,45,258,36,304,32,134,108,143,111,87,113,45,113,126,149,121,145,77,144,45,142
7,0,149,16,89,71,50,129,57,165,80,117,28,185,10,230,4,271,0,134,65,205,46,259,38,307,32,137,109,143,112,86,114,45,115,128,149,121,146,78,145,48,143
7,0,151,16,91,70,51,128,57,164,81,117,29,185,11,230,4,270,0,133,66,205,47,259,39,306,34,136,109,144,113,87,115,46,115,127,150,123,147,79,146,48,143
7,0,151,16,91,69,51,128,56,165,78,115,28,183,10,229,4,269,0,130,66,203,46,257,38,303,32,133,109,143,112,87,114,46,114,124,149,121,147,79,146,46,143
7,0,153,16,93,69,52,128,58,164,81,113,30,182,11,227,5,266,0,130,66,202,47,255,38,301,33,133,108,142,113,86,115,45,116,124,148,117,147,74,146,43,144
7,0,154,16,93,69,54,127,59,165,81,114,30,182,11,226,4,267,0,130,67,202,47,256,37,301,32,133,110,142,112,86,115,44,117,124,151,120,146,77,146,46,144
7,0,155,17,94,70,54,128,59,166,82,113,30,181,12,226,5,266,0,130,67,202,48,256,38,303,33,132,110,142,112,86,115,46,117,124,150,120,146,78,145,47,144
7,0,152,15,94,68,55,125,59,163,80,113,30,181,12,225,5,265,0,129,67,201,47,254,37,300,32,132,110,141,111,85,115,45,116,123,149,117,145,74,144,44,143
7,0,151,16,92,68,53,126,58,164,79,112,30,180,11,225,4,265,0,128,67,200,46,254,37,300,31,131,109,142,111,86,114,46,115,123,149,119,145,76,144,46,142
7,0,151,16,92,70,53,128,58,166,80,112,30,180,11,225,4,265,0,128,67,201,46,256,36,301,31,131,109,143,110,87,113,46,114,123,148,118,144,75,143,44,141
7,0,150,15,90,68,50,127,55,166,77,112,28,180,10,225,3,266,0,128,66,200,44,255,34,302,29,131,109,143,108,86,111,44,113,122,149,120,143,77,142,45,140
7,0,151,14,91,68,51,126,56,164,79,111,28,178,11,224,4,264,0,128,65,200,44,254,34,301,28,131,108,144,109,87,113,46,114,123,148,120,144,77,143,47,141
7,0,152,15,91,68,51,128,56,167,78,112,29,180,11,225,4,266,0,129,66,201,45,254,36,300,30,132,109,144,111,87,114,46,114,123,149,122,144,80,144,48,141
7,0,152,16,92,71,52,130,57,168,79,113,30,180,11,226,4,266,0,129,67,200,46,255,36,301,30,131,110,144,110,88,113,46,115,122,150,122,144,81,143,50,142
7,0,151,15,91,68,51,128,56,166,79,112,29,179,11,224,4,265,0,128,67,200,45,254,35,300,30,131,109,142,109,86,112,44,114,122,149,118,143,76,142,45,141
7,0,151,17,91,68,52,127,56,165,76,112,29,177,10,222,3,262,0,128,67,200,43,253,33,299,26,131,111,141,107,88,111,48,115,122,152,122,142,83,140,53,139
7,0,147,18,90,70,53,126,58,161,80,110,30,174,13,217,5,256,0,126,66,193,44,244,34,288,27,129,108,138,106,85,109,45,112,121,147,120,139,79,138,49,137
7,0,142,14,85,65,48,122,52,159,72,106,28,168,10,211,4,249,0,120,64,188,42,238,33,282,27,121,105,138,101,85,105,47,108,113,144,121,135,82,135,53,134
7,0,138,15,81,65,45,119,51,153,71,103,26,163,10,205,4,242,0,116,60,182,41,231,32,274,27,118,100,134,98,83,101,46,104,111,137,117,128,80,128,51,129
7,0,133,16,78,65,43,117,50,152,68,103,23,163,8,203,3,239,0,116,57,181,39,228,31,269,27,117,96,132,95,82,98,48,101,109,133,116,124,80,125,54,125
7,0,134,17,80,66,46,117,50,151,68,102,25,160,9,199,4,233,0,115,58,178,40,224,32,262,27,117,95,131,95,84,99,51,102,111,131,118,123,83,124,57,123
7,0,132,16,80,64,46,115,49,148,67,100,24,158,9,197,3,231,0,113,57,176,38,222,29,261,23,115,95,130,93,82,98,48,101,108,130,115,122,79,123,53,122
7,0,131,14,80,61,45,113,48,146,66,97,26,154,9,192,3,226,0,109,58,172,38,217,29,256,23,110,96,127,93,81,96,47,99,104,131,112,122,77,123,50,122
7,0,126,16,76,62,44,112,47,143,65,96,25,152,9,189,4,221,0,108,56,168,37,212,29,249,23,109,92,125,90,80,94,47,96,102,126,112,118,78,118,52,118
7,0,122,15,72,62,41,111,46,141,64,94,22,148,8,184,3,215,0,105,53,164,35,206,27,243,22,107,89,123,86,79,90,47,93,100,122,109,114,77,114,52,114
7,0,119,15,70,60,39,109,43,139,62,91,21,146,7,181,3,213,0,102,52,161,34,205,26,241,22,104,87,122,84,79,88,46,90,98,120,107,112,74,112,48,112
7,0,115,15,68,60,38,109,43,139,60,91,20,144,7,179,2,211,0,102,50,160,33,202,25,238,20,103,85,122,82,80,85,47,88,97,117,106,108,74,109,48,110
7,0,117,17,69,60,41,107,45,137,59,89,21,142,8,176,3,207,0,101,50,158,34,199,26,235,21,102,84,120,83,79,87,48,90,97,116,105,109,75,109,51,109
7,0,115,16,68,59,39,105,44,134,59,87,21,138,7,171,3,202,0,97,50,153,32,194,25,229,20,99,83,117,80,76,84,45,88,92,114,102,106,72,107,49,108
7,0,113,19,66,62,39,106,44,133,60,88,19,139,7,171,3,200,0,98,48,152,32,191,25,224,21,98,82,116,80,77,84,48,87,92,113,103,105,75,105,53,106
8,103,222,57,215,10,179,0,135,34,108,20,118,18,103,35,139,46,169,52,107,51,89,61,138,66,173,85,103,86,83,88,130,88,166,117,105,119,60,122,28,124,0
8,103,223,57,215,10,179,0,134,34,108,21,119,19,103,36,140,47,169,52,108,51,88,62,137,67,172,85,104,85,85,88,132,89,168,117,106,119,60,122,29,125,0
8,102,221,57,213,10,177,0,133,33,105,18,116,16,101,34,137,46,166,50,105,49,87,61,136,66,170,83,101,84,82,87,128,88,164,116,104,118,58,122,28,124,0
8,103,222,57,214,11,178,0,134,33,107,21,118,20,103,37,140,48,170,52,106,51,89,62,138,68,172,85,103,86,83,89,129,89,165,118,105,120,60,123,29,125,0
8,101,221,56,213,11,177,0,133,32,106,20,117,18,102,34,137,44,165,52,107,50,88,60,137,65,171,84,103,84,84,86,129,87,165,116,106,118,60,121,29,123,0
8,100,217,57,210,11,175,0,131,31,105,20,116,18,101,34,136,45,164,51,105,49,88,60,135,66,168,83,101,83,83,85,127,86,162,114,103,116,59,119,28,121,0
8,98,211,56,205,11,170,0,127,32,102,22,114,17,97,33,130,45,158,51,103,48,86,58,131,65,163,82,99,80,80,83,124,85,158,112,101,114,58,116,28,118,0
8,98,207,56,201,12,167,0,124,32,99,21,112,18,96,34,129,46,155,50,102,48,83,59,127,65,158,80,98,79,78,83,121,84,154,110,99,112,56,115,27,117,0
8,90,202,50,196,10,161,0,120,29,96,16,109,15,92,30,124,41,152,45,99,44,80,54,124,60,155,75,96,76,76,79,116,79,149,104,98,108,55,111,26,113,0
8,89,200,50,193,10,159,0,118,28,95,17,108,16,92,31,123,41,150,45,98,44,79,54,122,59,154,74,94,75,74,78,114,78,146,103,96,106,54,109,26,111,0
8,85,192,47,185,9,152,0,112,28,89,15,103,14,86,29,115,39,142,42,93,43,75,53,116,58,146,70,90,73,70,76,109,76,140,99,92,102,52,105,25,108,0
8,86,191,48,184,9,151,0,112,27,89,17,106,13,88,28,116,40,142,43,96,41,76,52,116,57,145,71,92,71,72,74,109,76,140,99,93,102,53,104,25,106,0
8,90,198,50,192,9,158,0,116,29,92,18,107,14,89,28,120,39,146,46,97,45,77,54,121,58,152,75,94,77,75,78,115,78,147,105,95,108,54,112,25,115,0
8,95,209,53,202,10,165,0,121,32,98,21,112,18,94,32,127,42,155,51,102,49,82,57,128,62,160,82,99,83,79,84,122,84,156,114,100,117,56,120,27,123,0
8,98,217,54,209,9,172,0,127,31,100,18,114,14,100,31,133,42,158,49,103,48,85,60,135,65,168,83,100,84,81,87,128,88,164,116,103,120,58,125,28,129,0
8,102,232,55,220,10,181,0,135,33,108,22,120,19,103,34,139,45,170,56,109,53,89,62,142,68,178,91,106,90,85,91,133,92,171,124,110,130,62,135,29,139,0
8,105,237,56,224,10,185,0,139,34,112,24,122,22,105,37,143,48,175,58,112,56,92,65,146,71,183,93,109,93,88,94,138,94,177,128,114,134,64,139,31,143,0
8,105,239,55,225,9,185,0,139,34,112,24,122,22,106,38,145,48,177,58,112,57,93,66,147,71,184,94,110,94,89,95,139,95,179,128,114,134,64,139,31,143,0
8,108,243,58,229,10,189,0,141,35,114,23,125,20,108,36,147,47,178,59,115,56,95,66,149,71,187,95,113,94,91,96,142,96,182,130,117,135,66,141,31,145,0
8,110,245,59,232,11,191,0,142,36,114,25,128,21,108,37,148,49,180,60,117,57,95,66,150,72,188,97,114,96,90,96,142,97,183,132,118,137,66,142,31,147,0
8,109,247,56,231,9,189,0,141,36,114,23,127,20,107,37,147,48,180,59,117,57,94,66,151,72,190,97,114,96,91,97,144,97,185,132,118,137,67,142,32,146,0
8,110,250,57,236,9,193,0,143,36,115,23,128,21,109,38,150,48,184,60,118,58,95,67,152,72,191,97,115,98,92,98,145,97,186,133,120,139,68,144,33,149,0
8,112,251,59,236,10,194,0,145,36,117,25,129,22,111,38,152,49,185,61,119,59,97,68,154,73,193,99,116,98,92,99,145,98,186,135,121,141,68,147,33,151,0
8,113,252,59,238,9,195,0,146,36,119,25,131,21,111,38,152,49,186,62,120,58,98,67,155,72,195,100,117,98,93,98,147,98,189,136,121,141,69,147,33,151,0
8,115,253,59,239,10,196,0,146,37,118,26,131,22,112,39,153,50,187,63,120,59,98,68,155,73,195,100,117,99,94,99,148,99,190,137,121,142,69,148,33,152,0
8,114,254,59,238,10,196,0,146,38,119,27,132,22,113,39,154,50,187,64,121,60,99,68,156,73,196,101,118,100,94,100,147,100,189,137,122,143,69,149,33,152,0
8,118,253,62,240,10,197,0,146,39,119,29,131,23,112,40,154,52,187,66,120,61,98,71,155,76,194,104,117,101,93,102,148,102,190,140,120,144,67,150,32,154,0
8,115,252,60,239,9,196,0,145,39,118,27,130,21,111,39,153,50,187,64,119,60,98,69,156,74,196,102,116,100,94,100,149,99,191,138,120,143,68,148,32,152,0
8,116,255,61,240,11,198,0,148,37,121,27,133,22,114,39,154,51,187,64,122,60,100,69,157,74,196,102,118,100,94,101,149,100,191,138,122,143,69,149,33,153,0
8,115,251,60,238,10,196,0,147,37,119,27,129,22,112,39,153,51,186,63,119,59,98,69,155,74,194,101,116,99,93,100,148,99,189,137,120,142,67,148,32,152,0
8,115,251,61,238,10,196,0,146,38,118,27,130,22,112,40,153,51,186,64,119,60,97,69,154,74,194,101,116,100,94,100,148,99,190,138,120,142,68,148,32,152,0
8,113,252,59,238,10,196,0,146,38,119,27,129,21,111,38,153,49,185,63,119,58,98,67,155,73,194,100,117,97,94,98,149,99,190,137,121,141,69,146,33,150,0
8,112,251,59,237,10,195,0,145,37,117,26,130,21,109,37,151,48,185,63,120,59,97,67,154,72,193,100,117,99,93,98,146,98,187,136,121,141,69,146,33,150,0
8,113,252,60,238,10,195,0,145,38,118,26,130,20,111,37,152,48,184,62,120,58,98,67,155,71,194,100,117,98,93,98,146,98,188,136,121,141,69,146,33,150,0
8,114,250,61,236,11,194,0,144,39,116,27,130,22,110,39,151,50,184,64,119,60,97,68,153,73,192,101,116,99,92,99,146,99,187,137,120,142,68,147,32,151,0
8,114,251,60,237,10,195,0,145,37,117,27,130,22,110,38,152,50,185,63,120,60,97,68,154,73,193,100,117,99,94,99,148,99,189,136,120,141,68,146,33,150,0
8,112,250,59,237,9,194,0,145,36,118,26,129,20,110,36,150,48,183,62,118,57,97,66,153,72,192,99,115,96,93,97,146,98,188,136,119,140,67,145,32,149,0
8,114,251,60,237,11,195,0,145,37,118,27,130,21,111,38,151,49,184,63,120,59,97,67,154,72,193,100,117,98,93,98,146,98,187,136,121,141,68,146,32,150,0
8,112,251,59,238,9,195,0,146,37,119,26,129,20,111,37,152,48,184,63,119,58,98,67,155,73,193,100,116,97,94,98,147,98,189,136,120,140,67,145,32,149,0
8,112,251,59,237,10,194,0,144,37,117,26,130,21,111,38,152,50,184,62,119,59,97,67,154,72,193,100,116,98,93,98,146,98,187,135,120,141,68,146,32,150,0
8,110,251,57,236,8,193,0,144,37,117,26,129,21,111,38,152,49,185,62,119,58,97,67,154,72,192,99,116,97,92,97,145,97,187,134,121,139,68,145,32,149,0
8,111,249,58,236,9,193,0,144,37,116,26,128,21,110,38,151,49,184,62,118,58,97,67,153,73,192,99,116,97,92,98,146,98,187,134,120,139,67,144,32,148,0
8,112,249,59,236,10,193,0,144,38,116,26,129,21,110,37,150,49,182,62,118,58,96,67,152,73,191,99,115,97,92,97,146,98,187,135,119,140,67,145,32,149,0
8,112,248,60,236,10,194,0,145,37,117,26,129,20,110,36,151,48,183,62,118,58,96,66,152,72,191,99,115,97,92,97,145,97,186,135,119,139,67,144,32,148,0
8,111,249,59,236,10,193,0,143,37,116,25,129,21,109,37,150,49,183,61,119,58,96,66,152,71,190,98,115,97,91,97,144,96,185,134,119,138,67,143,32,146,0
8,113,250,61,235,11,193,0,144,38,116,26,131,22,111,38,151,50,183,63,119,59,97,67,153,72,192,100,116,99,91,98,143,97,185,135,119,140,67,145,32,148,0
8,111,250,60,236,10,194,0,145,37,117,26,130,20,112,37,152,49,184,61,119,58,97,67,153,72,192,99,117,97,92,97,145,98,186,134,120,139,68,143,32,147,0
8,113,248,62,236,11,194,0,145,37,115,26,129,20,111,37,152,49,183,62,119,58,95,67,152,73,191,99,116,97,92,98,146,99,186,135,119,138,67,143,32,147,0
8,110,250,58,236,9,194,0,145,36,117,25,130,20,112,37,153,49,185,61,119,57,98,66,154,71,193,98,116,96,92,97,145,97,186,133,120,138,68,143,33,147,0
8,112,250,60,237,10,194,0,144,37,117,25,130,20,110,37,151,48,182,61,120,58,97,67,153,72,192,99,116,97,92,98,146,98,187,134,120,138,67,143,32,147,0
8,112,249,60,237,10,195,0,145,37,117,26,128,21,111,37,153,49,185,62,118,57,97,67,154,72,193,99,115,97,93,98,147,98,188,134,120,139,67,143,32,147,0
8,112,249,59,236,9,194,0,144,37,117,26,128,21,110,37,151,49,184,62,118,58,96,67,153,73,192,99,115,97,92,98,146,98,187,134,119,139,67,143,32,147,0
8,111,249,59,234,10,193,0,144,36,116,26,129,22,111,38,152,49,184,62,119,58,96,66,152,71,191,99,116,97,91,97,143,97,184,134,119,139,67,144,32,147,0
8,111,249,59,235,10,193,0,144,36,115,25,129,20,111,36,151,48,183,60,118,57,96,65,152,71,191,97,115,95,91,96,145,96,186,133,118,137,67,141,32,145,0
8,111,248,60,235,11,194,0,144,37,115,25,129,20,110,37,150,49,182,61,118,57,96,66,152,71,190,98,115,97,91,97,145,97,186,133,118,137,67,142,32,146,0
8,112,248,61,236,11,194,0,144,37,116,27,130,21,110,38,151,50,183,63,119,58,96,67,152,73,190,99,115,97,91,98,145,98,185,134,119,138,67,142,32,146,0
8,111,249,61,237,11,194,0,145,37,117,25,131,20,111,37,151,49,182,61,121,57,97,66,154,72,192,97,118,96,92,97,145,97,186,133,121,136,69,141,33,145,0
8,111,248,60,235,11,194,0,145,35,116,25,130,21,111,37,151,49,184,61,119,57,97,66,152,72,191,97,115,95,91,96,144,97,185,133,118,136,67,140,32,144,0
8,112,249,61,236,11,195,0,146,37,117,26,131,20,112,37,153,49,185,62,119,57,97,66,154,72,192,99,116,96,92,97,145,98,186,135,119,138,67,142,32,145,0
8,114,249,62,237,11,195,0,145,38,116,26,130,19,111,37,151,49,182,62,119,57,96,67,153,73,191,99,115,97,92,98,146,98,187,135,118,138,67,143,32,146,0
8,113,248,61,236,11,194,0,144,37,116,26,129,20,110,37,151,49,182,62,118,58,96,66,153,71,192,99,115,97,91,97,144,97,185,135,119,139,67,143,32,147,0
8,112,249,61,236,11,194,0,144,38,116,26,130,20,111,37,152,49,183,62,119,57,97,67,153,72,191,98,115,96,92,97,145,97,186,134,118,137,66,142,32,145,0
8,111,248,59,234,11,192,0,144,36,116,26,129,21,110,38,150,49,182,62,119,58,97,67,152,73,191,98,116,96,92,97,145,98,186,134,119,137,67,141,32,144,0
8,112,248,61,236,11,194,0,145,37,117,26,131,21,111,37,151,50,182,61,120,58,97,67,153,73,190,98,116,96,92,97,144,98,185,134,119,137,67,141,32,144,0
8,112,248,60,235,11,194,0,145,36,116,24,130,18,111,35,151,48,181,60,119,56,97,65,153,71,190,96,115,95,91,96,144,97,185,132,118,135,67,139,32,143,0
8,111,246,60,234,10,193,0,144,36,114,25,129,19,110,36,150,47,181,60,118,56,96,65,151,70,189,97,114,94,90,95,143,95,183,132,117,135,66,140,31,143,0
8,111,247,60,233,10,192,0,143,36,114,24,129,19,109,35,149,47,180,60,118,56,95,65,151,71,189,96,115,95,90,95,143,96,184,132,118,135,66,138,32,141,0
8,112,247,61,235,11,193,0,144,36,115,25,130,20,109,37,150,49,181,60,119,57,96,67,152,72,189,97,115,96,91,97,144,97,185,133,118,136,66,140,31,144,0
8,112,247,61,234,11,192,0,143,37,114,25,128,20,109,36,148,48,179,61,118,57,95,67,151,73,189,97,115,95,91,97,144,98,185,133,118,136,66,140,31,144,0
8,112,248,61,237,10,194,0,143,37,116,26,130,20,109,36,150,48,181,61,119,58,96,67,152,73,190,98,116,96,93,97,146,98,187,134,119,136,67,140,32,143,0
8,110,247,59,235,10,193,0,144,36,116,24,130,19,110,36,150,48,182,59,119,56,97,66,153,71,190,96,115,95,93,96,145,96,186,132,118,135,67,139,32,142,0
8,111,247,60,234,11,192,0,143,37,115,25,128,20,109,37,149,48,181,61,118,57,96,66,152,72,190,97,115,95,92,96,145,96,185,133,118,136,67,139,32,142,0
8,111,247,60,234,10,193,0,144,36,116,26,130,21,111,37,150,49,182,61,119,57,96,67,151,72,189,97,116,95,93,97,145,98,185,133,119,135,67,139,32,142,0
8,111,246,60,234,11,192,0,143,36,115,25,128,20,109,36,149,48,180,60,118,56,96,66,151,72,189,97,114,94,92,96,145,97,185,133,117,135,66,138,31,142,0
8,110,246,59,233,10,191,0,142,36,113,24,129,19,110,36,149,48,179,59,118,56,96,66,150,72,187,95,114,94,91,96,142,96,182,130,117,133,66,137,31,141,0
8,112,247,62,235,11,193,0,143,37,115,26,128,21,110,37,150,49,182,61,117,57,95,67,151,72,189,98,114,96,91,97,144,98,184,134,117,135,66,139,31,142,0
8,110,245,60,233,11,192,0,143,36,114,25,129,19,109,35,148,47,179,59,118,56,95,65,150,71,187,96,114,93,91,95,143,96,183,132,117,133,65,136,31,139,0
8,112,245,61,233,11,191,0,141,37,114,25,130,19,109,35,146,47,176,60,119,56,95,66,149,71,186,96,115,94,90,95,142,96,182,132,117,134,66,137,31,140,0
8,113,245,61,233,11,191,0,142,37,114,27,129,21,108,38,148,49,179,62,118,58,94,67,149,72,187,98,114,96,90,97,142,97,182,134,117,135,66,139,32,141,0
8,112,243,61,232,12,190,0,141,36,113,27,126,21,107,38,147,49,178,62,115,57,93,67,148,72,186,98,112,95,89,97,141,97,181,134,116,135,65,138,31,141,0
8,112,245,62,233,12,191,0,142,36,114,26,128,21,109,38,149,50,180,61,117,57,95,66,149,72,187,98,114,95,90,96,143,97,183,133,116,135,65,138,31,141,0
8,113,245,63,234,13,193,0,144,37,115,27,129,22,109,38,149,49,181,62,118,58,96,67,151,72,188,98,114,96,91,97,143,97,183,134,117,135,66,138,32,141,0
8,113,245,63,234,11,192,0,142,37,114,26,128,20,109,37,149,50,180,61,117,58,95,67,150,73,188,97,114,96,90,98,143,98,183,133,117,135,66,138,31,142,0
8,113,247,63,236,13,194,0,145,37,117,27,130,21,112,38,151,50,182,62,119,58,97,67,152,73,189,98,115,96,92,98,144,98,184,134,118,135,66,139,32,142,0
8,112,245,62,234,12,192,0,142,36,114,27,128,22,109,38,149,50,181,61,118,58,95,67,149,72,187,98,114,95,90,96,143,97,183,133,117,135,66,138,31,141,0
8,112,244,62,232,12,191,0,142,37,113,26,128,20,108,37,147,48,178,61,117,57,94,67,149,72,186,97,113,95,90,96,142,97,182,133,116,134,65,137,31,140,0
8,113,242,64,232,13,190,0,141,36,112,27,127,22,107,39,146,50,177,62,116,58,94,68,148,74,185,97,113,95,89,97,140,98,180,133,115,134,65,137,31,140,0
8,111,243,62,231,11,190,0,141,37,112,23,126,18,106,35,144,47,175,58,115,57,95,69,149,74,187,95,112,95,90,98,142,98,182,131,116,132,65,135,31,137,0
8,112,243,62,231,12,190,0,141,37,112,24,128,19,107,36,145,48,177,59,117,56,94,67,147,73,185,95,113,92,90,96,141,98,181,131,116,131,66,134,31,136,0
8,111,241,63,231,12,190,0,140,37,112,24,128,17,107,35,145,48,176,59,116,55,94,66,147,72,185,95,112,92,90,95,141,97,180,131,115,131,65,133,31,135,0
8,112,242,63,233,11,191,0,141,37,113,24,128,18,107,35,145,47,176,58,117,55,95,66,149,72,186,95,113,92,90,95,141,96,180,131,116,132,65,134,31,136,0
8,111,240,61,229,11,188,0,139,36,113,27,125,23,107,39,145,51,178,61,114,58,95,69,147,74,185,96,111,93,89,96,139,98,178,131,114,132,64,135,31,136,0
8,110,244,61,233,11,191,0,142,37,115,22,128,17,107,33,146,45,178,57,118,54,96,64,150,69,188,94,114,92,92,94,143,95,183,130,117,131,67,133,32,134,0
8,112,244,64,233,12,191,0,141,38,113,24,128,18,108,36,147,48,178,59,117,56,95,66,150,72,187,96,114,93,90,96,142,97,181,132,117,133,66,135,32,136,0
8,113,244,64,233,13,191,0,142,37,114,26,129,21,110,38,148,50,180,60,118,58,97,69,150,74,187,97,114,95,91,98,141,99,181,133,116,133,66,136,31,137,0
8,112,245,62,233,12,191,0,141,37,114,26,130,21,109,37,147,49,179,60,118,57,97,68,149,73,186,97,114,94,91,96,142,97,181,133,116,133,65,135,31,136,0
8,114,245,65,234,13,192,0,143,37,114,27,130,21,110,38,149,50,180,62,119,58,96,67,149,72,186,99,114,95,91,97,142,97,182,135,116,134,66,136,31,137,0
8,111,244,62,232,12,191,0,141,37,112,24,128,17,107,34,145,47,176,59,116,56,94,66,148,71,186,96,113,93,89,95,141,96,180,132,115,132,65,134,31,135,0
8,112,243,64,232,13,191,0,141,37,111,25,127,19,108,37,146,49,177,59,116,56,94,67,147,72,185,96,112,93,89,96,140,96,179,132,114,132,64,134,30,135,0
8,112,244,63,233,12,192,0,142,37,114,26,129,20,109,37,148,49,180,60,118,57,96,67,149,72,186,96,114,94,91,96,142,97,181,132,116,132,66,134,31,135,0
8,111,244,62,233,12,190,0,141,36,112,26,132,20,111,37,148,50,179,61,120,57,97,66,149,71,187,97,116,94,90,95,140,96,179,132,117,132,66,133,32,134,0
8,113,242,63,231,13,190,0,141,37,113,26,130,21,109,37,147,50,178,60,118,56,94,66,147,71,185,96,114,93,90,96,141,96,180,132,115,132,65,133,31,134,0
8,112,242,64,230,13,189,0,140,36,112,25,128,18,107,36,145,49,176,60,117,56,95,66,148,71,185,96,113,93,89,96,140,97,179,132,116,131,66,132,32,133,0
8,111,242,62,231,12,191,0,142,35,113,25,129,18,109,34,146,47,177,60,117,54,95,64,148,70,186,95,113,91,90,94,141,95,180,131,115,130,65,131,31,132,0
8,113,242,64,232,13,191,0,141,37,112,26,130,20,108,37,145,49,176,61,119,57,94,66,147,71,185,97,114,94,89,96,139,97,178,133,115,133,65,134,31,134,0
9,105,270,57,254,11,205,0,157,36,132,35,145,26,116,37,148,52,176,66,135,57,104,62,152,74,190,99,132,100,74,97,37,96,0,131,140,154,92,176,63,193,33
9,106,269,58,254,12,205,0,156,36,131,36,145,27,115,38,147,53,176,67,135,58,104,63,151,74,189,99,132,100,74,98,37,97,0,131,140,154,92,176,63,193,32
9,103,255,54,243,10,194,0,145,37,120,33,146,20,116,35,146,51,170,61,134,53,98,63,142,75,178,90,129,90,70,86,35,82,0,121,133,136,88,150,59,159,27
9,102,257,55,245,10,195,0,145,37,120,32,145,20,116,35,147,51,173,61,134,53,98,62,143,73,179,90,129,90,70,85,35,80,0,120,133,136,88,149,59,158,28
9,101,255,53,243,9,193,0,145,37,120,32,145,20,116,35,146,51,171,60,133,53,98,62,141,73,177,90,127,90,69,85,34,80,0,120,131,136,87,150,58,158,27
9,101,256,53,243,9,194,0,146,38,120,32,145,19,116,34,146,50,170,60,133,53,98,63,143,74,179,90,128,91,70,86,34,81,0,121,132,136,87,150,58,159,27
9,102,255,54,242,10,194,0,145,38,120,34,146,21,117,35,147,51,171,62,135,54,99,63,143,75,179,92,129,91,70,86,34,82,0,122,133,138,88,152,58,161,27
9,102,256,54,244,10,195,0,146,37,121,33,147,19,118,34,147,50,171,61,135,53,99,62,143,74,178,90,129,90,71,85,35,81,0,120,133,137,88,151,58,160,27
9,104,256,57,244,12,195,0,146,38,120,33,146,20,118,35,148,51,172,61,134,54,98,64,142,76,176,91,128,91,70,86,35,82,0,121,133,138,88,152,58,161,27
9,104,256,56,242,11,192,0,143,37,119,33,143,21,115,35,145,50,169,61,132,54,96,62,139,74,174,91,126,91,69,87,34,84,0,122,130,138,85,153,56,163,26
9,103,255,55,242,11,193,0,144,36,119,32,143,20,114,35,145,51,171,60,131,53,96,61,139,73,174,90,126,90,69,85,34,82,0,120,131,137,86,152,57,162,26
9,104,256,56,242,12,193,0,145,37,119,34,143,20,116,35,147,51,172,61,132,54,96,63,140,75,174,91,126,91,69,87,34,83,0,121,131,138,86,153,57,162,26
9,104,256,55,243,11,194,0,146,37,120,33,145,20,117,34,147,50,172,61,133,53,97,62,140,74,176,90,127,90,69,86,34,82,0,121,131,137,86,152,56,162,26
9,104,255,55,241,11,192,0,143,36,118,34,144,21,116,35,146,52,171,62,133,54,97,63,140,75,175,91,127,90,69,86,34,82,0,121,131,137,86,152,57,161,26
9,99,247,53,234,11,186,0,137,35,114,31,142,18,112,31,141,46,165,57,130,50,94,59,134,71,166,85,125,84,69,79,34,76,0,114,128,129,85,142,57,151,27
9,99,239,52,226,10,178,0,130,35,110,29,139,16,109,29,135,43,157,55,128,47,90,55,127,67,157,83,122,80,66,75,32,72,0,112,125,125,83,137,55,146,26
9,91,232,47,219,7,171,0,124,33,104,25,136,14,105,26,132,39,153,50,125,43,88,52,124,63,152,77,120,74,65,70,32,67,0,105,122,118,81,130,53,138,25
9,91,228,45,216,7,167,0,120,32,104,27,133,16,103,28,130,41,152,51,123,44,85,53,120,63,148,76,118,74,63,70,31,67,0,103,119,116,79,128,52,137,25
9,88,223,42,210,5,163,0,116,30,101,23,129,12,100,24,126,37,147,47,120,41,84,50,117,60,143,73,115,71,62,67,30,65,0,100,116,112,75,125,49,135,22
9,87,223,41,210,5,161,0,115,31,100,23,130,12,100,25,126,37,147,47,120,41,83,50,116,60,143,72,115,71,62,67,30,66,0,100,115,112,75,125,49,135,23
9,86,222,41,209,5,162,0,117,29,100,23,129,13,100,25,126,37,146,47,119,41,83,48,115,57,142,72,114,70,61,66,30,64,0,98,115,111,75,124,49,134,23
9,99,243,51,228,9,182,0,134,38,110,30,139,17,110,32,138,46,161,57,127,50,90,60,130,70,162,85,122,84,64,80,31,77,0,115,125,128,82,142,54,152,26
9,104,257,55,243,10,193,0,143,37,117,31,144,18,116,34,146,51,172,61,132,53,95,62,138,74,174,91,127,91,69,85,34,82,0,122,132,137,86,152,56,161,26
9,113,276,60,261,12,211,0,159,39,130,35,155,20,125,36,157,55,184,67,142,57,104,66,151,81,189,100,136,98,74,93,36,90,0,134,142,150,92,167,60,179,27
9,115,283,61,266,12,215,0,163,38,133,36,158,21,128,37,162,56,191,69,144,57,105,67,154,83,194,103,140,102,75,96,37,93,0,139,146,155,96,171,64,182,29
9,115,288,60,270,11,217,0,163,41,135,35,160,20,129,37,164,55,194,69,147,59,106,68,156,83,196,104,143,103,78,97,38,94,0,140,149,157,99,174,65,186,30
9,118,292,62,273,13,218,0,164,38,136,35,159,23,126,39,160,56,191,70,146,61,104,68,152,82,193,105,142,105,78,99,38,96,0,142,149,160,98,176,65,188,29
9,120,296,63,278,13,221,0,164,40,138,35,163,22,131,39,166,57,196,71,150,62,107,70,156,83,196,107,145,107,80,100,39,96,0,143,152,161,101,178,66,189,31
9,122,299,66,282,14,226,0,169,42,137,38,165,24,134,40,170,57,201,73,152,62,111,72,162,86,204,109,147,107,80,100,39,95,0,146,153,164,101,181,67,192,30
9,123,306,66,288,13,230,0,172,41,142,37,168,23,134,40,167,57,197,73,155,62,112,71,166,85,210,109,150,107,82,100,40,96,0,147,157,164,104,181,69,192,32
9,124,304,67,287,13,228,0,170,43,141,37,170,21,136,38,171,57,201,73,155,63,112,72,163,86,206,110,150,108,81,101,40,96,0,147,156,165,103,183,68,194,31
9,127,309,69,291,15,231,0,172,41,144,38,172,23,136,40,173,59,203,74,157,63,113,73,163,87,204,111,151,108,83,101,41,96,0,149,157,167,104,184,68,196,32
9,127,307,68,289,15,231,0,173,41,143,38,171,21,136,40,172,60,203,74,156,63,112,73,163,86,206,112,151,109,82,101,40,96,0,150,157,168,104,185,68,197,32
9,126,310,69,292,14,234,0,175,42,145,39,174,22,140,40,175,59,205,74,160,63,116,72,167,85,211,111,155,109,83,100,41,95,0,149,161,168,106,186,70,198,33
9,127,310,70,292,15,233,0,175,43,144,39,172,23,139,41,174,60,204,75,158,64,115,74,167,89,211,113,153,108,83,99,40,93,0,151,160,170,107,187,71,199,34
9,127,310,69,293,14,234,0,176,42,143,40,174,23,140,42,176,61,207,75,160,64,117,73,170,87,214,113,155,109,85,100,41,93,0,151,162,169,108,187,72,199,34
9,127,311,69,292,15,234,0,177,41,144,38,173,22,140,40,176,59,206,75,159,63,116,73,170,88,213,112,155,109,84,99,41,94,0,151,162,169,108,187,72,199,33
9,127,308,70,290,15,232,0,176,41,143,40,171,24,137,42,173,62,204,76,158,64,115,73,168,87,212,113,154,109,83,100,40,94,0,151,161,169,106,186,70,199,32
9,127,308,70,289,16,231,0,175,41,141,40,169,25,137,44,175,62,206,76,156,64,113,74,166,89,210,112,151,109,82,100,40,94,0,150,158,169,105,186,70,197,32
9,125,303,67,285,13,228,0,171,41,139,37,168,20,136,38,171,57,202,73,154,61,112,71,163,85,206,110,149,106,82,97,40,91,0,148,156,166,102,183,67,194,30
9,126,305,68,288,14,231,0,175,42,142,39,172,21,139,39,174,60,203,75,157,62,115,72,167,86,210,112,152,108,84,98,41,92,0,149,158,167,105,184,69,196,32
9,124,300,67,282,14,226,0,170,42,137,39,167,20,135,39,171,59,201,73,153,61,111,72,162,86,205,110,148,106,81,97,40,91,0,147,154,165,102,182,67,193,31
9,111,271,58,255,12,200,0,147,36,128,36,154,24,120,38,153,52,182,66,141,56,99,65,141,77,176,97,135,92,75,83,37,77,0,129,139,144,93,158,62,168,31
9,109,265,57,249,11,195,0,143,39,123,35,150,23,117,37,148,52,174,64,138,56,98,65,139,76,173,95,132,91,74,84,36,79,0,127,136,142,90,156,60,165,29
9,104,255,55,242,10,190,0,138,37,119,34,147,22,115,36,145,50,170,62,135,53,96,62,136,73,169,91,130,88,72,81,36,75,0,122,133,138,89,151,59,160,29
9,104,253,54,239,10,187,0,136,37,117,34,145,21,113,35,142,50,167,62,133,53,93,62,132,73,166,91,127,88,71,81,34,76,0,121,130,137,86,150,56,159,27
9,104,252,55,239,11,187,0,137,36,115,35,146,20,114,34,142,49,165,62,134,53,94,62,133,73,165,90,128,87,70,80,35,75,0,121,131,136,87,149,59,158,28
9,103,250,55,238,10,186,0,135,36,115,34,145,20,113,34,142,48,165,61,133,52,93,61,132,72,164,89,127,85,70,79,34,74,0,119,130,134,87,147,59,156,29
9,100,249,52,235,10,185,0,135,35,112,32,144,19,112,32,141,46,163,58,132,50,93,58,131,70,163,87,127,84,69,77,34,72,0,118,129,132,87,145,59,154,29
9,102,249,54,235,11,184,0,134,37,112,32,144,19,112,32,140,47,162,59,132,50,92,59,130,71,162,88,126,84,70,77,34,72,0,119,129,133,87,146,58,155,29
9,100,247,52,234,9,184,0,133,36,113,34,142,22,111,34,139,47,162,60,131,51,92,60,132,71,164,88,125,85,69,78,35,73,0,118,128,131,86,144,58,153,28
9,101,247,53,234,10,184,0,133,37,112,33,142,21,111,34,140,48,162,60,131,52,91,60,130,71,161,88,125,84,69,78,34,72,0,118,128,132,86,145,58,153,29
9,100,248,53,235,11,184,0,134,36,114,34,142,22,111,34,139,48,162,60,131,51,93,60,133,71,164,88,126,85,70,78,35,73,0,118,130,132,87,145,59,153,29
9,100,249,54,235,10,185,0,135,36,113,33,144,20,111,34,141,48,164,59,133,52,94,60,133,70,165,88,127,85,71,79,36,73,0,117,130,132,88,145,60,154,31
9,100,248,53,235,10,184,0,134,35,114,33,144,20,112,33,140,47,163,60,132,51,93,59,133,69,165,88,127,85,70,78,35,73,0,118,130,132,87,145,59,154,29
9,101,248,54,235,11,183,0,133,37,113,34,141,21,110,35,138,49,162,61,130,52,93,61,132,72,165,89,124,86,70,79,34,74,0,119,128,134,85,147,57,155,28
9,101,247,54,233,11,183,0,133,35,112,32,142,19,111,34,139,48,162,59,130,51,91,60,129,71,160,88,124,84,69,77,34,72,0,118,127,133,85,147,57,155,28
9,101,248,53,235,10,184,0,134,36,113,33,143,19,112,33,140,48,163,60,132,51,93,60,131,71,162,89,126,84,70,77,35,72,0,119,129,133,86,146,57,155,28
9,101,248,54,235,11,184,0,133,35,113,32,143,18,113,33,141,48,163,59,131,51,93,61,131,72,162,88,125,84,69,77,34,72,0,119,128,133,86,146,58,155,28
9,102,249,54,235,10,184,0,133,36,114,33,143,21,112,34,141,48,164,60,132,52,93,61,132,71,163,88,126,85,69,78,35,72,0,118,129,133,86,146,58,155,29
9,101,248,54,236,10,184,0,133,37,114,35,142,23,110,36,140,49,165,62,131,54,93,61,132,72,166,90,126,87,69,80,34,74,0,120,129,134,86,147,57,156,28
9,101,248,53,235,10,183,0,133,36,113,33,142,21,111,35,140,49,165,60,131,53,91,61,130,71,164,89,125,87,69,79,34,74,0,119,128,133,84,147,56,156,28
9,100,248,53,235,10,184,0,134,35,114,33,143,21,111,35,139,49,162,60,131,52,92,61,131,72,165,89,125,85,69,79,34,73,0,118,128,133,85,146,57,155,28
9,101,247,53,234,10,183,0,133,35,114,33,142,20,111,34,139,49,162,60,130,51,91,60,129,71,161,88,125,85,68,77,33,72,0,118,127,133,84,146,56,155,27
9,100,247,52,235,9,184,0,134,35,116,32,142,19,112,33,140,47,163,59,131,50,92,60,132,71,164,87,125,84,69,77,34,72,0,117,128,132,85,145,57,154,28
9,101,248,54,235,11,184,0,135,34,115,33,143,22,112,35,139,49,162,60,132,51,93,60,132,71,164,88,127,84,70,77,35,72,0,118,130,133,86,146,58,155,28
9,100,246,53,234,10,182,0,132,35,112,32,142,18,112,32,140,47,162,58,130,50,92,59,130,69,162,87,124,84,68,78,33,72,0,117,127,132,84,145,56,153,28
9,101,247,53,234,10,184,0,134,35,114,33,143,19,112,33,139,47,162,60,131,51,93,60,131,71,163,88,125,84,69,78,34,72,0,118,128,132,85,145,57,153,28
9,100,247,53,235,10,184,0,134,35,115,34,143,21,111,34,140,49,163,60,132,51,92,60,131,71,164,88,126,85,69,79,34,73,0,117,128,132,85,145,57,154,28
9,101,249,54,236,11,186,0,136,34,116,34,144,23,113,36,141,50,165,61,132,52,94,62,133,72,166,89,127,85,70,78,35,72,0,118,130,133,87,146,59,154,29
9,99,250,52,237,9,186,0,136,35,117,34,145,22,114,35,142,49,166,60,134,51,95,60,135,70,167,88,128,85,72,78,36,72,0,117,131,131,88,144,59,153,29
9,100,247,53,235,10,185,0,134,36,114,34,144,21,112,34,141,48,164,60,132,52,93,60,132,70,163,88,126,85,70,78,35,72,0,117,128,132,85,145,57,153,28
9,100,248,53,236,10,184,0,134,35,115,32,143,20,113,34,142,48,165,59,132,50,92,59,131,70,163,87,126,84,70,76,34,71,0,117,129,132,86,145,58,154,28
9,100,248,53,235,10,184,0,133,36,115,33,144,20,113,34,142,48,165,60,132,51,93,61,132,71,163,88,127,85,70,78,35,72,0,118,129,133,86,146,58,154,28
9,100,250,54,237,11,187,0,137,35,115,33,145,19,115,33,143,48,165,59,133,50,95,60,135,73,168,88,128,84,71,77,35,70,0,118,131,132,88,145,60,153,30
9,100,248,53,237,10,186,0,136,35,114,32,145,19,114,33,142,47,164,58,133,50,94,59,133,71,165,86,128,83,70,76,35,70,0,116,130,131,87,144,58,152,28
9,101,247,53,236,10,184,0,134,35,114,33,142,22,110,36,138,49,162,60,131,51,92,60,131,70,164,88,126,84,70,77,35,71,0,117,129,132,85,144,57,152,27
9,100,248,53,235,11,184,0,134,35,115,34,143,21,113,35,141,49,164,61,131,52,94,61,133,73,166,89,126,85,69,77,34,71,0,118,129,132,86,144,57,152,27
9,100,247,52,236,10,184,0,133,35,115,34,143,20,112,33,140,47,162,60,132,51,94,60,133,71,166,88,126,84,70,76,34,70,0,118,129,131,85,143,57,151,27
9,100,249,52,237,9,185,0,134,36,116,35,145,22,113,35,142,49,165,61,133,51,94,60,133,71,166,88,128,84,71,77,36,70,0,117,131,131,87,144,59,152,29
9,101,247,54,236,11,184,0,133,35,113,35,143,22,111,37,139,51,163,61,132,52,92,61,131,72,164,89,126,85,70,77,35,70,0,118,128,132,85,144,57,152,27
9,100,248,54,236,10,184,0,133,36,115,35,143,24,112,36,140,50,164,61,132,52,93,61,133,71,166,89,127,85,70,77,35,71,0,118,130,132,86,144,57,152,28
9,100,248,53,237,10,185,0,135,34,115,34,144,22,112,35,140,49,163,60,133,50,93,59,133,70,165,88,127,84,71,77,35,71,0,118,130,131,85,143,57,152,27
9,100,249,53,238,9,186,0,135,35,115,33,145,20,113,33,143,47,165,60,134,50,94,58,133,69,165,88,128,83,72,76,35,69,0,118,131,131,86,143,57,152,27
9,102,248,54,237,10,184,0,133,36,114,34,144,20,113,35,141,49,164,61,132,52,93,61,132,71,164,89,126,85,69,77,34,70,0,119,129,133,85,145,56,153,27
9,100,248,53,236,10,184,0,133,35,115,34,144,21,111,35,141,49,165,60,132,51,92,59,130,70,163,88,126,83,70,75,35,68,0,118,129,131,85,144,56,152,27
9,100,248,52,236,9,184,0,133,36,114,35,143,22,111,35,140,49,164,61,131,52,92,60,131,70,164,88,126,84,69,75,34,69,0,117,129,131,84,144,56,152,26
9,100,247,52,235,9,183,0,133,35,115,32,143,19,113,33,141,48,164,59,131,50,93,59,131,71,163,88,126,83,70,75,34,69,0,118,128,131,84,144,56,153,26
9,100,245,53,232,10,182,0,133,34,113,35,142,22,110,34,137,47,161,60,130,52,93,60,130,69,163,88,124,85,69,77,34,71,0,117,127,131,83,144,54,152,25
9,100,247,53,235,11,184,0,134,34,115,36,142,24,110,36,138,50,162,62,132,52,93,60,132,70,164,89,127,85,71,77,35,71,0,118,130,131,86,144,57,153,28
9,101,247,54,235,11,184,0,132,35,113,34,143,21,111,35,140,49,163,61,131,51,91,60,129,71,160,88,126,83,70,75,35,69,0,118,128,131,85,144,57,152,27
9,100,247,53,235,10,185,0,134,34,113,33,143,19,112,32,140,46,163,59,132,49,93,59,132,70,163,87,126,82,70,75,35,69,0,117,128,130,85,143,57,151,27
9,100,247,53,236,10,184,0,133,35,113,32,143,18,112,32,139,47,161,59,132,49,93,59,132,71,164,87,126,83,70,76,34,69,0,118,129,131,85,144,56,152,26
9,98,247,51,236,8,185,0,134,35,115,33,143,21,111,34,140,47,165,59,132,51,93,58,132,69,165,87,127,83,70,75,34,70,0,116,130,130,85,143,56,152,27
9,100,247,53,236,10,185,0,135,35,116,34,143,22,112,35,140,49,165,60,132,52,93,59,132,69,164,88,126,85,70,77,35,71,0,118,129,131,85,144,56,153,27
9,99,246,53,234,10,183,0,133,35,113,33,142,19,111,33,140,47,163,59,131,50,92,60,131,71,163,87,125,83,69,76,34,70,0,117,127,131,83,144,55,152,26
9,101,248,54,237,11,185,0,135,34,115,34,143,22,112,36,140,50,164,61,132,52,94,61,133,72,166,89,126,86,70,79,35,73,0,119,129,132,85,145,56,153,27
9,98,247,52,236,9,184,0,133,34,114,34,143,22,110,34,139,48,164,60,132,51,93,60,131,71,164,87,126,83,70,75,35,69,0,116,129,130,85,143,56,152,27
9,100,247,52,235,9,183,0,132,35,114,33,143,21,111,33,139,46,163,59,132,50,93,59,131,70,163,87,127,83,70,76,35,70,0,117,130,131,85,144,57,152,27
9,101,247,53,236,10,184,0,133,36,115,33,143,21,112,34,141,48,163,60,131,50,92,60,132,73,163,88,126,83,70,76,35,70,0,118,129,132,86,144,58,153,28
9,100,248,53,237,10,185,0,134,35,116,36,144,24,111,36,140,50,164,62,132,53,94,61,133,71,165,89,127,85,71,77,35,71,0,118,130,131,86,144,57,152,27
9,99,244,51,231,10,181,0,132,31,113,32,140,20,109,34,135,47,159,59,128,50,90,59,128,69,160,87,123,83,68,76,33,70,0,117,126,130,83,143,54,151,25
9,98,245,51,233,9,182,0,133,34,113,33,140,20,109,32,136,45,159,59,129,50,91,58,131,68,163,87,124,83,69,76,34,70,0,116,127,129,84,141,55,149,26
9,98,245,51,233,9,182,0,132,34,113,32,141,20,109,33,137,46,161,58,130,51,92,58,131,68,163,86,125,83,69,76,35,70,0,116,127,129,84,141,55,149,26
9,100,247,53,235,10,184,0,134,36,113,31,144,18,112,31,141,45,163,58,133,50,95,58,133,68,163,87,127,84,71,77,36,71,0,117,129,130,86,142,57,150,27
9,100,244,52,233,10,182,0,132,35,113,32,140,19,109,32,137,46,159,58,129,50,90,59,129,70,161,87,123,83,68,76,34,70,0,117,126,130,83,142,55,149,25
9,98,246,51,233,8,182,0,132,34,112,32,141,20,110,32,137,45,160,58,130,50,92,58,130,68,163,86,125,83,68,75,34,69,0,116,127,129,83,141,55,148,25
9,99,247,52,236,10,184,0,134,35,115,34,143,23,111,35,139,48,162,61,132,52,93,60,133,71,166,88,127,84,71,76,35,70,0,118,130,130,86,142,57,151,27
9,98,248,52,235,10,184,0,135,34,115,34,143,22,110,34,138,47,162,60,132,52,94,59,134,69,166,87,127,85,70,78,35,72,0,117,129,129,84,142,55,150,26
9,99,247,52,235,9,183,0,132,36,114,35,143,23,110,35,139,48,162,61,132,52,93,60,133,70,165,89,126,85,69,78,34,72,0,118,129,130,84,142,56,149,26
9,97,245,51,232,9,181,0,133,34,113,32,142,19,110,31,137,44,160,58,132,51,94,58,132,68,165,87,126,84,69,76,34,70,0,116,128,128,84,140,56,148,26
10,69,276,35,236,27,184,46,136,53,97,29,142,14,84,5,46,0,13,64,146,80,79,92,36,107,0,95,163,113,137,92,177,81,204,123,187,131,165,114,191,100,210
10,68,274,34,234,27,181,47,133,53,96,32,142,17,84,7,46,0,13,65,146,81,80,92,37,108,0,96,163,113,137,92,176,81,203,123,186,131,164,113,190,99,208
10,68,275,33,235,27,182,47,134,54,97,32,142,17,84,7,46,0,13,65,146,81,79,92,36,108,0,96,164,114,138,92,178,81,205,124,188,132,166,113,192,100,210
10,67,274,33,235,27,182,46,134,53,96,31,141,16,83,7,45,0,12,65,145,80,79,92,36,107,0,96,163,113,136,92,176,81,203,123,187,132,165,113,191,99,208
10,67,274,33,234,26,182,46,134,53,97,32,141,17,83,7,45,0,12,65,145,80,79,91,37,106,0,96,163,113,137,92,178,81,205,124,187,132,165,114,191,100,209
10,68,275,33,235,26,182,46,134,54,97,31,142,17,84,7,46,0,13,65,146,80,80,92,37,107,0,96,164,114,138,92,178,81,205,124,187,132,166,114,192,100,210
10,67,273,33,234,26,181,45,133,52,95,31,141,16,84,6,46,0,13,65,145,79,79,91,37,106,0,95,163,112,136,92,176,80,203,123,187,131,165,113,191,99,209
10,68,272,33,232,26,180,45,132,52,95,31,140,17,82,7,45,0,12,65,143,80,77,91,36,107,0,95,161,113,135,92,176,80,203,123,184,132,163,114,190,100,207
10,66,273,31,232,25,180,45,132,51,95,30,140,16,82,6,44,0,12,64,144,79,78,90,35,105,0,94,161,112,136,90,176,79,203,122,184,130,163,112,190,98,208
10,67,272,33,233,26,180,45,132,51,94,31,140,17,82,7,44,0,12,65,144,80,77,91,35,107,0,96,162,113,135,92,175,79,202,123,186,131,164,113,190,99,207
10,66,272,32,233,24,181,43,133,49,96,29,141,15,83,6,45,0,13,63,145,78,79,89,37,104,0,94,162,111,135,90,175,79,202,122,186,130,163,112,189,98,207
10,65,273,31,232,25,180,43,133,49,96,28,141,15,83,6,46,0,13,61,145,77,79,89,37,104,0,92,162,111,137,90,176,78,203,120,186,129,164,111,190,97,208
10,66,272,31,233,25,179,45,132,51,95,28,141,13,83,5,44,0,11,62,145,78,79,90,36,104,0,93,162,110,136,90,176,78,202,121,185,129,164,111,190,97,208
10,66,271,31,233,24,180,44,132,50,95,30,140,15,81,6,44,0,11,63,144,78,78,90,36,105,0,94,162,111,135,90,175,78,202,122,186,129,164,110,190,96,208
10,64,272,31,233,24,180,43,133,49,95,28,141,14,83,5,46,0,13,62,145,78,79,89,37,103,0,93,163,109,137,88,177,77,203,120,187,128,165,110,191,96,209
10,66,273,31,233,24,180,43,133,48,95,29,140,15,83,6,46,0,13,63,145,79,79,90,37,105,0,94,163,111,137,90,177,78,204,122,187,130,166,112,192,98,210
10,64,272,30,232,24,180,43,132,49,95,29,141,15,83,6,45,0,12,62,146,78,79,89,36,105,0,93,163,110,135,89,175,77,202,121,187,129,164,111,190,97,208
10,64,274,31,234,24,182,43,135,50,98,29,141,15,84,6,46,0,14,63,145,77,79,89,36,104,0,94,163,110,137,89,176,77,203,121,188,128,167,109,193,95,210
10,65,273,31,233,25,181,43,133,50,96,29,141,15,83,6,45,0,12,63,145,78,78,89,36,104,0,93,163,111,136,89,175,78,202,121,187,129,164,111,189,97,207
10,66,270,32,231,25,178,43,130,48,93,29,138,15,80,6,43,0,11,63,142,78,77,90,35,105,0,94,160,111,135,90,174,78,201,121,184,129,164,111,190,96,206
10,63,270,30,230,24,177,42,129,47,93,29,138,15,81,6,43,0,11,62,143,77,77,88,36,103,0,92,160,110,134,88,174,76,200,120,184,127,163,109,189,95,206
10,64,269,30,229,24,177,43,130,48,93,29,139,15,81,6,44,0,12,62,143,76,78,87,36,102,0,92,160,109,134,88,173,77,199,120,183,127,161,109,187,95,204
10,65,270,32,230,25,178,43,130,48,93,30,139,16,81,7,44,0,12,63,143,77,77,89,36,104,0,94,160,111,135,90,174,77,201,121,183,129,163,111,189,96,207
10,64,269,31,231,24,178,42,130,47,93,31,138,16,80,6,44,0,12,63,143,77,77,88,35,103,0,94,161,110,134,89,173,77,200,121,184,127,163,109,189,95,205
10,64,270,32,230,25,178,42,130,45,92,29,139,15,81,6,44,0,12,61,143,76,78,87,36,103,0,92,160,110,135,89,174,77,199,119,183,128,163,110,188,97,205
10,63,271,30,231,24,178,41,131,46,93,29,137,15,80,6,43,0,12,62,142,76,76,88,35,104,0,92,160,110,136,88,175,76,200,119,184,127,164,109,190,94,206
10,62,272,30,231,23,178,39,130,44,92,28,139,14,81,5,44,0,12,61,143,76,77,87,36,103,0,91,161,110,135,88,174,76,200,118,185,127,164,109,190,94,207
10,62,271,31,230,24,176,39,128,43,90,28,137,15,81,5,44,0,13,61,142,76,77,88,36,104,0,91,160,111,136,89,175,76,200,118,184,127,164,109,189,95,205
10,63,271,31,231,24,178,39,130,43,92,28,139,14,81,5,45,0,13,61,143,76,78,87,36,103,0,91,161,110,136,88,175,76,200,118,185,127,164,109,190,95,207
10,62,271,30,229,24,176,39,128,44,91,28,138,15,81,6,44,0,12,61,142,75,77,87,36,102,0,91,160,110,134,88,173,76,198,118,184,126,163,108,188,94,205
10,62,271,30,230,24,177,39,130,44,92,28,138,15,81,6,44,0,12,61,142,75,78,87,36,102,0,91,160,110,136,88,175,75,200,118,183,127,164,109,189,95,206
10,64,271,31,229,25,176,39,129,43,92,28,138,15,81,6,44,0,12,61,143,75,79,86,37,102,0,91,160,111,136,90,175,77,200,119,184,129,163,112,188,98,205
10,63,271,31,229,25,175,39,128,43,91,27,139,14,81,5,44,0,12,60,143,75,79,86,36,102,0,91,161,111,136,89,174,76,200,118,184,128,163,110,188,96,205
10,63,270,30,229,22,176,37,128,42,90,26,137,14,79,5,43,0,11,59,141,74,77,86,36,102,0,90,159,110,133,88,173,75,199,118,182,127,162,110,187,95,204
10,64,271,31,230,24,178,38,130,43,92,27,138,14,82,5,45,0,13,60,143,75,78,86,36,101,0,91,160,110,135,88,174,76,200,119,184,128,164,110,189,95,205
10,63,272,30,231,23,178,38,130,43,93,27,138,14,81,5,44,0,12,59,143,74,78,86,36,102,0,90,160,110,135,88,174,76,200,118,184,127,163,110,189,95,206
10,63,270,30,230,22,178,37,130,41,92,26,137,13,80,4,43,0,11,59,142,73,77,84,36,99,0,90,160,109,134,87,173,74,199,118,184,126,162,109,187,94,205
10,64,273,31,231,23,179,38,131,42,94,27,140,14,83,5,46,0,14,60,145,74,80,85,37,100,0,91,162,109,136,88,174,76,201,118,186,128,163,110,188,96,206
10,63,272,30,231,23,178,38,131,43,94,27,139,13,82,5,45,0,13,60,144,74,79,85,36,100,0,91,162,108,135,87,174,75,201,118,186,126,163,109,188,95,206
10,63,271,30,230,22,178,36,130,41,92,26,140,13,83,5,45,0,13,59,145,74,80,84,37,99,0,90,162,109,135,88,174,75,200,117,185,126,161,109,187,96,204
10,61,271,28,231,20,179,36,131,41,93,26,140,13,83,4,45,0,13,59,145,73,80,83,37,97,0,89,162,107,134,86,173,73,199,117,186,125,161,108,186,94,204
10,61,271,29,230,22,178,36,130,40,91,25,140,12,82,4,45,0,13,58,144,72,80,82,37,96,0,88,161,107,134,86,173,73,198,115,185,125,160,108,186,94,203
10,60,269,28,229,21,177,36,129,40,91,24,139,12,82,4,45,0,12,57,144,71,78,82,37,97,0,87,160,106,133,85,173,72,198,115,183,124,161,106,186,93,203
10,56,271,25,229,18,177,32,129,37,91,20,139,10,82,3,44,0,11,53,143,67,79,78,37,93,0,84,160,103,134,82,173,69,198,112,184,121,161,103,187,89,203
10,56,269,24,228,18,175,33,128,37,91,22,137,10,80,3,43,0,10,54,142,68,78,79,36,94,0,84,159,103,133,82,171,69,196,111,182,120,160,103,185,89,202
10,54,272,22,230,15,177,31,130,37,93,19,139,9,82,3,45,0,13,52,144,66,79,77,36,93,0,82,161,101,134,80,172,67,197,109,184,119,161,101,187,87,204
10,54,270,22,228,15,176,30,128,36,91,19,139,9,82,2,44,0,12,51,143,66,79,77,37,93,0,82,160,102,133,80,172,67,197,109,183,118,160,100,186,86,204
10,56,270,24,229,17,176,32,128,37,92,22,139,11,82,4,45,0,13,54,144,69,80,79,37,94,0,84,161,102,134,81,173,69,198,112,184,120,161,102,187,88,203
10,54,273,22,231,15,179,30,131,35,93,18,141,8,83,2,45,0,13,50,145,65,80,75,37,90,0,81,162,100,135,79,173,65,199,109,185,118,162,100,188,86,205
10,53,272,21,231,14,178,29,131,35,93,18,140,8,83,2,45,0,12,50,145,66,80,76,37,90,0,81,162,100,135,79,173,66,198,108,185,116,161,99,187,86,205
10,54,271,21,230,14,177,30,130,36,93,19,140,9,83,3,45,0,13,52,144,66,79,76,37,91,0,82,161,100,134,79,173,66,198,109,184,117,161,100,187,86,204
10,54,269,22,228,15,176,31,129,35,92,21,138,10,81,3,44,0,11,53,143,66,79,76,37,91,0,83,160,100,133,80,171,68,196,110,183,117,159,100,185,87,203
10,54,269,22,228,15,176,29,128,34,91,20,139,9,81,3,43,0,11,52,143,66,79,76,37,90,0,82,160,100,133,80,171,67,197,109,183,118,160,101,186,87,204
10,53,268,21,228,14,176,29,129,34,92,18,139,9,82,3,45,0,12,50,143,64,79,74,37,89,0,81,159,99,133,78,172,65,197,108,182,117,159,100,186,85,203
10,51,271,19,230,12,177,27,129,33,92,16,140,7,83,1,45,0,13,49,144,62,80,72,38,87,0,79,161,97,134,76,173,64,198,107,184,115,161,97,187,83,204
10,53,271,20,230,14,178,29,130,33,92,17,141,8,84,2,46,0,13,50,145,64,80,74,37,88,0,81,162,99,133,78,171,65,196,108,184,116,160,99,186,85,203
10,51,272,19,230,12,178,26,131,31,93,15,142,6,84,1,46,0,13,48,147,62,82,72,38,86,0,78,163,96,134,75,173,63,199,106,186,114,161,97,188,83,205
10,51,272,19,231,12,178,26,131,32,93,16,142,7,85,1,47,0,14,48,146,61,81,71,38,85,0,79,162,97,134,75,173,62,198,106,185,114,161,97,187,83,204
10,51,271,19,231,11,179,26,131,31,93,14,141,5,84,1,45,0,12,47,145,62,80,72,37,86,0,78,162,96,134,75,172,62,197,106,184,114,161,96,187,82,204
10,51,272,19,230,12,179,27,131,32,94,16,141,6,84,1,46,0,14,48,146,63,81,73,38,87,0,79,163,98,134,76,173,63,198,107,186,115,162,98,187,83,205
10,52,273,20,231,12,178,28,130,33,93,17,141,7,83,2,45,0,13,49,146,64,81,73,38,87,0,80,163,98,135,77,173,64,198,107,186,115,162,98,187,84,204
10,53,273,20,232,13,180,29,131,34,94,17,143,8,86,2,48,0,15,50,147,64,82,75,38,89,0,81,163,99,134,78,173,64,198,108,186,116,162,99,187,85,204
10,53,273,20,232,12,180,27,132,33,95,17,142,8,84,2,47,0,14,50,146,64,81,73,38,87,0,80,163,98,135,77,174,64,200,108,186,116,162,98,188,84,205
10,50,274,17,232,10,180,26,132,31,95,15,143,6,86,1,48,0,15,48,147,61,82,71,38,84,0,78,163,96,136,75,174,62,199,106,186,113,163,96,188,82,205
10,49,273,18,232,10,180,25,131,30,94,13,142,5,85,1,48,0,15,46,146,61,81,71,38,85,0,77,162,96,134,74,173,61,199,105,185,113,162,96,188,82,205
10,51,270,19,230,11,178,26,130,32,93,15,141,7,84,1,47,0,14,48,145,61,80,71,37,84,0,79,161,96,133,75,173,62,198,106,183,114,161,97,187,82,204
10,51,272,18,232,10,180,25,131,30,93,14,142,5,85,1,47,0,14,47,146,61,81,72,37,86,0,78,162,96,133,75,172,62,198,105,184,113,160,96,187,82,205
10,51,271,19,231,11,179,25,130,30,91,15,141,5,83,1,45,0,12,48,144,61,81,70,38,83,0,78,161,97,132,75,170,61,195,106,183,114,159,97,185,83,201
10,52,273,20,232,12,180,27,132,31,94,15,142,6,84,1,47,0,14,48,146,62,82,72,38,85,0,79,163,97,135,76,173,63,198,106,185,115,162,98,188,83,205
10,51,271,20,231,12,179,27,132,31,95,15,141,6,84,1,47,0,14,48,146,62,82,72,38,85,0,79,162,97,134,75,173,62,199,107,185,115,161,98,187,84,205
10,52,273,20,232,12,180,25,132,31,94,15,141,6,84,1,47,0,14,48,145,63,81,73,38,86,0,80,162,97,135,76,174,63,200,107,185,115,162,98,188,84,206
10,52,272,20,231,12,179,26,131,31,93,15,141,6,84,1,46,0,13,48,145,62,81,72,38,86,0,79,162,97,133,76,171,62,196,106,184,114,161,97,186,83,203
10,52,272,20,232,11,179,26,131,31,93,15,142,6,84,1,47,0,13,48,146,62,81,72,38,85,0,79,163,97,135,75,174,62,198,106,185,114,161,97,187,83,204
10,53,273,20,232,12,180,27,132,33,94,15,142,6,84,1,46,0,13,49,146,63,81,73,38,86,0,79,162,98,134,76,174,63,200,107,185,115,161,98,188,84,206
10,52,271,20,231,12,179,26,130,32,93,16,140,7,84,2,46,0,13,49,144,63,80,73,38,87,0,80,161,98,133,77,172,63,198,107,184,115,160,98,187,83,205
10,50,272,18,232,11,179,26,131,31,94,15,142,5,84,1,46,0,13,47,146,62,81,71,38,84,0,78,163,96,134,75,173,61,198,105,186,114,162,96,188,82,204
10,52,271,19,231,11,179,26,131,33,93,16,142,7,84,2,46,0,12,49,146,62,81,72,38,85,0,79,162,97,134,76,172,63,197,107,184,115,160,98,186,84,203
10,49,270,18,230,10,179,24,131,30,93,13,141,4,84,0,46,0,12,46,145,60,81,70,38,83,0,77,161,95,133,74,172,61,196,104,183,112,160,95,186,81,204
10,50,273,18,232,10,179,25,132,32,95,14,142,5,86,1,48,0,15,47,146,62,82,71,39,84,0,78,163,96,136,75,174,62,198,105,186,113,163,96,188,82,205
10,50,270,18,230,10,179,25,132,32,96,15,140,7,84,2,46,0,14,47,144,60,81,69,38,82,0,78,161,93,133,73,172,62,198,105,184,111,161,94,187,81,204
10,49,272,17,231,10,179,25,131,30,95,14,142,5,85,1,47,0,15,47,147,60,82,69,38,82,0,78,163,94,135,74,173,61,198,105,186,112,162,95,187,82,204
10,48,269,17,229,9,177,23,130,30,93,13,139,5,83,0,46,0,13,46,143,59,80,69,38,83,0,77,160,93,133,73,171,60,196,104,182,111,160,94,186,80,203
10,50,269,18,229,10,178,24,131,31,94,13,139,4,83,0,45,0,13,46,143,61,80,71,37,85,0,77,160,95,134,74,172,61,198,104,183,111,161,95,187,81,205
10,50,271,18,230,9,179,24,132,31,94,13,141,5,84,1,47,0,14,46,146,60,82,70,38,83,0,77,163,94,135,73,174,61,199,105,186,111,162,95,188,82,205
10,50,270,18,229,10,178,24,130,31,92,14,140,6,84,1,46,0,13,47,144,60,81,70,38,84,0,78,160,94,134,74,173,62,198,105,183,113,160,95,187,82,204
10,51,272,18,231,10,180,25,132,32,95,14,142,5,85,1,47,0,15,47,145,61,81,71,38,85,0,78,162,95,134,74,173,61,199,105,185,113,161,96,188,81,205
10,49,273,17,232,9,180,23,133,30,95,13,142,4,85,0,47,0,14,46,146,60,82,69,38,82,0,77,163,94,135,72,173,60,198,104,186,111,162,94,188,80,205
10,50,273,18,232,10,180,25,132,31,94,14,143,5,85,0,48,0,14,47,147,61,82,71,39,84,0,78,163,96,135,75,174,62,199,105,186,113,163,96,188,82,205
10,49,271,17,229,10,178,24,131,30,93,13,141,4,84,0,47,0,14,46,145,61,82,70,38,83,0,77,162,94,134,73,173,60,198,104,186,112,163,94,189,80,206
10,50,273,18,231,10,180,25,132,31,95,14,142,5,85,0,47,0,15,47,146,61,82,70,39,83,0,78,163,95,135,74,174,62,199,105,186,113,163,95,189,81,206
10,50,271,18,230,10,179,24,131,30,93,12,140,3,83,0,45,1,12,46,145,60,80,70,38,83,0,77,162,95,133,74,172,61,198,104,184,112,161,95,187,81,205
10,51,272,18,232,10,180,25,133,32,96,14,142,5,85,1,48,0,15,47,146,61,81,70,38,83,0,78,163,95,135,74,174,61,199,105,186,112,163,95,189,81,206
10,49,272,17,232,9,180,22,133,29,96,12,143,3,85,0,47,0,14,45,146,59,82,68,38,80,0,76,163,94,135,73,174,60,200,104,186,112,163,94,189,80,207
10,49,273,17,232,9,180,24,133,30,96,13,143,4,86,0,49,0,16,46,147,60,82,68,39,80,0,77,163,93,135,72,173,59,198,104,186,111,163,94,189,81,205
10,49,270,17,229,9,178,23,130,30,93,14,139,5,83,0,46,0,14,46,143,59,80,68,38,81,0,77,160,94,132,73,171,60,197,104,183,112,160,94,186,80,204
10,50,272,17,231,10,179,25,132,32,96,14,141,5,85,1,48,0,16,48,145,62,81,70,38,83,0,78,162,95,134,74,172,61,198,105,185,113,162,96,187,82,205
10,48,271,15,229,8,177,24,129,31,93,13,140,5,83,0,46,0,13,46,145,60,81,69,38,83,0,76,161,93,132,72,171,60,196,104,184,111,160,94,186,81,203
10,47,271,15,230,8,178,23,130,28,93,12,141,4,84,0,46,0,14,45,145,59,81,68,38,80,0,76,162,93,132,71,170,58,196,103,186,110,161,93,186,79,204
10,47,266,15,225,9,174,24,127,31,91,13,137,6,81,1,44,0,12,45,142,58,80,67,37,81,0,76,159,92,130,72,168,60,194,103,181,110,158,93,183,80,200
10,49,268,17,227,10,176,25,129,30,93,13,139,6,83,1,46,0,13,46,143,59,80,69,37,82,0,77,160,93,132,73,170,60,196,104,183,111,159,94,185,81,203
10,46,269,14,227,8,176,25,129,32,94,14,139,6,83,1,46,0,13,45,144,58,80,68,37,82,0,76,161,91,131,70,169,59,195,103,184,108,159,91,185,79,202
10,48,270,17,230,9,178,24,131,31,93,15,140,7,84,2,47,0,14,47,144,60,81,69,38,83,0,78,162,93,134,72,172,60,196,105,185,111,162,94,187,81,204
10,47,268,15,227,8,175,24,127,29,91,13,139,4,83,0,45,0,13,46,144,59,80,68,37,81,0,76,160,93,131,72,169,59,195,103,182,111,158,94,184,80,201
10,47,269,15,228,8,177,23,130,29,93,12,139,4,83,0,46,0,14,45,144,58,80,67,38,79,0,76,161,92,133,71,171,58,195,102,184,109,161,92,186,78,203
10,48,269,15,229,8,177,23,130,30,94,12,139,3,82,0,45,0,12,45,143,59,80,69,37,82,0,76,160,92,132,71,170,58,195,103,183,110,160,93,185,78,202
10,48,269,16,229,9,177,24,131,32,95,13,140,5,83,0,46,0,14,46,144,60,80,69,37,82,0,76,161,92,134,71,172,59,197,103,184,109,161,92,187,79,204
10,47,269,15,228,8,177,24,130,30,93,12,140,4,83,0,46,0,13,45,144,59,80,68,37,81,0,76,160,92,133,71,171,58,195,103,183,109,160,92,186,79,203
10,48,270,16,229,9,178,24,131,29,93,12,140,4,83,0,46,0,13,45,144,59,81,69,38,82,0,76,161,93,133,72,171,59,196,103,184,110,160,93,186,79,203
10,49,270,17,229,10,178,25,131,31,95,13,140,5,84,1,47,0,14,46,144,61,81,70,38,82,0,77,161,94,135,73,173,61,197,105,185,111,162,94,188,81,204
10,49,269,16,228,9,177,24,130,29,92,12,140,3,83,0,45,0,12,45,145,60,81,70,38,83,0,76,162,94,133,73,172,60,198,103,184,111,161,94,187,80,204
10,47,268,15,227,8,176,24,128,29,92,11,139,3,82,0,44,0,11,44,143,58,80,68,37,82,0,75,160,92,132,71,169,58,194,102,182,110,159,92,185,79,202
10,48,270,16,230,9,178,24,131,30,94,12,141,4,84,0,46,0,14,45,145,59,81,68,38,81,0,76,162,93,134,72,172,59,198,103,185,110,162,93,188,79,205
10,49,269,17,229,9,178,23,131,30,94,13,139,4,83,0,46,0,14,46,144,61,80,70,38,83,0,77,161,94,133,73,172,60,197,104,184,111,162,94,188,80,205
10,50,270,17,230,9,179,23,132,30,94,13,139,4,83,0,47,0,15,46,143,60,80,68,38,81,0,77,160,93,133,73,172,60,198,104,183,111,161,94,187,80,205
10,48,270,17,229,9,178,23,130,29,93,13,140,4,84,0,47,1,15,46,144,60,80,69,38,81,0,76,161,93,132,72,170,59,195,104,184,111,160,93,186,79,203
10,48,271,16,229,8,178,23,130,30,94,12,140,4,84,0,47,0,14,45,144,59,81,68,38,81,0,76,161,92,134,72,172,59,197,103,184,110,161,93,187,80,204
10,51,270,18,230,10,179,25,132,31,95,13,141,5,85,0,49,0,16,46,144,60,81,70,38,83,0,77,160,95,133,74,172,61,198,105,182,112,161,96,187,82,205
10,49,269,17,229,9,178,23,130,30,93,13,141,4,85,0,48,0,16,46,145,60,82,69,38,82,0,77,161,94,132,73,171,60,198,104,184,111,161,94,187,80,204
10,49,269,17,229,10,178,25,131,32,94,15,140,6,83,1,47,0,14,47,144,61,80,70,38,83,0,78,161,94,132,73,171,61,196,105,184,111,161,94,187,81,204
10,49,270,16,230,9,178,25,130,31,93,15,140,5,84,1,48,0,16,48,144,62,80,70,38,82,0,78,161,94,133,73,172,61,196,105,185,111,160,95,186,82,202
10,50,272,17,231,10,179,25,131,31,95,14,141,5,85,1,48,0,17,47,145,61,81,70,38,83,0,77,162,94,134,73,172,60,197,104,185,111,162,94,188,80,205
10,50,271,17,230,10,179,25,132,31,95,13,141,4,85,0,49,0,17,46,145,61,81,69,38,82,0,77,162,94,134,73,173,60,197,105,184,111,162,94,188,81,204
11,200,273,148,258,94,231,41,221,0,222,126,145,121,78,120,37,118,0,165,145,167,117,167,169,166,197,204,153,207,134,198,184,190,208,241,167,245,141,230,174,217,193
11,200,273,147,257,94,230,41,220,0,221,125,145,121,77,119,37,118,0,164,144,167,115,168,167,167,196,203,153,207,133,198,182,189,206,239,167,244,140,230,172,216,192
11,201,274,148,259,95,231,41,222,0,222,125,146,122,78,121,37,120,0,165,146,168,117,168,170,168,197,204,155,208,135,199,184,191,207,241,169,246,142,231,175,218,193
11,202,273,149,258,96,231,42,221,0,220,127,146,123,79,121,38,119,0,166,147,168,119,169,171,168,197,205,155,208,135,200,184,192,206,242,168,246,141,232,174,220,192
11,204,275,151,259,97,229,43,219,0,219,128,146,124,79,123,38,122,0,167,146,171,118,170,171,169,197,207,154,210,134,202,184,193,206,244,167,248,141,234,174,222,193
11,202,275,149,259,96,230,42,219,0,219,127,146,123,78,122,38,121,0,166,146,170,118,170,170,169,197,205,155,209,135,201,184,192,207,242,168,247,141,233,173,221,192
11,202,275,149,259,95,229,41,220,0,219,127,146,123,79,121,38,120,0,166,146,170,118,170,170,169,197,206,154,209,135,200,184,192,207,242,168,247,141,232,174,220,193
11,202,274,149,258,95,229,42,219,0,219,126,145,122,78,121,37,120,0,166,146,169,117,169,169,169,196,205,154,208,134,200,183,193,205,242,167,246,141,232,173,221,191
11,200,271,147,256,94,228,41,219,0,219,126,143,121,77,119,37,118,0,165,144,167,115,166,167,166,195,203,152,206,133,197,181,189,205,239,166,244,140,229,172,217,190
11,202,271,149,255,96,227,42,218,0,217,129,142,124,76,121,36,120,0,167,142,169,115,168,167,168,193,206,150,208,130,200,179,192,203,242,163,246,137,232,169,220,189
11,204,272,150,256,96,227,41,217,0,216,128,142,125,76,122,36,120,0,167,143,169,115,169,167,169,193,206,150,209,131,200,180,193,202,242,163,246,137,232,170,221,189
11,201,272,148,256,95,228,41,219,0,220,127,144,123,77,120,37,118,0,165,144,167,115,168,167,168,194,204,152,207,132,198,181,191,203,240,165,244,138,230,171,219,189
11,201,272,148,256,94,228,41,219,0,218,126,143,121,77,119,37,117,0,165,143,167,115,167,166,168,195,204,152,206,133,198,181,191,205,240,165,243,139,229,172,218,190
11,200,272,147,258,94,229,41,220,0,219,124,145,120,78,118,37,117,0,163,145,166,115,167,168,166,195,202,153,206,133,198,182,190,204,239,166,243,140,229,172,217,190
11,202,273,149,257,96,229,42,219,0,218,126,145,122,77,120,37,119,0,165,145,168,117,169,169,168,197,204,153,208,134,200,183,191,206,240,167,244,141,231,174,218,192
11,201,271,148,256,95,229,41,220,0,219,124,145,121,77,119,37,118,0,163,145,166,115,167,168,166,195,202,153,206,133,198,182,190,204,238,166,242,139,229,172,217,191
11,201,272,148,256,95,229,41,220,0,220,126,144,122,77,119,37,118,0,165,144,167,114,167,167,168,195,203,152,207,132,198,181,191,204,239,166,243,139,229,172,218,190
11,201,270,148,256,94,229,41,220,0,221,126,143,121,77,119,36,117,0,164,143,166,114,166,167,167,194,203,151,206,131,198,180,190,202,239,164,243,138,229,171,217,188
11,201,273,148,258,95,230,41,221,0,222,126,144,121,77,119,37,118,0,165,144,168,115,168,168,168,196,203,153,208,133,199,183,191,205,239,166,244,140,230,174,217,192
11,200,273,148,259,95,231,42,222,0,222,125,145,121,78,119,37,118,0,164,146,167,117,167,169,167,196,203,154,207,134,199,184,190,206,240,167,244,141,230,174,218,192
11,203,274,150,259,96,232,42,222,0,221,127,146,122,78,121,37,120,0,166,146,169,117,170,170,169,197,205,154,209,135,201,184,192,207,241,168,246,141,232,175,219,193
11,201,274,148,259,95,232,41,222,0,222,126,146,122,78,120,37,119,0,165,146,168,117,168,170,168,197,204,154,208,135,199,185,191,207,240,168,245,142,230,176,218,194
11,201,274,149,260,95,232,41,223,0,223,126,146,122,78,119,37,118,0,165,146,167,118,167,171,167,197,204,155,207,136,199,185,191,207,241,168,244,142,230,175,218,193
11,203,270,151,254,97,226,42,218,0,217,129,142,124,75,121,35,118,0,167,141,167,113,167,165,168,192,205,149,206,130,199,179,192,202,241,162,243,138,229,171,218,189
11,204,270,151,254,96,226,41,217,0,215,129,142,123,76,120,36,118,0,167,141,168,113,168,166,169,193,205,149,207,129,199,179,193,202,241,162,244,137,229,170,217,189
11,203,270,151,256,96,228,42,219,0,219,130,142,124,76,121,36,118,0,168,142,167,114,168,167,169,195,206,150,206,132,199,181,192,203,242,163,243,139,229,172,218,190
11,204,270,151,255,96,227,42,218,0,220,130,142,125,76,121,35,118,0,169,141,168,114,168,167,169,195,206,149,207,131,200,181,193,203,242,161,243,139,229,173,218,191
11,204,270,152,255,97,227,42,218,0,220,130,142,125,75,122,35,118,0,169,140,167,113,168,166,169,193,207,148,206,131,199,181,193,202,243,160,243,139,229,173,218,190
11,203,271,151,256,97,228,43,218,0,218,130,143,125,76,122,35,120,0,169,142,168,114,168,167,169,194,207,150,207,132,199,182,193,204,242,162,243,139,229,174,218,191
11,204,270,151,256,96,228,42,218,0,217,130,143,125,76,122,36,120,0,168,143,169,115,169,168,169,194,206,150,208,132,200,182,193,203,242,163,244,139,230,173,219,191
11,203,270,152,255,97,226,43,216,0,214,131,141,126,75,122,35,119,0,169,140,169,113,169,167,170,194,207,148,208,131,200,181,193,203,243,161,245,138,230,173,218,191
11,202,268,149,252,95,224,41,212,0,210,128,141,124,75,123,35,121,0,167,140,170,112,172,163,171,194,205,148,209,130,203,178,196,202,240,161,245,134,234,166,223,186
11,199,265,144,247,93,218,40,206,0,202,128,137,124,73,121,35,120,0,166,138,167,110,166,160,167,188,203,146,204,125,196,172,190,196,237,159,240,132,226,163,217,181
11,204,269,151,253,96,223,42,212,0,209,128,140,124,75,122,36,121,0,167,139,169,112,169,165,170,191,205,146,208,129,200,178,193,200,241,159,244,135,230,169,219,187
11,202,268,149,253,94,225,41,212,0,209,126,142,123,76,121,36,121,0,165,141,168,112,168,164,168,192,204,150,208,130,199,179,192,203,240,163,243,136,230,169,219,188
11,201,269,148,254,94,225,41,214,0,210,124,143,123,76,122,37,123,0,163,143,167,114,169,165,169,192,202,150,206,132,199,180,191,202,239,163,243,137,229,170,218,188
11,208,283,153,271,95,244,42,235,0,236,129,152,121,81,117,38,112,0,170,150,168,122,171,179,172,211,210,158,211,140,203,194,195,220,247,171,249,146,235,183,223,204
11,213,294,157,279,99,251,43,242,0,243,133,158,125,85,121,40,117,0,175,155,171,127,174,186,176,216,217,163,215,146,209,201,202,225,255,177,256,154,242,192,228,212
11,217,301,162,285,103,254,45,245,0,247,139,159,133,85,129,40,126,0,182,158,180,130,180,190,181,220,224,168,225,151,215,207,207,229,264,183,267,156,251,194,238,213
11,222,312,165,294,105,263,46,253,0,254,139,167,134,89,133,42,131,0,184,165,186,137,187,197,186,232,227,174,232,158,224,214,214,243,268,190,275,163,260,201,243,225
11,231,319,171,302,109,270,48,260,0,262,145,170,142,91,142,43,143,0,193,169,197,143,195,206,194,241,238,180,243,163,232,222,222,251,280,196,286,171,268,211,253,234
11,227,319,169,301,106,268,47,258,0,261,141,169,138,91,140,44,141,0,189,169,193,140,192,202,191,237,235,179,242,161,229,219,218,248,277,196,284,168,267,206,251,229
11,222,316,165,299,103,266,46,255,0,257,139,167,135,90,136,43,136,0,186,167,188,138,187,198,185,232,230,176,235,159,223,217,212,246,272,192,277,165,261,203,246,225
11,221,314,164,296,103,264,45,253,0,255,142,165,137,89,135,42,134,0,186,165,186,136,186,196,186,229,230,175,231,156,221,213,212,240,270,192,274,163,258,199,244,220
11,218,309,161,292,101,260,44,250,0,251,138,163,131,87,129,41,128,0,181,163,181,133,181,192,182,224,223,173,226,155,216,211,208,236,264,189,268,161,252,197,239,218
11,221,306,163,289,103,257,45,247,0,248,141,161,136,85,133,41,130,0,184,161,183,131,183,190,184,221,226,172,228,153,217,208,209,234,266,189,270,160,253,196,240,216
11,221,305,164,287,104,255,46,246,0,248,142,160,137,85,134,41,132,0,185,161,184,131,184,190,185,222,226,172,229,153,219,209,210,235,266,188,270,160,254,196,240,217
11,216,299,160,281,101,249,45,238,0,240,140,157,134,83,132,39,130,0,182,157,180,127,180,185,182,216,222,168,224,149,214,203,206,229,261,184,265,156,249,192,235,213
11,218,299,163,281,104,249,46,238,0,239,143,157,138,84,136,40,134,0,185,158,183,129,182,186,184,217,226,169,227,150,217,204,208,231,264,185,268,157,252,193,238,214
11,217,296,161,277,102,246,45,234,0,234,141,155,135,82,134,39,132,0,182,155,181,126,181,184,182,215,223,166,225,147,214,202,206,228,261,182,266,154,249,190,235,211
11,216,296,161,278,102,246,45,235,0,235,139,156,135,83,134,40,132,0,181,157,182,128,182,185,182,217,222,167,226,149,216,204,207,230,260,183,266,156,250,191,236,212
11,219,296,164,278,104,245,46,234,0,236,144,155,139,82,137,39,136,0,186,156,185,128,185,185,186,216,227,167,229,149,218,203,210,228,266,183,270,156,253,192,240,212
11,219,297,163,278,104,246,46,234,0,236,143,155,138,83,136,40,134,0,185,155,183,127,183,183,185,215,226,166,227,148,217,202,209,228,265,182,269,156,252,190,238,211
11,218,295,163,277,104,246,46,234,0,235,144,155,139,82,137,39,136,0,185,156,184,126,184,184,186,216,226,167,228,148,218,202,210,228,264,183,269,156,252,191,239,211
11,219,297,164,278,104,246,46,234,0,235,144,156,140,83,139,39,138,0,186,156,185,128,185,185,186,218,228,167,229,150,219,204,212,231,267,184,271,157,254,192,240,213
11,217,295,161,277,103,244,45,232,0,232,141,155,137,82,136,39,136,0,183,155,183,126,183,183,184,215,225,165,227,147,217,201,208,227,264,181,268,154,252,190,237,211
11,218,295,162,277,103,245,46,233,0,233,142,155,138,82,136,39,136,0,184,155,184,126,183,184,184,215,225,165,227,147,217,201,208,227,264,181,268,154,252,189,238,210
11,217,295,161,276,103,245,45,234,0,234,140,155,136,82,135,39,134,0,183,155,182,126,181,183,182,214,224,165,226,147,215,201,206,227,262,180,267,155,249,191,235,212
11,216,294,160,276,101,245,45,232,0,231,140,154,135,82,133,39,131,0,182,154,181,125,181,183,182,214,223,165,224,146,214,199,205,225,262,180,266,153,249,188,234,209
11,219,294,164,277,105,245,47,233,0,233,144,154,139,82,136,38,134,0,186,155,184,126,183,184,185,215,226,165,227,148,217,202,209,227,265,181,269,154,252,190,238,211
11,218,294,162,276,103,245,46,232,0,231,142,154,137,82,135,39,133,0,184,154,183,125,182,182,183,214,225,165,226,146,215,200,207,227,263,181,267,153,250,188,237,209
11,217,295,162,277,103,245,46,233,0,233,142,155,137,82,135,39,133,0,184,156,183,126,182,184,184,214,224,166,226,147,216,201,208,226,262,182,267,154,250,189,237,210
11,219,294,162,276,103,245,46,233,0,232,143,155,138,82,135,39,133,0,185,155,183,125,183,183,185,214,225,166,227,147,217,201,209,227,264,182,267,154,251,189,238,210
11,217,295,162,277,103,246,46,234,0,233,143,156,137,82,134,39,131,0,184,156,182,126,181,183,183,214,224,166,224,147,214,200,207,225,262,181,266,154,249,189,237,208
11,218,295,162,277,103,245,46,234,0,234,143,156,138,82,136,39,133,0,185,156,185,126,185,183,186,214,226,167,228,148,218,201,210,227,264,183,268,154,252,190,238,210
11,216,294,160,277,102,246,45,234,0,232,142,154,136,82,133,39,131,0,183,155,182,126,181,184,182,215,223,166,224,147,214,201,206,225,261,182,265,154,248,190,236,209
11,213,293,157,276,99,246,44,234,0,233,138,154,132,82,130,39,127,0,179,154,177,125,177,182,178,213,219,165,220,147,210,200,202,225,257,181,261,154,244,189,231,209
11,217,294,162,276,103,244,46,233,0,233,143,155,137,82,135,39,133,0,184,155,183,127,183,184,184,216,224,166,226,147,216,201,208,228,262,181,267,154,251,190,237,211
11,215,293,159,275,101,244,45,232,0,231,140,154,136,81,134,38,131,0,182,154,181,125,181,181,182,212,222,165,225,146,214,199,205,225,260,181,265,153,249,188,234,209
11,218,299,162,281,104,249,46,239,0,240,144,156,137,83,134,39,132,0,185,157,183,129,184,186,185,216,225,168,226,150,217,203,209,226,264,184,268,156,253,191,240,210
11,214,295,158,277,100,246,44,236,0,237,140,154,133,82,129,38,127,0,181,154,179,126,179,183,181,215,222,165,222,147,212,201,205,227,260,181,263,155,247,190,234,210
11,214,295,159,278,101,246,44,235,0,235,140,154,134,82,130,39,127,0,181,155,179,127,179,185,181,215,222,165,223,147,212,201,205,225,260,180,263,153,247,190,234,210
11,217,293,162,275,103,243,45,232,0,233,142,153,135,81,132,38,129,0,183,153,180,125,181,183,183,212,223,163,224,145,214,199,207,222,261,178,264,152,248,188,235,207
11,215,293,160,276,102,246,44,234,0,235,140,154,133,82,130,39,127,0,181,154,178,126,179,183,182,214,221,164,221,145,213,200,206,224,259,179,261,153,245,190,233,209
11,218,292,163,275,104,246,46,235,0,235,143,153,137,82,133,39,130,0,184,154,182,125,182,183,184,213,224,164,225,145,216,200,208,225,262,179,264,153,248,190,236,210
11,218,294,163,276,104,246,46,235,0,235,144,154,138,82,134,39,130,0,185,154,183,126,183,184,185,213,225,164,226,146,216,200,209,223,263,180,265,153,249,190,236,209
11,217,291,161,274,102,243,45,233,0,234,142,151,135,80,131,38,127,0,183,151,180,125,180,182,183,210,224,161,222,144,213,198,208,219,262,177,263,151,247,188,236,206
11,218,292,162,276,103,246,46,236,0,236,142,154,135,81,132,39,128,0,183,153,181,126,181,183,184,214,223,163,224,145,215,200,208,225,261,178,264,153,248,190,235,210
11,217,291,161,275,102,245,44,235,0,235,141,153,134,81,130,38,126,0,182,152,179,125,180,182,182,213,222,162,222,144,214,198,206,223,260,177,262,152,247,189,234,208
11,217,291,162,274,103,245,44,235,0,234,142,152,135,81,131,38,127,0,183,152,179,124,179,181,182,211,224,161,222,144,213,198,207,222,262,176,262,152,246,189,235,207
11,218,292,162,276,103,246,45,235,0,235,143,153,137,82,133,39,129,0,184,153,181,126,181,183,184,214,224,164,223,146,215,200,209,224,262,179,263,154,247,191,235,211
11,221,292,164,276,105,246,46,235,0,234,145,153,138,82,134,38,130,0,187,153,182,126,183,184,186,214,227,163,225,145,217,199,211,224,265,178,266,153,250,190,238,209
11,219,293,163,276,104,246,45,235,0,236,143,154,136,82,132,38,128,0,184,153,181,126,182,183,184,214,224,163,224,145,215,200,209,225,262,178,263,153,248,191,236,211
11,217,293,161,277,102,247,44,236,0,236,142,154,134,81,130,38,126,0,183,153,178,125,179,183,181,214,223,163,221,146,212,200,206,226,261,178,261,153,245,190,233,210
11,220,293,163,277,104,247,45,236,0,235,144,154,137,82,133,39,129,0,185,154,181,125,182,184,184,215,225,163,225,145,216,201,209,227,264,178,265,153,249,191,236,212
11,218,293,161,277,102,247,44,236,0,236,141,155,134,82,129,39,125,0,182,154,178,125,179,183,182,214,222,164,220,145,212,200,207,226,261,179,260,153,245,191,234,211
11,218,291,162,276,102,247,44,236,0,237,141,153,134,81,130,38,126,0,183,153,179,124,180,182,183,212,224,163,222,144,214,199,208,223,262,178,263,152,247,189,235,208
11,219,293,163,277,104,247,45,237,0,238,145,153,138,81,132,38,128,0,186,153,181,124,181,182,184,212,225,163,223,144,214,199,209,223,264,178,263,153,247,190,236,210
11,217,292,161,276,102,247,44,237,0,238,140,154,133,82,129,38,125,0,181,154,178,125,179,183,182,213,221,164,221,145,212,200,206,225,259,179,260,154,245,191,233,211
11,219,294,163,277,103,247,45,238,0,239,142,155,135,82,131,39,127,0,184,155,180,126,181,184,184,214,224,165,223,146,215,201,209,226,262,180,262,154,247,192,235,212
11,218,292,162,275,103,245,45,235,0,237,142,153,135,81,130,38,126,0,183,153,180,124,180,182,183,213,223,163,222,144,213,199,207,225,261,178,262,152,245,190,234,211
11,219,291,163,276,103,247,45,236,0,237,143,153,136,81,131,38,127,0,184,153,180,125,181,183,184,213,224,162,222,144,214,199,208,224,262,177,262,152,246,191,234,211
11,220,291,163,276,103,246,45,236,0,236,142,152,136,81,131,38,127,0,183,152,180,124,181,183,183,212,223,162,223,143,215,197,208,222,261,177,262,151,247,189,235,208
12,104,138,54,120,38,79,73,54,100,31,37,17,4,19,0,62,10,93,70,9,29,1,21,51,28,89,102,17,69,0,55,46,56,78,130,33,87,61,73,94,74,106
12,105,140,54,123,37,81,73,56,99,34,35,19,3,20,0,63,9,95,68,11,28,2,20,52,27,90,101,18,69,0,55,45,55,78,130,34,88,62,73,95,73,108
12,103,138,53,121,37,80,73,56,99,35,35,16,4,19,0,62,9,94,68,9,28,2,19,52,27,90,101,17,69,0,54,46,55,79,130,33,89,61,73,93,72,106
12,103,137,54,122,39,80,74,56,100,36,37,15,4,17,0,62,9,94,71,9,29,1,20,51,28,89,104,17,70,0,55,46,57,78,133,34,90,61,74,94,75,107
12,107,139,55,125,38,81,75,54,105,32,38,11,4,16,0,62,11,96,74,4,32,0,23,53,30,91,109,15,75,1,60,51,61,83,139,33,95,63,78,100,79,111
12,106,140,56,123,41,81,78,58,104,39,39,13,5,17,0,64,9,97,76,6,33,1,23,54,30,94,111,15,76,0,61,48,61,81,141,32,98,62,79,98,76,113
12,109,138,57,122,41,80,77,55,104,35,41,12,6,17,0,63,9,96,77,5,34,0,23,52,31,91,113,15,78,0,62,48,63,80,143,33,98,62,81,97,81,111
12,110,140,57,122,41,79,80,53,109,32,41,12,6,17,0,64,9,98,78,4,33,0,23,53,30,94,113,13,77,0,62,48,60,81,143,31,99,62,80,98,77,112
12,108,140,55,123,40,79,80,53,110,32,40,13,6,18,0,65,8,100,77,5,33,0,22,53,29,94,112,14,77,0,61,48,60,81,142,33,97,64,79,99,77,113
12,111,141,56,124,41,81,80,55,107,33,40,14,5,18,0,65,9,100,77,7,33,1,23,54,30,94,113,16,77,0,61,49,61,82,143,35,97,65,79,100,79,113
12,108,140,56,123,41,80,80,54,108,32,40,13,5,17,0,63,10,97,77,5,34,0,25,53,32,93,112,14,78,0,62,48,62,81,142,32,97,63,79,99,77,112
12,117,133,61,120,40,79,73,52,98,28,40,8,3,16,0,63,12,97,75,0,28,1,20,55,31,93,110,10,72,0,58,48,60,79,141,29,98,63,81,97,81,109
12,117,133,60,120,39,78,71,51,97,26,40,8,2,18,0,65,11,99,74,0,26,4,20,58,31,96,110,10,71,4,56,51,58,81,140,30,97,65,80,98,79,109
12,118,133,61,121,41,80,73,55,97,32,40,8,2,15,0,61,12,95,74,1,28,0,21,54,32,93,109,11,71,0,58,48,62,80,140,30,97,61,81,96,83,108
12,116,132,61,120,42,79,74,53,98,30,39,9,2,16,0,64,11,98,74,1,27,1,20,55,31,94,109,10,72,0,59,48,61,80,140,29,98,61,82,96,81,110
12,116,133,60,121,41,79,75,53,102,29,40,7,3,16,0,64,10,98,75,0,27,1,20,56,30,95,110,10,72,1,58,49,60,80,140,30,98,63,80,98,79,110
12,117,133,61,121,41,80,73,54,98,31,40,8,2,17,0,63,11,97,75,0,28,2,21,55,31,93,110,9,72,1,58,48,60,79,140,28,98,62,81,97,79,110
12,116,134,61,121,42,79,76,52,102,28,38,8,3,18,0,64,10,98,73,0,28,3,21,56,31,94,109,9,73,1,59,49,61,80,140,28,98,62,81,96,79,109
12,117,134,62,122,43,81,77,54,104,30,39,8,2,18,0,65,11,99,74,0,28,4,23,58,33,97,110,10,73,3,60,50,61,81,141,29,99,63,82,98,81,109
12,113,134,59,120,42,78,78,52,107,28,39,8,2,19,0,65,10,100,74,0,27,3,20,56,30,95,109,9,73,2,59,48,60,79,139,28,98,62,81,96,79,109
12,116,135,61,122,43,79,78,52,106,27,39,9,3,18,0,66,11,100,74,0,28,2,21,56,30,95,109,9,73,1,59,49,60,81,140,28,99,62,82,97,80,109
12,114,135,59,120,40,78,74,51,100,29,39,8,3,19,0,66,10,99,75,0,29,5,23,58,33,97,111,10,74,3,60,50,62,81,141,29,99,63,82,98,81,111
12,116,136,60,122,39,80,71,53,97,30,40,8,2,20,0,67,11,101,75,0,28,7,22,61,32,99,111,10,73,7,59,54,61,83,141,30,98,67,82,102,82,113
12,117,135,60,121,40,80,72,53,96,30,39,10,2,20,0,66,12,99,75,0,28,4,22,57,33,96,110,9,74,3,60,50,62,82,141,28,99,64,82,99,81,111
12,115,135,59,122,40,79,75,52,103,28,41,8,4,19,0,66,11,100,76,0,29,3,20,57,30,96,110,10,73,4,58,51,59,82,140,30,96,66,80,101,80,112
12,117,132,61,121,43,79,78,53,105,28,40,7,3,16,0,64,11,98,74,0,28,1,20,55,30,95,110,10,72,0,58,48,60,80,140,29,97,63,81,97,82,108
12,118,133,61,121,41,80,74,54,100,30,42,7,4,15,0,63,11,98,76,0,29,1,21,56,31,95,111,10,73,1,58,50,61,81,142,30,98,63,81,98,81,109
12,116,131,59,119,39,78,72,51,99,27,39,7,1,16,0,64,11,98,73,0,26,2,20,56,31,94,109,10,70,2,56,49,59,80,140,29,96,63,80,96,80,107
12,118,133,61,121,42,79,75,52,101,27,41,8,3,17,0,65,10,99,76,0,27,3,20,57,30,96,110,10,71,3,57,51,59,82,140,29,97,65,80,99,80,110
12,118,134,62,121,42,80,74,54,100,31,42,8,3,18,0,65,10,99,76,0,28,5,21,59,32,97,111,10,72,5,58,52,61,83,141,30,97,65,81,100,82,111
12,116,133,61,119,41,77,73,50,98,27,41,8,3,17,0,63,10,97,76,0,29,2,21,55,31,93,111,8,73,1,60,47,62,78,141,27,98,61,82,96,82,108
12,116,132,60,120,40,77,75,49,103,24,40,8,3,18,0,65,10,99,74,0,26,3,20,57,30,95,109,10,71,3,57,51,59,81,139,28,96,64,80,98,80,109
12,117,133,61,121,40,80,73,53,97,30,41,7,3,18,0,65,11,99,76,0,28,4,21,58,32,96,110,10,72,5,58,52,61,83,140,30,98,64,81,99,81,110
12,116,131,61,119,41,79,73,52,98,29,41,7,4,16,0,63,10,97,76,0,29,1,21,55,32,94,111,9,73,1,58,49,61,80,141,28,98,61,81,96,81,109
12,116,133,60,120,40,78,74,51,101,27,42,7,3,17,0,64,10,98,77,0,28,2,20,57,30,95,111,9,72,2,58,51,61,81,142,28,97,64,81,98,82,109
12,116,133,59,121,40,79,74,52,100,30,39,8,3,17,0,65,11,99,74,0,27,2,20,56,30,95,109,9,72,1,58,49,60,80,140,29,97,63,79,98,78,109
12,117,133,61,121,41,79,75,52,100,28,41,7,3,17,0,65,11,99,76,0,28,3,20,57,31,96,111,10,72,3,57,51,60,81,141,29,97,65,81,100,80,111
12,116,134,61,122,41,81,74,54,100,29,39,8,2,17,0,65,10,99,74,0,27,1,20,56,29,95,109,9,71,0,56,49,57,81,139,28,96,63,79,98,78,110
12,117,132,61,120,41,78,75,52,103,28,41,8,4,16,0,64,11,97,75,0,28,1,21,55,31,93,110,9,72,0,58,48,61,79,141,27,98,62,82,96,82,108
12,117,134,61,121,41,79,74,53,101,29,41,9,3,17,0,64,10,98,75,0,27,2,20,56,30,95,110,9,71,2,57,50,59,81,140,27,97,64,81,99,80,110
12,118,131,62,119,41,78,73,51,97,28,40,7,3,17,0,63,11,97,75,0,28,2,21,55,31,93,110,9,73,2,59,49,61,80,141,29,98,62,81,96,80,108
12,115,129,60,118,41,78,73,53,97,29,37,7,2,15,0,62,10,95,72,0,27,0,20,54,31,92,108,9,71,0,57,47,59,78,139,28,96,60,80,95,80,107
12,116,132,61,120,41,79,74,52,101,28,40,9,3,18,0,64,11,98,74,0,28,3,20,57,31,95,109,9,71,3,57,51,59,82,140,28,97,64,81,98,81,109
12,115,134,59,121,39,80,71,53,95,30,39,9,2,19,0,65,11,99,74,0,27,4,20,57,30,96,109,10,71,3,56,51,59,83,139,28,96,63,79,98,79,111
12,117,131,61,119,41,80,72,55,94,34,38,7,2,16,0,63,10,96,73,0,27,2,21,56,32,94,108,9,71,1,58,49,61,80,139,28,98,61,81,96,80,109
12,116,132,59,120,38,80,72,54,98,33,40,7,3,18,0,65,11,99,75,0,28,4,21,58,32,97,110,11,71,3,57,51,61,82,141,31,97,65,80,100,80,111
12,118,133,62,121,42,80,74,53,98,29,39,8,2,18,0,65,11,99,74,0,28,4,22,58,33,96,110,10,73,4,59,51,62,82,140,29,98,63,82,98,81,111
12,116,132,61,120,41,79,73,52,98,28,39,9,1,16,0,63,12,96,74,1,27,1,21,55,32,93,109,9,71,0,58,48,61,79,140,28,97,61,81,96,81,108
12,119,131,62,120,41,82,70,58,92,37,38,8,1,16,0,63,12,96,73,0,28,3,22,57,34,95,109,9,71,2,59,51,63,82,140,28,100,61,84,96,85,109
12,116,131,60,119,41,78,75,50,103,26,40,7,3,15,0,63,11,97,75,0,27,2,20,55,31,94,109,9,70,1,57,48,60,78,139,28,95,62,80,97,80,109
12,117,132,61,119,42,78,77,51,104,28,39,8,2,17,0,64,11,99,74,0,27,3,20,56,31,95,110,10,72,2,58,49,60,80,141,29,98,63,82,97,81,108
12,116,132,62,121,42,79,75,53,101,28,39,8,1,18,0,65,11,98,73,0,25,2,19,57,30,95,108,9,70,1,57,49,60,81,139,28,96,62,81,97,81,109
12,116,133,61,121,42,80,74,53,99,28,38,9,0,18,0,65,12,98,73,0,26,2,21,56,32,94,108,9,72,1,59,49,61,81,139,28,97,62,81,96,80,108
12,117,132,62,120,41,79,74,52,100,27,39,9,2,19,0,65,12,99,74,0,27,4,21,56,32,94,109,9,72,3,59,50,61,80,139,27,97,62,81,97,80,108
12,117,132,62,119,41,78,73,50,99,26,40,9,2,17,0,64,12,97,75,0,27,3,21,56,33,94,110,9,71,2,58,49,61,80,140,27,97,61,81,95,82,107
12,118,130,62,117,42,76,74,49,98,25,41,8,3,16,0,62,12,96,76,0,28,2,22,54,33,92,111,8,73,1,60,47,63,78,141,25,98,60,82,94,82,106
12,117,132,62,120,40,82,68,56,89,32,39,9,2,18,0,64,12,97,74,0,27,3,20,56,31,94,109,9,71,2,58,50,62,81,140,28,97,63,80,97,79,110
12,119,131,63,121,42,83,72,58,92,36,38,9,1,17,0,65,13,98,74,0,28,4,22,58,35,96,109,10,71,3,59,51,63,82,140,29,98,63,82,98,83,110
12,118,130,62,120,43,80,75,54,98,30,39,8,2,16,0,64,11,98,74,0,26,2,20,57,31,95,109,9,70,0,57,49,61,80,139,28,97,62,81,97,82,108
12,117,131,62,119,41,79,70,53,92,31,38,9,1,18,0,65,13,98,73,0,27,4,21,58,34,95,109,9,71,4,59,51,64,81,141,28,99,63,83,97,83,110
12,118,130,62,118,41,79,70,54,92,32,40,7,2,15,0,62,11,96,75,0,26,1,20,56,33,94,110,9,70,0,58,49,62,81,141,27,97,61,82,96,83,108
12,118,132,62,120,41,80,71,53,96,29,40,9,2,17,0,64,12,97,74,0,27,3,20,57,32,94,109,9,71,2,58,50,62,81,140,28,97,63,81,97,81,109
12,119,129,63,118,42,79,71,53,93,31,39,9,1,16,0,62,12,96,73,0,26,1,20,55,32,93,109,9,70,0,57,48,61,79,140,27,98,60,83,95,83,107
12,118,133,63,120,42,81,71,55,93,31,39,9,2,18,0,64,12,97,73,0,27,5,22,58,33,95,108,9,71,4,58,51,62,82,139,28,98,62,82,96,81,109
12,117,131,61,120,40,80,71,53,96,28,38,9,1,16,0,63,12,96,72,1,26,2,20,55,32,94,107,9,69,0,57,48,61,80,138,27,96,61,80,95,81,108
12,120,132,63,121,41,82,70,56,90,32,40,8,2,17,0,64,12,97,75,0,28,3,21,57,32,96,110,9,71,3,58,52,61,84,140,28,98,63,83,97,83,109
12,118,130,61,118,40,77,71,50,96,27,39,8,2,16,0,63,11,97,74,0,28,2,22,56,32,95,110,9,72,2,59,50,61,80,141,27,98,62,82,96,83,106
12,117,133,63,122,43,81,75,54,98,29,39,8,2,16,0,64,12,98,74,0,27,2,20,57,31,96,109,9,70,1,58,50,61,81,140,28,98,62,83,96,84,109
12,117,133,62,120,40,78,72,50,97,24,41,10,3,17,0,64,10,98,75,1,27,2,19,55,30,94,109,9,69,0,56,48,60,80,140,26,96,61,81,95,83,107
12,116,132,61,119,40,79,71,53,94,28,38,9,1,16,0,63,11,97,73,1,25,1,19,55,31,94,108,9,69,0,56,47,60,79,139,27,96,61,80,95,81,107
12,119,133,63,121,42,81,71,54,93,30,39,7,1,18,0,64,11,98,74,0,26,5,20,59,31,96,109,9,70,4,57,52,61,82,141,28,98,63,82,97,82,109
12,116,133,62,120,42,80,73,53,97,28,40,9,3,17,0,63,11,97,75,0,28,3,21,57,33,95,110,9,71,3,58,50,62,81,140,27,97,63,81,97,81,109
12,118,133,61,120,40,79,70,53,94,28,40,9,2,16,0,63,11,96,74,0,26,1,19,56,31,94,109,9,69,1,55,51,59,82,139,27,95,63,80,97,81,107
12,119,133,62,121,40,82,68,55,89,30,38,8,0,19,0,65,13,99,72,0,25,5,21,59,33,96,108,9,69,4,57,52,61,83,139,28,97,63,82,97,81,109
12,118,133,63,121,41,81,72,54,95,29,37,9,0,17,1,65,13,98,72,0,25,3,21,57,32,95,108,9,69,2,56,50,59,81,139,27,97,62,81,96,80,107
12,120,131,64,119,42,81,69,56,90,32,40,9,2,16,0,62,12,94,74,0,27,2,20,56,32,93,109,9,69,2,56,50,60,81,140,27,97,62,82,95,82,107
12,119,132,63,120,41,82,66,57,84,34,38,8,1,15,0,61,13,94,72,0,25,3,19,57,32,94,107,10,68,4,55,52,61,83,138,29,96,62,82,96,85,108
12,119,132,62,119,41,80,70,54,92,31,39,9,2,15,0,61,11,94,74,0,28,1,22,55,33,93,109,9,70,0,57,49,60,81,141,27,97,60,82,94,83,106
12,119,131,63,119,41,82,66,59,84,36,37,8,0,16,0,62,12,95,72,0,25,3,21,57,33,94,108,9,68,2,56,51,60,82,139,28,98,61,81,94,81,106
12,119,129,62,118,40,78,69,52,90,27,38,8,1,13,0,60,12,94,73,0,26,0,20,55,32,92,108,8,69,0,56,48,59,80,140,26,97,59,81,93,81,106
12,119,133,64,121,42,80,71,53,94,27,40,9,1,17,0,64,12,97,74,0,26,2,21,56,32,94,109,9,70,1,58,50,61,81,141,27,98,62,83,96,83,109
12,119,133,63,121,42,81,70,55,91,30,41,8,2,17,0,64,12,97,75,0,25,3,19,58,32,96,109,9,68,3,55,52,60,83,139,29,96,63,81,98,82,110
12,120,132,65,121,42,84,67,59,84,35,37,9,0,16,0,62,13,95,72,0,25,4,21,58,34,95,107,9,68,3,56,51,61,83,139,28,97,60,81,94,82,107
12,116,131,62,119,40,81,66,55,87,32,38,8,1,15,0,61,11,93,73,0,27,0,21,54,33,91,109,8,70,0,57,47,60,79,140,26,97,59,81,93,80,105
12,120,133,63,121,41,81,71,55,93,30,39,9,1,17,0,63,13,96,74,0,26,3,20,57,32,94,109,9,69,2,56,51,59,82,140,27,97,62,82,95,83,105
12,119,133,63,120,43,79,76,51,102,26,39,9,1,17,0,63,13,97,74,0,27,2,22,55,34,93,109,9,70,0,58,47,62,79,140,26,97,60,81,95,81,107
12,121,133,65,121,43,81,73,54,95,29,38,9,0,18,0,65,13,97,73,0,25,4,21,58,34,95,108,8,68,1,57,50,62,82,139,26,96,61,82,95,83,106
12,122,134,65,122,42,82,72,54,95,28,40,9,1,18,0,65,13,98,74,0,26,4,20,58,32,96,109,9,68,3,55,51,59,82,139,27,96,63,81,96,83,106
12,121,131,63,119,41,79,71,53,94,29,38,9,0,16,0,63,13,95,73,1,25,2,20,56,33,94,109,9,68,0,56,49,62,80,140,27,95,61,82,95,84,106
12,121,133,64,120,41,79,71,52,94,27,41,10,2,18,0,65,12,98,75,0,25,3,19,57,32,95,109,9,69,2,56,51,62,82,140,26,96,63,81,97,83,107
12,121,132,64,122,41,82,69,56,89,32,39,9,1,18,0,64,12,96,74,0,25,3,20,57,32,95,109,9,69,1,56,49,61,80,140,27,99,61,82,95,82,107
12,121,134,65,121,43,81,72,54,95,30,41,10,2,18,0,65,12,99,75,0,27,4,20,58,32,96,110,9,70,4,57,52,60,84,141,27,97,64,83,98,84,109
12,120,132,64,120,43,80,71,54,91,31,41,9,2,17,0,63,12,96,76,0,27,2,21,56,33,95,111,8,70,1,57,50,61,82,141,26,98,62,82,97,84,109
12,121,132,63,121,40,81,70,56,93,32,39,8,1,17,0,64,11,97,74,0,26,3,20,58,32,96,109,10,69,3,56,52,61,82,139,29,96,64,81,99,83,109
12,118,132,63,120,42,80,73,52,97,27,39,8,1,16,0,62,11,95,74,0,26,2,20,55,31,93,108,8,68,0,56,49,61,80,139,26,95,61,81,95,83,106
12,121,131,64,119,42,79,70,54,92,29,40,8,2,16,0,62,13,95,74,0,26,2,20,56,33,94,109,8,68,1,55,50,60,81,140,25,96,61,81,95,83,106
12,121,132,64,121,42,81,71,54,93,29,39,11,1,17,0,63,12,95,74,2,25,1,20,56,33,93,109,9,68,0,56,50,60,82,140,26,96,60,81,94,82,106
12,121,131,64,119,43,78,73,51,96,26,41,9,1,16,0,62,12,95,74,0,25,1,20,55,32,93,109,8,68,0,56,48,60,80,139,25,95,60,81,94,83,104
12,117,133,64,121,44,81,74,54,97,28,39,9,1,16,0,63,12,96,74,0,26,4,21,57,33,95,108,8,69,2,57,50,61,81,139,26,95,62,80,96,82,108
12,119,134,64,122,44,81,75,54,99,28,39,10,1,18,0,65,13,98,74,0,26,3,22,57,34,95,109,8,70,1,58,51,62,83,140,26,96,62,81,97,82,109
12,118,132,63,120,42,81,71,55,93,30,37,9,0,16,0,63,12,96,72,0,25,2,21,56,33,93,107,8,69,0,57,49,61,80,139,26,96,60,81,94,82,106
12,116,136,63,122,44,80,78,52,104,26,41,13,3,19,0,66,11,100,75,3,27,2,21,56,32,95,109,11,70,0,58,49,61,81,140,28,96,62,81,97,82,109
12,117,135,63,121,43,79,77,52,103,27,38,12,2,18,0,64,12,97,73,2,26,2,21,56,33,94,108,10,69,0,59,48,63,79,139,26,96,61,81,96,81,108
12,117,134,63,121,42,80,72,53,95,29,39,9,0,18,0,64,12,97,73,0,25,3,21,57,33,94,108,9,69,2,58,49,63,80,140,27,96,62,81,96,82,109
12,118,134,63,122,43,81,75,53,100,28,41,9,2,18,0,65,11,98,75,0,27,5,21,58,33,96,109,9,70,4,58,52,63,83,139,27,96,63,81,97,82,109
12,117,134,63,122,45,82,76,55,99,30,39,11,2,16,0,63,11,97,73,2,27,1,21,55,32,94,108,10,70,0,58,48,62,80,139,27,96,60,82,94,83,108
12,116,134,62,121,43,81,74,54,96,29,39,9,1,16,0,63,11,96,74,0,27,2,22,55,33,93,109,9,71,1,59,48,64,79,141,27,97,60,82,94,82,108
12,116,134,62,121,43,80,74,53,98,27,39,10,1,16,0,63,11,96,74,1,26,1,20,55,31,93,109,9,69,0,58,48,63,79,139,27,95,60,80,95,81,109
12,116,133,63,119,43,79,75,51,99,26,40,9,2,16,0,62,13,95,74,0,27,1,22,54,34,92,109,8,70,0,59,47,64,78,139,25,96,59,81,93,83,106
12,120,132,65,120,44,80,71,54,90,30,40,9,1,16,0,62,12,94,74,0,26,1,22,55,35,93,109,8,70,0,58,48,63,79,141,25,99,58,83,93,83,106
12,117,136,64,124,44,82,76,53,100,26,38,15,1,21,0,67,12,101,73,4,25,4,20,57,32,96,107,11,68,0,58,48,63,81,138,26,94,61,81,97,82,109
12,118,132,63,121,42,82,69,56,89,33,37,9,0,17,0,64,12,96,71,0,24,3,19,57,32,94,105,9,67,2,55,50,60,81,137,26,96,60,81,94,81,107
12,119,134,63,122,42,83,71,56,92,33,38,10,1,19,0,66,13,99,72,0,25,5,21,58,34,96,107,8,68,4,57,52,61,84,139,26,97,62,82,96,82,109
12,118,133,63,122,43,82,74,54,98,29,37,10,0,17,0,64,12,98,72,1,25,3,21,56,33,95,107,8,69,0,57,49,61,82,138,25,96,60,81,96,82,109
12,118,135,63,124,42,84,73,57,95,32,40,8,0,18,1,65,13,98,75,0,26,6,21,60,33,97,110,10,69,5,58,54,63,85,140,30,97,64,82,98,83,111
12,116,135,62,123,44,82,77,54,101,28,40,10,2,17,0,65,12,98,74,1,27,2,20,56,31,94,109,9,69,0,57,49,62,80,140,27,96,61,82,96,84,109
12,119,135,64,122,43,81,73,55,95,30,39,9,1,18,0,65,12,98,74,0,25,3,20,58,33,96,109,9,69,2,58,52,62,83,140,27,97,62,82,97,83,109
12,120,136,64,123,44,83,73,56,94,32,41,9,2,19,0,66,13,99,76,0,26,6,22,60,35,98,111,10,70,5,58,54,64,84,141,28,98,64,83,99,84,111
12,119,132,62,121,42,85,70,62,88,38,39,7,1,18,0,65,11,98,74,0,28,6,21,61,33,98,109,11,70,8,57,57,62,86,141,31,100,63,86,95,88,105
12,109,141,58,126,38,82,61,53,77,27,43,6,3,18,0,69,11,103,79,0,28,7,20,65,31,103,114,11,72,8,58,58,64,86,145,32,103,69,87,105,90,115
12,124,145,63,131,39,88,64,63,81,41,45,6,3,19,0,71,12,107,84,0,32,6,24,67,36,108,123,13,80,8,65,61,70,93,156,35,110,73,91,111,90,123
12,120,137,63,125,44,83,78,56,102,31,40,10,1,19,0,67,13,101,76,0,27,3,21,59,34,98,112,9,72,1,60,50,65,82,144,28,100,64,85,100,87,112
12,120,138,63,124,44,81,79,53,105,28,40,9,1,19,0,68,13,102,76,0,26,3,21,58,34,98,112,9,71,1,60,51,64,83,145,27,100,64,85,100,85,111
12,120,138,64,126,46,82,81,54,106,28,42,11,2,19,0,68,12,103,77,2,26,3,21,59,34,99,113,10,72,0,60,50,66,83,145,27,100,62,85,99,87,111
12,121,139,64,125,44,82,79,54,105,28,42,8,1,19,0,67,13,101,78,0,27,4,22,60,35,98,114,9,72,3,60,52,66,83,146,28,101,64,85,99,85,112
12,122,139,66,125,46,82,81,55,106,30,42,11,2,19,0,67,13,102,77,2,27,3,22,59,35,99,114,11,73,0,61,50,66,83,146,28,102,63,87,99,88,112
12,120,139,64,125,44,83,79,56,106,32,41,9,2,19,0,67,11,100,76,0,28,5,23,61,35,99,113,9,73,4,60,53,65,85,145,28,101,64,85,100,86,113
12,119,136,63,123,44,80,80,52,107,26,42,10,3,17,0,65,12,99,77,1,27,1,21,57,33,96,112,8,71,0,59,49,63,81,143,25,99,62,84,98,86,109
12,119,136,65,123,46,82,80,56,103,31,42,8,2,16,0,64,11,98,77,0,28,1,22,57,34,96,113,9,72,0,60,49,65,82,145,27,101,61,86,97,88,110
12,120,137,64,124,45,82,80,55,106,30,43,9,3,18,0,66,12,101,79,0,29,3,23,58,35,97,115,9,74,1,62,50,67,83,146,27,102,63,87,99,90,112
12,118,137,62,124,44,82,80,54,106,28,41,9,2,18,0,66,11,101,77,0,28,3,22,58,35,97,112,9,73,2,61,50,66,83,143,27,100,62,84,99,85,112
14,184,183,102,164,49,139,11,120,6,92,103,41,50,10,15,33,1,64,120,33,52,0,12,30,0,66,131,34,62,1,18,33,0,70,128,48,67,26,31,45,12,71
14,181,181,102,164,50,140,11,121,7,91,103,41,49,11,16,34,2,64,120,33,51,1,12,30,0,65,130,33,61,0,17,32,1,68,127,47,66,26,30,43,12,68
14,179,180,101,162,48,138,10,119,5,89,102,41,50,10,15,33,1,63,119,33,52,0,13,29,0,64,129,33,63,0,18,31,0,68,127,47,67,25,31,43,13,69
14,182,181,102,164,49,138,11,119,7,91,102,41,50,10,16,34,2,65,119,33,53,0,13,30,0,66,131,34,64,0,19,33,1,70,129,48,68,27,32,46,14,72
14,181,181,102,163,49,138,10,118,6,89,103,40,51,10,16,33,1,63,120,33,53,0,13,30,0,65,130,33,63,1,18,33,0,69,127,47,66,26,31,45,13,71
14,179,181,101,163,48,138,11,118,6,90,102,43,50,12,15,35,2,65,119,34,51,1,12,31,0,66,130,34,62,0,17,33,1,70,127,47,66,25,30,44,13,70
14,181,180,102,163,49,138,11,119,5,90,101,42,49,11,15,35,2,65,119,33,51,1,12,31,0,66,130,33,62,0,17,32,1,69,128,46,66,26,31,45,13,71
14,178,180,100,164,49,139,10,121,3,90,109,42,54,9,18,33,3,65,125,33,52,0,12,32,1,67,132,33,59,0,15,34,0,72,126,46,62,24,27,44,11,72
14,182,185,102,166,51,140,11,122,6,94,111,41,54,9,17,33,3,64,127,34,52,0,11,32,0,67,135,35,61,1,15,34,0,70,128,48,64,27,28,46,11,72
14,184,187,105,167,52,141,12,123,8,96,117,42,58,9,20,32,3,62,133,34,54,0,12,31,0,67,139,35,61,2,16,34,0,71,130,49,64,28,29,47,12,72
14,184,190,104,169,53,142,14,125,7,97,115,44,57,11,19,33,4,65,132,36,56,0,12,31,0,67,139,36,63,1,16,33,0,71,131,49,65,28,29,47,12,72
14,184,190,104,169,50,142,12,120,14,97,112,42,54,10,16,32,0,62,129,35,53,0,12,31,1,65,138,38,64,1,18,31,3,66,133,53,68,29,32,46,16,69
14,183,188,104,168,49,141,9,119,8,96,112,39,51,8,14,33,0,65,129,32,50,0,10,33,2,69,138,35,62,0,18,31,4,68,133,50,68,28,33,45,18,68
14,183,188,103,167,49,140,10,119,10,94,109,40,50,8,13,34,0,65,127,32,50,0,9,33,2,67,136,34,62,0,16,32,3,67,131,49,67,27,32,44,18,67
14,180,189,100,169,47,142,10,120,11,97,107,42,49,8,11,34,0,66,125,34,49,0,7,33,0,68,134,37,60,1,14,33,2,68,128,52,64,30,29,47,16,70
14,183,189,103,169,48,141,8,120,8,99,111,40,51,8,13,33,0,66,127,33,49,0,9,33,0,69,137,36,62,0,17,32,2,68,131,52,67,28,31,46,16,70
14,184,189,103,168,50,142,12,120,12,94,106,42,50,9,13,34,0,65,124,34,51,0,9,32,0,67,134,36,63,0,17,31,3,67,130,50,68,28,32,44,17,67
14,187,188,105,167,51,140,11,119,16,94,115,39,55,7,16,31,0,62,132,33,53,0,11,31,0,67,140,35,65,2,18,32,2,68,133,50,69,27,32,44,15,68
14,183,188,104,168,50,140,10,120,9,95,114,38,54,7,16,30,0,61,131,31,52,0,11,32,1,67,139,34,64,2,18,32,2,68,133,48,69,27,33,44,17,68
14,183,189,102,168,49,141,11,119,13,96,110,39,50,7,13,34,0,65,127,32,50,0,9,33,1,68,136,34,63,0,17,32,3,67,132,50,68,29,32,45,18,68
14,183,191,104,171,48,142,8,121,8,98,111,39,51,8,14,34,0,65,127,33,50,0,9,33,1,68,136,37,62,2,17,33,3,68,131,53,66,29,31,46,17,70
14,181,189,101,168,48,141,9,121,7,97,109,38,51,7,13,32,0,64,126,31,51,0,9,32,0,67,136,33,63,0,16,31,2,68,132,48,68,26,31,43,15,68
14,185,187,104,167,51,140,12,119,14,95,111,38,52,7,14,32,0,63,128,31,52,0,11,32,1,67,138,33,64,0,18,32,2,68,133,48,70,26,33,44,16,68
14,184,189,104,168,50,142,11,122,12,97,108,43,50,10,12,35,0,66,126,35,51,2,10,34,3,69,136,36,64,0,18,31,5,67,133,50,70,27,33,43,18,67
14,186,190,105,167,51,140,12,121,12,96,115,38,52,6,14,33,0,65,132,32,51,0,10,33,1,68,140,35,64,1,17,32,2,69,134,51,70,26,33,44,17,69
14,231,229,137,200,70,166,19,144,11,114,154,38,73,8,24,37,0,77,170,34,64,0,15,42,2,86,179,42,81,5,26,44,6,89,171,66,89,42,45,64,25,94
14,231,229,138,200,71,166,20,145,12,114,159,36,76,6,26,35,0,74,174,33,66,0,17,41,2,84,182,43,84,8,28,46,7,90,173,67,94,44,49,67,27,96
14,231,227,138,197,70,163,18,142,11,111,158,35,75,6,26,35,0,73,174,32,65,0,17,41,2,83,182,42,84,5,29,42,8,86,173,67,92,44,48,65,27,95
14,233,227,141,197,72,162,19,140,14,113,159,34,77,5,28,34,0,74,174,31,65,0,18,42,4,86,182,40,86,4,31,41,9,87,174,64,94,43,50,64,28,95
14,232,228,139,199,70,164,17,142,13,113,158,34,77,4,27,33,0,72,173,31,64,0,18,42,3,85,181,39,84,5,29,43,7,89,173,64,92,43,49,65,27,96
14,233,228,140,198,71,163,18,142,13,114,158,33,76,5,26,35,0,74,173,30,65,0,18,42,4,86,182,40,86,4,31,42,9,88,174,65,94,43,50,65,29,95
14,233,230,139,202,70,166,17,145,10,117,160,34,75,5,26,36,0,76,175,31,63,0,17,44,4,87,183,41,84,6,30,45,9,90,175,67,94,47,50,70,29,99
14,233,231,139,201,71,165,18,144,11,115,155,33,72,6,24,37,0,77,172,29,63,0,16,44,3,88,182,39,83,5,29,45,9,92,175,65,93,45,50,69,29,100
14,230,229,137,200,69,165,17,144,8,114,155,32,72,4,23,35,0,75,171,29,62,0,15,43,3,85,180,38,81,5,27,45,7,89,174,64,93,45,49,69,29,99
14,229,228,136,200,68,166,16,145,9,115,156,34,73,6,24,36,0,77,171,30,60,0,15,44,3,87,180,40,80,7,27,47,6,92,173,66,92,46,48,69,27,100
14,228,228,136,199,67,164,14,144,8,115,158,32,74,4,25,35,0,76,173,30,60,0,15,44,3,88,181,40,81,7,27,46,7,91,173,66,91,46,48,70,27,100
14,226,228,134,200,67,165,15,144,8,116,154,33,72,4,23,36,0,77,169,30,60,0,14,44,2,87,177,39,78,7,25,47,5,92,169,65,88,46,45,69,25,99
14,229,228,136,199,69,164,16,143,12,114,153,32,73,4,25,35,0,75,169,29,62,0,16,43,3,87,178,39,82,4,28,44,7,91,171,64,91,44,48,67,27,97
14,228,228,136,200,68,165,15,144,7,118,151,34,71,6,24,37,0,77,167,30,61,0,17,44,5,87,176,39,81,4,28,42,9,88,170,64,90,43,47,64,27,94
14,181,184,102,164,45,137,0,117,4,97,114,31,52,5,16,32,0,66,127,26,45,0,9,35,1,71,135,31,60,1,17,34,3,71,128,50,65,29,31,49,16,75
14,183,187,104,165,47,139,4,118,6,96,110,35,51,7,15,33,0,65,125,30,48,0,10,33,3,68,134,33,63,0,20,32,6,69,130,50,68,28,33,48,19,76
14,184,188,105,166,48,141,5,121,5,96,111,37,51,9,15,34,0,66,126,31,48,0,11,34,3,70,135,34,63,1,20,34,7,72,131,50,69,28,35,49,21,77
14,180,186,100,165,44,139,1,119,5,95,107,37,49,10,15,35,0,67,122,30,47,2,11,35,2,71,132,33,61,0,18,33,3,71,128,49,66,27,31,47,14,75
14,184,185,105,164,47,138,3,118,7,93,113,32,53,6,17,31,0,63,127,27,48,0,12,33,3,69,136,30,64,0,21,32,6,70,132,47,70,27,35,46,18,73
14,181,186,101,166,45,139,3,119,6,96,110,35,51,7,16,33,0,65,125,29,48,1,11,34,1,70,134,32,62,0,19,33,3,71,131,49,68,27,33,47,16,74
14,184,185,104,165,47,139,4,119,5,95,109,36,51,8,15,33,0,65,124,29,48,1,11,34,2,69,134,31,63,0,19,32,4,70,130,47,69,26,34,46,18,74
14,184,185,104,164,47,139,3,119,7,94,110,35,52,7,16,33,0,65,124,29,49,0,12,34,3,69,134,31,64,0,21,32,5,69,130,47,69,27,34,47,18,73
14,183,186,103,166,46,140,3,120,6,98,109,37,51,8,15,34,0,66,125,31,48,1,11,35,2,71,134,33,62,0,19,33,4,71,130,49,67,27,32,47,16,74
14,183,185,103,166,47,140,3,121,5,98,108,37,51,9,15,34,0,66,123,30,48,1,11,34,1,70,133,32,62,0,18,33,3,71,130,48,67,27,32,48,16,75
14,185,184,105,164,48,139,4,120,7,96,112,36,51,8,15,33,0,65,126,30,47,1,11,34,2,70,134,32,61,0,19,32,4,70,130,48,66,27,31,46,16,73
14,188,183,109,162,51,137,7,119,10,97,118,34,53,6,15,32,0,65,131,29,45,1,10,36,5,72,139,33,62,0,20,33,8,71,132,50,67,28,33,49,20,77
14,185,180,104,160,48,136,6,118,7,96,110,32,49,6,14,31,0,63,125,27,44,0,9,34,2,70,134,29,60,0,17,32,3,70,129,45,65,25,30,45,15,71
14,174,191,95,167,49,138,10,118,0,94,127,34,58,5,18,33,2,67,140,30,49,0,8,37,1,72,141,36,53,4,11,41,1,77,126,51,56,28,24,48,15,71
14,176,191,97,168,50,139,13,121,2,96,126,34,57,6,16,34,1,70,139,30,50,0,7,39,0,75,141,36,55,5,12,43,3,81,129,52,60,29,27,49,18,73
14,177,190,97,167,50,139,13,120,0,95,124,34,55,6,16,34,2,69,138,29,48,0,8,39,1,75,140,35,54,4,11,43,2,80,128,51,58,28,26,47,16,72
14,182,192,101,169,54,140,15,122,0,97,128,35,60,7,20,35,5,70,141,30,52,0,11,40,4,77,144,36,57,5,15,45,6,83,131,52,61,29,29,51,20,76
14,181,191,100,169,53,140,14,122,0,98,126,33,57,6,18,36,5,72,140,29,50,0,10,42,5,79,143,35,56,5,15,46,8,84,132,52,61,28,29,50,21,75
14,179,190,98,168,51,139,14,121,1,96,125,33,55,5,14,36,0,72,140,28,48,0,7,42,2,78,142,35,55,4,13,45,6,83,130,51,60,28,28,50,21,75
14,183,189,102,167,54,137,16,119,3,96,127,32,56,6,15,35,0,71,142,28,50,0,8,41,3,78,145,34,58,3,15,43,8,82,133,50,63,26,31,48,23,73
14,181,189,101,167,54,138,16,121,1,96,124,33,55,7,15,36,0,72,139,28,49,0,7,39,0,76,142,34,57,2,14,41,6,79,131,49,61,26,29,46,21,71
14,183,188,103,165,55,137,18,120,4,96,127,32,56,6,15,34,0,70,141,27,50,0,10,40,5,77,145,33,58,2,18,42,12,81,133,49,63,26,32,47,26,73
14,182,188,102,167,55,138,17,121,3,97,125,32,55,7,14,36,0,72,140,28,50,0,8,42,3,79,143,34,58,3,16,45,10,83,133,50,63,27,32,49,25,74
14,180,188,101,166,53,137,16,120,2,97,125,31,53,6,14,36,0,72,138,26,47,0,7,41,2,78,142,33,54,2,14,43,8,82,130,49,60,26,29,47,23,73
14,184,188,104,165,57,138,19,121,7,97,127,32,55,7,14,37,0,74,141,27,49,0,8,41,3,78,144,33,57,2,16,43,10,81,133,50,63,26,32,47,25,72
14,179,188,98,165,51,137,15,119,2,94,123,32,53,6,12,37,0,73,138,27,47,0,5,42,1,80,141,33,53,3,12,45,7,84,130,49,60,26,29,48,22,74
14,184,187,103,165,55,137,17,120,6,96,127,30,54,6,14,37,0,73,142,25,48,0,8,42,3,79,145,32,57,3,16,44,11,83,134,48,63,27,32,48,25,74
14,181,188,100,165,53,137,15,120,3,95,124,32,53,6,13,37,0,73,138,27,47,0,7,42,2,79,141,32,53,4,13,46,8,85,130,48,60,27,29,49,22,74
14,184,189,103,166,56,138,18,120,4,97,127,32,55,6,14,36,0,72,142,28,50,0,9,42,5,79,146,34,58,3,17,44,12,83,135,50,63,28,32,49,27,75
14,187,190,105,166,57,138,20,120,10,96,128,32,54,7,14,39,0,76,143,27,49,0,7,42,2,80,147,33,57,4,16,45,11,84,136,50,65,28,34,49,27,74
14,184,188,103,165,55,137,18,120,5,96,128,31,55,7,14,36,0,72,142,27,49,0,8,41,2,78,145,33,58,3,16,43,9,82,134,49,63,27,32,49,24,74
14,186,190,104,166,56,138,19,120,5,96,127,32,54,7,14,37,0,73,142,27,49,0,8,42,4,80,146,33,58,2,18,44,13,84,136,50,64,27,33,49,27,75
14,185,189,103,167,56,139,17,122,5,98,125,32,54,6,14,36,0,73,141,27,49,0,8,41,2,78,145,33,58,4,17,44,11,84,134,50,63,28,32,51,26,77
14,184,190,102,166,55,137,16,120,5,96,128,31,55,6,15,37,0,73,142,27,49,0,8,42,3,79,145,33,56,4,16,45,9,84,133,49,63,28,32,50,24,75
14,184,187,102,165,54,137,16,120,4,96,126,30,53,6,13,37,0,73,140,26,47,0,7,42,4,79,143,32,55,3,15,45,11,84,132,49,61,27,30,49,24,74
14,182,188,100,165,54,137,17,120,0,95,123,33,53,8,14,38,1,74,138,27,49,0,7,42,2,79,142,32,56,3,14,43,8,83,132,48,63,27,31,47,24,72
14,187,191,105,167,58,138,20,120,7,97,127,33,56,8,15,37,0,73,142,28,51,0,10,41,4,78,146,34,60,3,18,43,12,82,136,51,65,29,34,49,27,74
14,185,188,105,166,58,138,20,120,6,96,127,33,56,7,15,36,0,72,142,28,51,0,9,40,2,78,145,34,60,2,17,42,10,81,135,50,65,27,34,47,26,72
14,186,189,103,167,55,139,16,121,2,96,126,32,54,7,14,37,0,74,141,26,49,0,8,41,3,78,145,33,58,3,16,43,11,82,135,49,64,27,32,49,26,75
14,188,188,105,165,57,136,20,119,6,95,127,30,55,6,14,37,0,73,142,25,49,0,8,42,3,80,146,31,57,3,17,44,12,84,137,47,66,26,35,47,28,73
14,185,190,104,166,57,138,19,121,6,98,128,32,56,6,14,36,0,73,142,28,49,0,8,42,4,79,146,34,58,3,16,43,11,82,135,50,64,28,33,49,26,74
14,186,188,104,165,55,137,17,120,8,97,128,31,55,6,14,37,0,74,143,27,49,0,8,42,2,80,146,33,59,3,16,43,10,82,135,49,65,28,33,50,26,75
14,189,188,108,166,60,137,22,120,12,97,130,30,56,6,15,37,0,74,144,26,50,0,9,42,4,80,148,32,60,3,19,43,13,82,139,49,68,27,37,48,30,73
14,185,190,104,168,56,140,19,122,7,99,126,33,54,7,13,38,0,76,141,28,49,0,8,43,3,80,146,34,58,3,16,44,11,83,136,51,65,29,33,50,27,75
14,188,189,105,167,57,138,20,119,9,96,125,31,53,7,13,38,0,75,141,26,49,0,7,42,3,79,146,32,59,2,17,42,12,80,136,48,66,27,34,48,28,73
14,186,190,105,167,57,139,20,121,7,98,125,32,54,7,13,37,0,74,141,27,49,0,8,42,4,79,146,34,59,3,17,43,13,82,136,50,65,28,34,49,27,74
14,185,188,103,165,55,137,17,120,6,97,126,31,54,6,14,37,0,73,141,26,48,0,7,40,2,78,144,32,57,1,15,40,9,80,133,49,63,27,32,47,25,71
14,187,187,107,163,58,136,20,119,11,96,129,30,56,7,15,37,0,73,144,26,49,0,9,41,3,79,147,32,60,2,18,41,11,80,137,49,67,27,36,47,28,71
14,183,187,103,164,54,136,15,118,4,95,126,29,53,6,13,38,0,75,141,25,47,0,7,42,1,80,144,31,56,3,14,43,8,83,134,47,64,26,33,46,25,71
14,184,187,103,165,55,137,18,120,7,97,126,31,53,6,13,38,0,76,140,26,47,0,6,42,2,81,144,32,56,2,14,43,8,83,134,49,64,27,33,48,26,74
14,184,188,102,167,55,138,17,121,6,98,125,32,52,7,12,38,0,75,139,26,46,0,6,42,2,79,143,32,55,2,15,42,10,82,133,49,62,27,31,48,25,73
14,187,189,105,167,57,138,19,121,10,98,129,31,56,6,14,36,0,74,144,27,50,0,8,42,3,80,147,34,59,3,17,43,10,82,136,51,65,28,33,50,26,76
14,189,187,107,164,57,137,18,119,9,96,132,29,56,5,15,37,0,74,146,25,48,0,9,41,3,80,149,31,59,2,18,42,12,82,138,47,66,26,35,47,27,73
14,184,189,103,167,55,138,17,120,5,97,125,31,53,6,13,37,0,73,139,26,47,0,7,42,3,79,144,33,56,3,15,43,10,82,134,50,63,28,31,49,24,74
14,185,189,105,166,57,138,18,121,6,98,126,30,54,5,13,37,0,74,141,26,47,0,7,42,3,80,145,33,57,2,16,43,11,83,135,50,64,28,32,49,25,75
14,185,187,104,165,57,138,18,120,8,97,127,31,55,6,14,38,0,74,141,26,49,0,8,41,3,79,145,33,58,2,17,42,11,81,135,49,65,27,33,47,26,72
14,184,187,104,166,56,138,17,121,5,98,125,29,52,6,12,38,0,75,139,24,46,0,6,42,2,79,144,31,56,3,15,44,11,83,134,49,63,28,32,49,25,75
14,187,187,105,165,57,137,19,120,8,97,126,30,54,6,13,38,0,75,141,26,48,0,7,42,4,80,146,32,59,1,18,42,15,82,136,48,65,26,34,48,29,73
14,185,191,104,168,56,140,18,122,7,99,126,32,55,6,13,38,0,75,141,28,49,0,8,42,3,79,145,35,58,5,17,45,12,83,135,52,64,30,33,51,27,76
14,186,188,105,165,57,137,20,120,8,96,125,31,52,7,12,38,0,75,140,25,48,0,7,42,3,80,144,32,57,2,16,43,12,82,135,49,65,27,33,49,28,75
14,184,188,102,165,54,136,18,118,6,94,123,30,51,6,11,38,0,76,138,25,46,0,6,43,3,80,143,32,55,2,15,44,12,83,134,49,63,28,32,50,27,76
14,183,188,102,164,55,137,18,119,5,95,124,33,54,8,14,38,0,74,139,27,49,0,8,41,3,79,142,33,57,2,16,42,11,82,132,49,62,27,31,49,25,75
14,184,187,104,165,57,137,20,119,7,95,125,32,53,7,13,38,0,74,139,26,48,0,8,42,4,79,144,32,58,2,17,42,12,82,135,49,65,27,34,48,28,73
14,182,188,102,166,55,138,18,120,7,96,125,32,53,6,12,37,0,74,140,27,48,0,7,41,3,79,144,33,57,1,15,42,10,82,133,50,63,26,31,48,24,73
14,181,188,100,167,52,139,15,121,3,98,122,31,51,6,11,37,0,75,137,27,46,0,6,43,3,80,141,34,54,3,14,45,11,84,131,50,61,27,30,50,25,76
13,109,168,59,147,37,86,63,42,92,6,27,27,0,29,13,78,29,113,70,11,33,0,32,54,41,96,111,17,80,56,72,115,70,144,140,36,111,90,104,127,105,136
13,109,171,59,150,39,88,64,40,89,0,28,28,0,31,12,81,28,117,70,13,33,5,30,59,38,100,110,20,79,61,71,119,69,148,138,41,110,95,102,132,102,141
13,107,167,57,146,36,85,62,38,88,0,27,23,0,28,12,77,28,112,70,8,32,1,31,55,40,96,110,15,78,57,69,115,67,144,138,36,109,91,99,128,98,137
13,107,169,58,149,38,87,65,39,92,0,28,24,0,31,13,80,29,115,71,10,32,4,31,58,40,98,111,18,80,59,70,117,68,147,139,39,110,92,103,128,104,136
13,108,172,59,150,40,88,66,40,91,0,31,27,0,31,12,80,28,117,72,13,33,5,31,59,38,101,112,20,79,61,71,120,69,149,139,41,111,93,102,131,102,140
13,110,167,60,146,41,86,69,39,97,0,28,23,0,28,13,77,30,113,71,8,34,1,33,54,41,96,112,16,82,56,72,115,70,145,141,36,113,90,103,129,102,138
13,105,166,56,146,37,85,65,38,92,0,29,22,0,28,12,77,28,113,70,8,32,3,31,56,39,97,110,16,79,58,69,115,67,144,137,36,109,90,101,126,102,135
13,106,168,57,147,39,85,66,38,93,0,29,25,0,30,13,77,28,112,71,10,33,3,32,57,41,97,111,17,81,57,72,115,69,144,139,38,112,89,104,125,104,133
13,105,168,57,146,39,86,66,39,93,0,30,25,0,30,12,78,26,113,72,11,33,5,32,59,41,100,111,19,79,59,71,117,70,146,139,40,111,90,105,125,107,132
13,104,166,57,146,37,87,61,39,88,0,29,24,0,28,11,77,25,112,70,10,34,6,33,58,39,97,110,17,80,60,70,116,67,145,138,38,111,89,104,124,104,133
13,108,165,58,145,37,85,64,38,92,1,28,24,0,27,12,76,28,111,70,9,33,0,32,54,40,95,110,16,80,56,70,115,67,145,138,36,110,89,102,127,102,136
13,107,165,57,145,37,85,63,38,91,0,30,22,0,28,13,77,29,112,71,7,32,3,32,56,40,97,110,15,79,58,71,116,68,144,138,35,110,90,103,127,104,135
13,106,167,56,146,36,85,62,38,89,0,30,22,0,28,10,78,25,114,71,9,33,6,31,59,38,99,110,17,79,61,69,118,67,147,138,39,109,92,101,129,101,138
13,108,163,58,144,38,86,62,40,88,2,29,22,0,26,12,74,27,108,71,6,34,0,32,53,40,94,111,13,80,57,71,114,68,143,139,33,111,88,102,126,100,136
13,109,164,60,144,35,87,60,43,89,9,26,24,0,29,15,78,32,112,67,7,31,0,32,56,41,96,108,14,78,55,71,115,69,143,138,34,113,90,106,127,105,135
13,108,166,59,145,36,88,61,44,87,9,27,26,0,30,13,79,30,113,68,9,31,0,31,55,42,96,108,15,78,56,70,116,68,144,137,35,111,92,103,130,103,138
13,109,164,59,143,36,86,62,42,90,6,28,24,0,29,13,78,30,112,70,8,31,0,31,55,42,96,110,14,78,56,71,115,69,143,138,34,111,91,103,129,103,138
13,110,166,60,145,38,87,63,43,92,7,29,25,0,28,14,77,31,112,70,9,31,0,32,56,42,98,110,15,78,57,71,117,69,147,138,35,111,90,102,130,101,140
13,107,166,57,145,35,85,62,41,91,5,27,26,0,29,12,78,29,113,69,10,31,0,31,55,40,96,110,17,78,58,69,117,67,146,138,37,110,92,103,130,103,138
13,108,166,56,147,32,89,58,46,88,14,28,24,0,29,12,79,29,113,70,8,31,0,31,57,41,98,109,16,77,57,69,116,68,144,137,36,108,94,101,132,101,140
13,107,165,59,144,38,85,63,38,93,0,27,19,0,24,14,74,29,108,70,4,34,0,35,56,43,96,111,12,81,54,73,112,71,139,140,33,115,89,106,126,105,132
13,103,167,57,148,39,87,65,40,92,0,27,24,0,30,15,78,30,112,70,9,35,2,35,56,43,95,111,16,83,55,74,114,71,142,140,36,116,88,108,125,106,132
13,102,168,57,149,38,88,64,39,92,0,25,25,0,30,14,78,29,113,67,10,34,3,35,57,44,97,108,16,83,55,74,114,70,142,139,36,117,86,108,123,106,130
13,102,171,56,152,38,89,63,40,91,0,26,29,0,34,14,81,30,115,68,13,34,5,35,60,44,100,110,20,84,57,75,117,72,146,139,40,118,91,108,128,106,135
13,100,170,54,148,36,86,62,38,91,0,27,21,0,29,15,77,30,112,69,6,35,4,36,60,43,100,110,14,83,55,73,115,68,143,139,37,116,91,104,128,100,135
13,102,167,57,148,39,87,64,39,91,0,26,21,0,28,14,76,29,110,69,6,36,1,37,57,44,95,111,14,85,53,76,113,71,141,141,35,119,87,109,124,106,131
13,101,169,56,149,38,88,63,39,91,0,27,22,0,30,14,78,28,111,70,8,35,5,36,60,43,98,111,16,84,55,75,114,71,141,141,37,119,90,108,127,104,133
13,102,168,56,148,38,86,64,39,92,0,27,22,0,29,15,77,31,110,71,6,35,1,36,57,44,95,112,14,85,52,75,114,71,141,142,36,118,90,107,127,103,133
13,103,167,56,147,39,87,64,39,92,0,29,22,0,31,14,78,29,111,72,7,36,2,36,57,43,96,113,16,85,56,74,116,69,144,142,38,117,91,106,128,102,135
13,101,166,54,145,36,85,63,40,93,2,26,17,0,26,15,74,31,109,70,2,36,0,37,55,44,95,111,11,83,51,73,110,67,139,140,33,115,89,101,128,95,136
13,101,167,55,146,37,86,63,39,91,0,27,20,0,28,15,76,30,110,71,5,37,2,37,58,43,97,111,13,84,54,73,114,69,141,140,35,116,90,104,129,100,136
13,101,168,54,147,37,86,64,39,92,0,29,20,0,29,13,77,28,111,72,5,36,5,35,60,42,97,113,14,84,57,74,117,70,144,141,37,115,92,105,129,103,135
13,100,167,56,147,38,87,62,39,90,0,26,24,0,29,14,77,28,110,68,9,36,3,36,57,42,95,109,17,83,57,74,115,70,141,139,37,117,88,108,124,105,130
13,101,171,55,149,38,87,63,39,92,0,27,22,0,30,14,78,29,112,70,8,35,6,35,60,41,99,110,17,83,58,72,116,68,144,139,40,115,92,103,128,100,136
13,101,166,55,145,38,85,64,38,94,0,29,19,0,27,14,76,29,110,71,5,35,3,36,58,42,97,112,14,83,54,73,113,68,141,140,37,115,91,103,128,101,135
13,100,168,55,146,39,86,65,39,93,0,29,18,0,28,14,77,29,111,72,4,36,4,35,60,42,98,113,14,84,54,73,114,69,142,141,38,116,91,104,129,100,135
13,100,171,54,150,38,89,65,40,91,0,31,20,0,29,12,77,26,112,74,8,36,9,35,64,41,101,113,18,84,59,73,119,70,146,141,42,117,92,106,129,104,136
13,100,170,54,150,38,90,64,41,91,0,29,23,0,31,13,79,27,113,72,8,37,7,36,63,42,100,112,18,86,60,74,119,70,145,140,41,117,94,108,130,108,135
13,100,171,55,149,39,89,64,41,90,0,28,24,0,31,13,79,27,114,72,9,36,6,35,61,41,100,112,18,84,60,72,119,67,147,140,41,115,95,104,132,101,139
13,99,171,56,149,39,89,64,41,89,0,28,25,0,31,13,79,27,114,71,11,36,6,35,61,40,100,112,20,84,59,73,118,68,145,140,42,117,94,106,131,102,137
13,98,170,52,149,36,88,62,39,90,0,28,23,0,30,12,78,25,113,71,10,36,8,34,61,38,99,111,18,83,62,72,119,67,146,139,41,114,93,105,128,104,136
13,101,168,56,148,39,87,64,39,91,0,29,20,0,28,13,78,27,112,72,5,36,4,35,61,40,99,112,15,83,57,72,118,68,145,140,38,115,92,104,130,102,137
13,101,169,54,147,37,86,63,39,92,0,29,20,0,28,13,76,28,111,72,6,35,4,34,59,40,98,112,15,82,56,71,116,67,144,140,38,113,92,101,130,98,138
13,102,167,57,146,41,87,65,39,92,0,29,22,0,28,13,75,28,110,72,7,36,4,35,58,42,97,112,16,83,57,73,116,69,144,140,37,114,90,104,128,103,136
13,99,170,55,149,38,89,62,40,89,0,29,25,0,31,12,78,26,113,70,11,34,8,33,60,39,99,110,19,82,61,72,118,67,145,138,41,113,92,104,128,103,135
13,99,171,56,151,40,89,64,41,89,0,28,26,0,33,12,80,25,114,70,12,35,9,34,62,40,101,110,21,82,60,72,118,67,146,138,42,114,94,104,130,102,137
13,98,170,54,150,38,89,62,41,88,0,29,26,0,32,12,80,26,115,70,12,33,6,32,60,38,99,109,20,80,60,70,119,66,147,137,41,111,93,101,131,99,139
13,100,166,54,147,37,86,63,39,91,0,28,22,0,30,12,77,26,110,70,8,34,5,33,59,40,96,109,16,81,57,71,114,67,140,137,37,113,90,103,127,101,133
13,98,167,53,148,37,87,62,39,88,0,28,25,0,31,11,78,24,112,69,11,34,6,32,59,38,97,109,19,81,59,70,116,65,143,137,41,112,92,102,127,101,133
13,100,165,56,146,38,86,62,39,89,0,27,22,0,29,13,76,27,110,69,7,36,5,35,58,40,96,109,15,82,58,72,114,67,141,138,36,115,89,105,125,103,132
13,100,168,56,148,39,88,64,40,89,0,29,22,0,29,12,77,24,111,71,8,35,7,34,61,40,99,110,17,82,59,71,116,66,142,138,39,114,91,104,127,101,134
13,101,169,56,150,39,89,64,40,91,0,29,26,0,32,14,80,28,114,70,12,35,7,35,61,41,99,110,19,82,58,73,116,68,143,139,40,115,92,105,129,103,135
13,100,164,54,146,36,87,61,39,89,0,28,20,0,29,12,77,27,111,70,5,35,4,34,58,41,96,110,14,82,57,71,115,67,141,138,36,114,89,104,125,102,131
13,100,159,55,142,35,84,61,39,90,3,28,18,0,23,12,70,25,104,70,3,37,0,35,53,41,91,110,11,83,53,73,110,68,136,139,32,115,84,106,120,104,127
13,99,169,54,149,38,88,63,40,89,0,29,26,0,32,11,79,24,113,70,12,34,9,32,61,39,99,110,21,81,61,71,118,67,145,138,42,113,93,102,129,100,137
13,99,165,54,146,36,87,61,39,89,0,28,22,0,30,12,78,25,112,70,8,34,4,33,58,39,97,110,16,81,57,70,116,66,143,138,37,112,91,104,127,104,133
13,100,167,55,149,38,88,63,40,89,0,29,22,0,30,11,78,24,112,71,8,35,5,33,59,39,98,110,17,81,59,71,118,67,146,138,38,114,91,105,128,105,135
13,101,169,56,148,39,88,64,40,90,0,29,23,0,30,11,77,25,111,71,10,35,7,33,60,39,98,111,18,82,58,72,116,68,144,139,40,114,90,104,127,103,135
13,99,163,55,144,37,85,61,38,89,0,27,21,0,26,12,73,25,108,69,6,36,1,34,53,40,91,109,14,82,55,71,112,66,139,138,35,113,87,103,124,101,131
13,100,171,56,150,39,90,63,41,88,0,29,27,0,34,12,81,26,116,70,13,34,10,33,63,39,102,110,21,82,60,72,118,66,147,138,42,114,94,103,131,99,139
13,103,168,58,147,41,87,66,40,92,0,30,22,0,29,13,76,28,111,72,7,37,6,36,60,42,99,112,14,84,57,73,115,68,143,141,36,116,90,105,127,101,136
13,98,166,53,146,36,86,63,38,91,0,29,20,0,29,12,77,26,113,70,6,35,4,33,57,38,96,110,14,82,56,70,114,65,143,138,36,112,90,100,128,96,137
13,98,163,54,144,36,85,61,39,89,0,30,16,0,25,12,72,25,107,71,2,35,2,34,55,40,93,111,11,82,52,71,110,66,137,139,33,114,85,103,123,99,130
13,99,167,55,146,38,87,63,40,89,0,32,18,0,28,12,76,25,111,73,5,34,6,33,61,40,99,111,14,80,54,70,113,66,141,139,37,112,90,101,127,98,135
13,101,165,55,144,37,83,65,38,94,0,29,18,0,26,12,75,26,109,72,4,35,1,33,56,39,95,112,13,81,55,70,114,66,142,139,35,112,89,101,127,99,134
13,101,166,55,147,37,86,62,39,91,0,29,22,0,29,12,77,26,111,70,7,35,6,34,59,40,98,110,15,82,57,72,115,68,143,139,36,115,88,105,125,103,132
13,99,161,53,141,35,82,61,38,90,1,28,15,0,23,11,71,24,105,70,1,36,0,34,54,40,92,110,10,81,53,70,110,64,136,137,32,111,86,102,122,100,128
13,100,166,54,146,36,86,62,39,90,0,31,18,0,27,10,74,23,109,73,5,35,6,33,59,38,97,111,15,82,58,71,115,66,142,139,38,113,91,102,128,99,135
13,101,170,55,148,38,87,65,39,93,0,30,22,0,29,13,77,27,112,73,8,35,6,35,60,42,100,112,17,82,58,71,116,66,145,140,39,113,93,101,130,98,138
13,103,169,58,149,40,88,64,40,90,0,30,24,0,31,13,78,27,113,72,9,36,7,35,60,41,99,112,17,83,61,72,118,67,146,140,39,115,92,103,129,100,138
13,103,164,57,144,39,84,63,38,92,0,30,17,0,25,12,72,26,107,72,3,35,1,34,56,41,96,112,11,82,54,72,112,67,141,140,33,115,87,103,126,98,135
13,101,170,56,148,39,87,65,39,92,0,32,20,0,30,12,77,26,113,74,7,35,8,34,63,40,102,113,17,82,57,71,117,67,145,141,40,115,93,103,130,100,138
13,101,169,56,148,39,88,63,41,90,0,31,22,0,30,12,78,26,113,72,8,35,8,34,62,40,101,112,17,82,59,71,117,67,145,140,40,114,93,103,131,100,140
13,100,167,55,147,38,87,63,40,89,0,28,22,0,30,12,78,25,113,70,8,35,7,33,60,39,99,110,16,82,59,71,116,67,144,138,38,114,91,103,128,101,135
13,101,164,55,145,37,85,62,38,91,0,28,20,0,27,12,75,26,108,70,5,36,2,34,56,41,94,110,14,82,56,71,114,67,139,139,35,114,89,104,126,103,132
13,101,162,56,143,38,84,62,38,89,0,27,18,0,25,12,73,26,107,69,3,35,0,34,54,41,93,110,10,82,53,72,111,67,140,139,31,114,85,104,122,102,130
13,100,161,55,141,36,82,62,37,91,0,28,15,0,22,12,69,25,105,70,1,37,0,36,53,41,92,110,10,83,53,73,110,68,138,139,32,115,83,106,119,105,126
13,100,163,55,143,37,85,62,38,89,0,27,18,0,24,11,73,26,108,70,4,36,0,34,54,39,94,111,12,82,53,71,111,65,140,139,33,113,87,102,124,99,133
13,102,162,56,143,36,85,62,41,91,5,28,17,0,24,12,74,26,109,71,2,36,0,34,55,39,94,111,10,82,54,71,112,66,140,140,32,115,87,103,124,100,133
13,105,165,57,145,37,89,64,46,94,12,27,21,0,26,12,75,27,110,70,5,35,0,35,55,41,95,111,13,81,54,72,112,69,140,140,34,113,89,105,126,104,134
13,103,164,56,145,36,86,63,40,92,4,28,19,0,25,11,74,25,109,70,3,36,0,34,55,40,95,111,11,82,54,72,113,67,141,140,32,115,86,105,123,104,131
13,102,163,55,143,37,83,64,38,94,1,30,17,0,24,12,73,26,108,73,2,36,0,34,55,41,95,113,11,82,53,71,112,66,141,141,33,114,87,104,125,102,133
13,101,167,54,146,37,85,64,38,93,0,29,18,0,28,12,77,27,112,71,4,34,5,33,59,39,97,111,14,81,58,70,115,66,142,139,36,112,91,104,127,103,134
13,101,163,56,144,37,84,62,39,91,2,29,20,0,25,11,73,25,108,71,5,35,0,34,55,39,93,111,12,80,54,70,112,66,139,139,33,112,87,101,125,98,133
13,102,166,56,147,39,86,64,38,92,0,31,21,0,27,11,75,24,109,72,8,36,6,35,59,40,97,112,16,83,59,72,116,67,143,140,38,115,89,106,125,105,133
13,100,168,54,147,36,85,64,39,91,0,31,18,0,27,10,76,23,111,73,5,34,6,32,60,38,100,112,16,80,58,70,116,66,143,138,39,111,92,101,129,101,136
13,101,170,56,150,40,89,64,41,90,0,31,24,0,32,11,79,24,114,73,10,35,9,34,63,39,103,113,19,83,60,72,118,67,146,141,42,115,93,103,130,100,137
13,102,167,56,146,38,85,64,38,92,0,31,19,0,27,12,77,26,112,73,6,35,4,33,59,40,98,113,15,81,58,70,117,67,145,140,37,112,92,102,129,101,138
13,102,165,56,145,37,85,62,38,91,0,30,17,0,25,10,75,24,110,72,4,35,3,33,58,39,97,111,13,81,57,70,115,66,143,140,36,113,90,102,127,99,135
13,103,166,56,146,37,84,64,37,93,0,30,18,0,25,11,76,25,111,72,4,34,3,33,59,40,97,112,14,80,56,70,116,66,143,140,36,112,92,102,130,101,136
13,98,165,52,145,35,85,60,38,89,0,32,16,0,24,10,73,23,108,74,2,36,5,33,60,38,99,113,12,82,58,70,116,66,145,141,35,114,88,101,127,98,136
13,101,165,55,145,37,85,62,38,89,0,31,15,0,25,11,74,24,109,73,2,35,3,33,57,38,96,113,11,82,56,71,115,67,143,141,34,113,89,102,128,99,137
13,100,166,54,144,36,84,62,38,91,0,32,15,0,23,10,72,23,108,74,2,36,5,33,59,38,97,113,12,82,57,70,114,66,141,141,35,114,89,101,127,98,136
13,101,164,55,144,34,88,61,46,92,13,28,19,0,23,10,73,24,110,69,5,35,0,32,53,37,94,109,13,79,55,69,113,65,142,138,34,110,90,99,129,97,140
13,101,186,57,159,40,93,65,42,94,0,28,43,0,28,14,74,29,115,67,32,34,5,36,56,41,100,108,36,83,53,77,115,74,150,141,50,118,82,110,122,109,138
13,101,181,57,157,39,91,65,41,94,0,28,39,0,27,15,75,30,116,67,27,34,2,35,53,40,97,108,31,84,54,77,115,73,149,141,46,119,82,111,121,111,135
13,102,181,57,157,39,92,66,41,95,0,27,38,0,27,14,76,29,117,67,26,34,2,34,53,41,96,108,30,86,55,78,115,76,149,142,47,120,80,114,119,115,133
13,103,181,58,157,41,92,67,42,95,0,28,39,0,26,14,73,28,114,68,27,35,3,35,53,42,96,109,31,85,54,78,114,76,147,142,47,119,82,112,121,112,134
13,101,183,56,158,39,93,66,42,95,0,28,40,0,29,13,76,27,117,67,28,33,5,34,55,40,99,108,33,83,55,77,115,74,149,141,48,118,83,111,122,110,135
13,101,184,58,160,41,94,66,43,93,0,29,43,0,33,15,81,29,120,69,31,33,8,34,59,40,101,109,36,84,62,76,121,72,154,142,50,119,87,110,126,107,140
13,101,185,57,159,40,92,66,42,94,0,29,40,0,29,14,77,29,117,69,28,34,9,35,61,41,103,109,33,83,57,76,117,73,151,142,48,118,85,110,124,109,136
13,100,183,55,157,39,92,66,41,94,0,28,39,0,30,13,76,28,117,68,26,34,6,34,56,39,98,109,31,83,55,76,115,72,149,141,47,116,85,109,124,108,137
13,102,184,56,158,38,91,66,41,96,0,28,37,0,30,13,77,27,118,68,26,33,7,33,58,39,101,108,31,84,56,76,115,73,149,141,47,118,85,109,123,107,137
13,102,184,56,159,39,93,65,42,94,0,29,36,0,29,13,77,27,118,68,25,32,9,34,61,40,103,108,31,83,55,76,115,73,149,141,48,119,83,110,122,108,136
13,102,179,55,151,37,88,62,39,92,0,30,31,0,23,12,71,26,112,69,19,33,4,34,57,40,100,109,25,82,51,75,110,73,144,141,42,116,79,108,117,108,131
13,101,184,57,158,39,93,65,42,94,0,29,38,0,29,13,77,27,118,68,26,33,9,34,60,40,103,109,32,82,56,76,116,73,149,141,49,117,85,110,122,111,134
13,101,182,56,156,38,91,64,41,93,0,28,33,0,26,13,74,28,116,67,22,33,6,34,58,40,100,107,28,81,53,74,114,72,148,139,45,115,83,108,122,108,134
15,0,65,14,81,59,80,113,76,159,69,105,3,187,21,232,25,273,24,120,0,168,70,158,124,148,160,126,8,164,78,155,125,146,154,126,19,154,72,149,110,144,131
15,0,64,14,79,59,77,113,74,158,68,105,1,185,19,231,23,270,22,120,0,167,67,156,121,145,156,127,9,164,75,154,122,145,150,126,22,154,73,149,110,143,131
15,0,68,13,81,59,78,114,75,160,68,104,1,187,20,232,24,273,24,120,0,167,72,157,125,147,160,128,11,165,79,156,126,147,154,129,23,156,74,152,111,146,133
15,0,66,15,85,60,84,115,79,160,73,105,6,188,25,234,29,274,29,120,0,169,73,159,127,148,161,128,6,166,77,158,125,148,154,129,16,159,67,157,105,151,127
15,0,65,16,84,65,82,118,76,162,69,106,6,188,24,234,28,274,28,119,0,169,72,160,126,150,160,126,6,164,75,155,123,146,151,127,16,156,65,152,102,145,123
15,0,61,13,79,58,78,112,75,157,68,102,4,184,21,230,25,270,24,117,0,166,70,157,124,146,158,125,7,163,76,154,122,144,150,126,18,154,70,150,107,143,130
15,0,62,13,86,60,87,114,80,159,71,103,9,186,27,233,30,274,30,118,0,167,74,157,128,146,162,126,3,164,75,154,124,145,152,127,12,157,62,153,100,147,121
15,0,63,15,82,62,82,117,77,161,70,105,5,189,23,235,27,275,27,119,0,168,71,158,125,149,160,127,6,164,76,155,124,147,152,127,15,157,68,152,105,146,127
15,0,67,15,81,62,79,116,75,160,69,105,3,188,21,233,26,273,27,120,0,166,70,159,124,151,160,128,9,163,77,156,125,149,155,129,20,157,70,154,107,150,130
15,0,68,15,85,61,82,114,78,158,71,103,5,186,24,231,27,272,27,119,0,167,71,158,125,148,161,127,6,165,75,157,123,149,153,128,16,157,66,155,104,150,126
15,0,70,13,88,59,87,113,80,159,73,102,8,186,27,231,31,272,32,117,0,167,74,158,129,148,165,126,5,164,76,157,126,148,157,128,14,159,63,157,102,152,126
15,0,61,16,79,63,78,117,74,162,68,107,3,189,21,235,25,275,25,121,0,170,67,162,122,152,158,128,7,167,74,159,123,152,153,127,18,158,68,155,107,151,131
15,0,71,14,87,59,86,112,80,157,73,101,7,184,26,230,30,270,30,117,0,166,75,156,129,145,163,125,5,164,76,156,124,148,154,127,14,159,62,157,100,153,124
15,0,67,14,86,59,85,112,79,156,72,101,7,185,25,231,29,272,30,115,0,165,74,157,128,148,163,124,6,163,77,156,126,148,156,126,15,157,66,155,104,150,128
15,0,68,15,85,61,83,114,78,158,72,103,6,186,24,232,28,272,28,116,0,167,71,158,125,148,161,123,5,163,75,156,124,148,154,124,15,155,66,153,105,149,129
15,0,65,14,81,59,79,114,75,159,69,104,2,186,21,232,25,271,26,119,0,167,71,159,125,149,160,127,9,165,78,157,126,150,156,128,21,157,72,155,110,151,134
15,0,69,14,86,58,84,112,79,157,71,102,5,185,25,231,30,270,30,117,0,166,74,158,129,149,165,125,7,162,78,156,127,148,158,127,17,156,66,154,105,149,129
15,0,64,16,81,62,80,115,76,158,68,105,4,186,22,231,26,270,27,120,0,165,70,159,123,150,158,128,8,162,77,156,125,148,155,128,20,155,71,152,109,147,132
15,0,63,14,81,60,80,113,76,157,68,105,5,186,22,231,26,270,27,119,0,166,71,158,124,149,160,126,7,163,76,156,124,148,153,126,18,155,69,153,108,149,132
15,0,67,15,83,60,80,112,76,157,69,105,4,185,22,231,27,270,28,118,0,168,68,159,122,149,158,125,8,164,76,157,123,149,153,124,20,154,72,152,111,148,135
15,0,68,16,83,62,80,115,76,158,68,106,4,187,22,232,27,271,29,119,0,166,69,158,122,149,157,125,8,162,76,155,123,147,152,125,20,154,70,152,108,147,130
15,0,70,15,83,60,80,113,75,156,68,105,3,186,21,230,27,269,29,119,0,166,70,158,123,149,158,126,9,162,77,156,124,148,153,125,21,154,72,152,109,147,132
15,0,69,15,85,60,82,113,77,156,70,103,5,184,23,229,29,268,30,117,0,165,70,158,123,149,158,125,8,162,76,156,123,148,153,125,18,155,68,153,105,148,129
15,0,69,16,85,62,82,115,77,158,70,104,4,186,24,231,29,270,31,118,0,166,70,159,124,151,160,126,8,163,76,157,124,150,154,127,19,156,68,154,106,149,130
15,0,72,16,88,61,85,113,79,157,72,104,6,186,26,231,32,270,34,117,0,165,72,158,125,149,161,125,6,163,74,158,122,150,153,126,15,158,61,159,98,155,122
15,0,68,14,85,60,84,114,78,158,70,104,6,186,26,231,33,271,35,117,0,166,74,159,127,150,162,125,7,162,77,157,125,150,156,126,16,156,66,155,104,151,129
15,0,70,16,85,61,81,114,76,157,70,105,4,187,24,231,31,269,33,118,0,165,71,158,125,148,161,126,7,162,76,156,124,148,156,127,17,157,66,156,104,151,129
15,0,68,15,83,60,81,114,75,158,68,105,4,186,23,231,29,271,32,119,0,167,71,159,125,150,161,127,8,163,77,157,125,150,155,128,19,157,67,156,105,151,128
15,0,68,15,82,60,79,114,75,158,69,103,4,185,23,230,30,269,32,118,0,166,71,157,124,148,159,126,8,162,77,154,124,146,153,127,19,155,71,152,108,147,131
15,0,70,16,85,62,81,115,76,158,69,104,4,186,23,231,29,271,31,118,0,165,72,158,126,149,161,125,7,163,75,157,123,150,153,126,17,157,65,157,104,154,128
15,0,70,14,86,60,84,113,80,157,72,103,6,186,27,231,33,271,35,118,0,166,73,158,128,149,164,127,7,163,77,156,126,148,157,128,17,156,67,155,106,151,130
15,0,69,16,87,62,84,115,78,160,70,106,6,188,27,233,34,272,36,118,0,167,73,159,127,150,162,125,5,163,75,157,123,149,153,127,14,159,60,158,97,153,120
15,0,70,14,87,59,85,114,80,158,72,103,7,186,28,231,34,271,37,118,0,166,73,156,127,145,162,126,6,164,76,155,124,145,153,128,15,159,63,155,100,149,122
15,0,67,13,81,58,78,112,74,156,67,103,1,185,21,230,28,269,31,118,0,164,71,157,124,147,158,125,9,162,76,155,123,146,153,126,19,156,67,153,104,147,127
15,0,68,14,83,59,81,113,76,156,68,101,5,184,23,229,30,268,33,116,0,164,69,156,124,147,160,124,6,161,73,155,121,146,152,127,15,157,60,155,98,150,122
15,0,70,14,81,57,78,110,73,154,67,100,2,183,21,228,27,268,30,115,0,164,68,157,122,148,158,124,9,162,74,157,122,149,154,126,19,156,66,156,105,152,131
15,0,69,16,82,59,78,112,73,155,67,103,3,184,21,228,28,266,30,117,0,164,68,157,121,148,156,125,7,163,73,158,120,150,151,127,18,157,64,158,101,153,126
15,0,65,13,82,58,81,110,76,155,68,101,5,183,24,229,30,268,33,116,0,164,72,156,126,146,162,124,6,161,76,154,125,146,155,126,15,155,65,152,103,147,127
15,0,69,14,83,58,81,111,77,155,70,101,5,183,25,228,31,268,34,116,0,165,72,155,126,144,161,125,8,163,77,155,125,146,156,126,18,155,68,152,107,147,131
15,0,71,14,86,59,83,112,77,157,70,104,6,186,27,230,33,270,36,117,0,166,72,157,126,147,162,125,6,163,75,156,124,147,155,126,15,158,63,156,101,152,125
15,0,71,13,85,58,81,111,76,155,69,102,4,184,24,230,30,270,33,116,0,163,72,155,125,145,160,124,8,161,77,153,125,145,155,125,19,155,69,152,106,147,130
15,0,70,16,86,61,83,113,77,156,70,100,6,184,25,229,32,269,34,115,0,163,71,157,125,148,161,123,7,161,75,155,124,146,156,125,17,155,65,153,103,148,128
15,0,72,17,91,63,89,116,81,158,73,104,10,187,31,232,38,272,40,118,0,165,75,157,129,147,164,126,4,163,75,157,125,148,155,127,12,159,60,158,97,153,119
15,0,69,15,85,60,82,114,77,159,70,106,5,188,26,233,33,273,35,119,0,166,71,157,125,147,160,126,6,163,75,155,123,145,153,127,16,157,64,154,101,148,124
15,0,70,14,85,59,82,113,76,157,69,102,5,185,25,231,32,272,35,116,0,163,70,155,123,144,158,125,6,162,76,153,123,143,153,127,16,157,65,154,102,147,125
15,0,68,15,83,60,82,113,76,156,69,102,5,184,25,230,32,270,34,116,0,164,70,155,123,145,158,125,7,161,75,154,122,143,152,127,17,156,65,152,102,145,125
15,0,68,15,85,60,83,112,78,156,70,102,7,184,26,230,33,270,35,116,0,163,71,155,124,145,159,124,5,161,72,154,120,145,150,127,13,158,58,156,94,150,117
15,0,69,13,82,58,80,111,74,155,67,99,2,182,22,227,29,267,32,115,0,163,69,156,122,147,157,125,9,163,74,156,121,148,151,128,20,158,65,156,101,151,125
15,0,69,15,83,61,80,113,75,156,68,103,3,184,23,229,30,267,33,117,0,164,68,156,122,147,157,125,8,162,72,155,121,147,151,126,17,157,61,155,97,150,119
15,0,69,16,83,60,80,112,75,154,69,102,3,183,24,228,31,266,34,116,0,162,68,154,120,145,155,125,8,161,72,155,118,146,148,127,18,156,63,155,99,150,123
15,0,67,13,84,57,82,109,77,152,69,99,6,181,25,227,32,267,35,114,0,160,70,153,124,143,159,122,5,159,73,152,120,142,151,124,14,153,62,150,99,144,123
15,0,68,15,83,59,80,111,74,154,68,102,4,185,25,230,32,270,36,115,0,162,70,156,122,147,158,122,8,160,74,155,121,147,151,124,18,155,65,154,102,149,126
15,0,66,13,82,57,80,111,75,155,69,102,4,184,25,230,32,269,35,116,0,164,71,156,123,145,158,125,7,162,75,155,122,147,152,127,17,156,65,154,103,149,128
15,0,67,14,82,58,80,111,76,154,68,103,4,184,25,229,32,268,35,118,0,164,71,155,124,145,159,125,6,161,75,154,122,145,152,126,16,154,66,152,104,147,129
15,0,71,12,83,57,79,111,74,154,67,102,2,184,24,228,31,268,35,117,0,161,70,152,123,142,158,126,8,160,75,151,123,142,153,127,19,153,66,149,103,143,125
15,0,70,15,84,61,81,114,76,157,69,104,4,185,26,230,33,268,36,119,0,164,70,156,122,147,157,127,7,163,74,156,120,147,150,128,17,157,65,156,102,150,124
15,0,70,16,84,62,80,115,75,157,67,105,5,187,25,231,33,270,36,118,0,164,69,157,123,149,157,125,6,162,73,155,120,147,149,126,16,156,62,154,98,147,119
15,0,67,16,83,62,81,115,76,158,69,105,5,188,26,233,33,272,35,119,0,165,72,157,124,147,158,127,6,163,74,157,121,148,150,128,16,158,63,156,100,151,123
15,0,60,14,81,61,81,113,76,155,68,102,6,183,25,229,32,269,35,116,0,162,72,152,125,143,158,124,5,159,74,151,119,142,145,126,13,154,61,149,95,142,113
15,0,64,14,83,61,83,113,77,155,69,103,6,184,27,229,34,269,37,117,0,164,73,155,127,146,162,124,7,160,76,152,124,144,153,124,17,152,66,148,103,142,125
15,0,68,16,84,62,82,115,76,158,69,104,5,186,26,230,33,269,36,117,0,164,70,157,123,148,157,125,5,162,71,157,117,149,146,128,14,159,56,159,90,154,112
15,0,71,15,85,59,82,112,77,155,70,103,6,183,27,228,34,267,37,116,0,161,72,153,124,144,158,124,6,160,72,154,119,146,148,126,15,158,57,158,91,154,112
15,0,69,15,82,60,78,113,74,156,68,105,3,185,24,229,32,268,36,118,0,162,71,153,122,144,156,124,7,160,74,153,121,145,151,125,17,155,63,154,99,149,121
15,0,72,17,86,62,81,115,77,158,70,107,6,187,29,230,37,269,40,119,0,164,71,156,124,148,159,125,6,162,73,156,121,149,152,127,15,159,59,161,95,158,117
15,0,67,14,81,58,78,112,75,155,68,104,3,185,25,229,34,268,38,118,0,163,71,155,124,145,158,126,7,161,75,153,120,144,149,127,18,155,64,153,99,148,121
15,0,60,14,78,61,78,114,74,157,67,104,4,185,23,229,30,268,33,118,0,164,70,156,123,146,158,125,6,160,74,152,121,144,149,126,16,153,66,149,102,143,124
15,0,65,13,81,58,79,112,76,155,69,104,5,184,25,229,33,268,36,118,0,164,71,156,125,147,160,125,7,161,75,154,122,146,152,125,17,154,66,151,104,146,128
15,0,66,14,81,59,78,112,75,156,69,104,2,185,24,231,33,270,37,118,0,164,70,156,123,146,158,125,8,161,76,153,122,144,152,125,19,153,69,149,106,143,128
15,0,66,16,83,60,82,113,78,156,71,106,5,187,27,231,36,270,40,119,0,166,71,158,124,148,160,127,7,163,75,157,122,148,153,127,17,157,65,156,103,151,127
15,0,63,13,81,59,81,113,76,156,69,102,6,182,26,227,34,268,37,117,0,162,72,152,125,143,159,126,5,160,75,151,120,142,146,128,14,156,62,152,96,145,115
15,0,61,12,78,57,77,112,75,156,70,104,3,185,25,230,32,270,35,119,0,165,70,155,121,144,155,127,8,163,75,153,119,143,146,127,19,155,69,151,105,145,127
15,0,61,12,79,57,79,111,75,155,68,102,4,183,25,229,32,269,36,118,0,164,72,153,124,143,157,126,7,161,76,152,121,143,149,126,17,154,66,150,102,144,123
15,0,65,13,81,56,79,109,76,153,68,101,3,183,25,228,33,267,37,117,0,164,72,155,125,146,158,125,7,162,75,153,121,145,150,127,17,157,64,154,100,148,121
15,0,62,14,83,60,84,112,78,155,70,103,7,184,28,228,37,268,40,116,0,164,74,156,127,147,161,124,6,161,75,154,122,146,151,125,14,156,62,153,98,148,120
15,0,62,15,80,61,79,114,75,158,69,105,4,186,26,230,35,270,39,119,0,165,72,158,125,150,160,127,7,164,75,158,122,151,151,128,16,159,63,159,99,156,122
15,0,61,13,82,60,83,113,77,156,70,101,7,182,29,226,36,266,40,116,0,163,73,154,127,145,161,125,4,161,74,154,121,145,149,127,13,157,60,154,95,148,116
15,0,58,15,79,61,80,113,76,156,70,105,5,185,27,229,35,269,38,119,0,166,69,158,121,148,156,126,7,163,76,155,121,146,150,126,18,155,69,153,107,149,130
15,0,65,13,87,59,89,111,82,154,75,101,11,183,34,227,42,268,45,116,0,164,74,154,128,143,163,124,3,163,73,154,121,144,149,126,10,158,56,156,92,150,112
15,0,61,12,84,58,85,111,79,154,71,100,9,181,31,226,39,266,42,115,0,162,73,151,126,142,160,124,4,160,74,150,120,140,146,126,12,155,59,150,93,144,111
15,0,61,12,77,57,77,110,73,152,66,102,3,182,24,226,32,264,36,117,0,162,68,153,120,143,155,124,8,159,74,150,120,140,148,124,19,151,68,146,104,139,126
15,0,61,14,79,60,79,113,75,157,67,103,4,183,26,228,35,267,38,117,0,163,71,153,123,143,157,125,7,160,75,151,121,142,148,126,17,153,66,147,100,140,119
15,0,61,13,83,60,84,112,78,155,72,102,8,183,30,228,39,267,42,116,0,163,73,153,126,143,159,124,4,161,74,152,119,142,146,126,12,156,60,153,94,146,112
15,0,63,12,82,58,83,112,78,155,71,104,7,185,30,229,39,269,43,118,0,162,74,152,128,143,162,126,5,160,75,150,122,141,149,128,13,156,60,151,95,145,114
15,0,62,11,81,57,81,109,77,152,71,101,5,180,28,225,37,264,42,116,0,160,72,151,125,141,160,124,6,159,74,151,120,142,148,126,16,154,62,151,97,146,118
15,0,58,11,75,57,74,110,71,153,65,102,1,181,21,226,30,265,34,117,0,161,70,152,122,142,156,124,9,158,77,149,122,140,150,124,21,150,71,145,108,139,130
15,0,63,11,78,55,77,108,74,152,67,102,3,182,23,226,31,265,35,117,0,162,72,153,124,143,159,124,8,159,75,152,122,144,150,125,19,153,66,150,102,145,124
15,0,64,14,80,58,80,110,76,154,68,103,5,183,25,227,32,267,35,116,0,163,70,155,123,146,157,123,6,160,73,154,120,146,149,123,15,154,63,153,101,149,125
15,0,68,15,83,58,81,110,77,153,70,103,4,183,25,227,33,266,37,117,0,163,71,155,123,145,158,125,7,161,74,155,121,146,151,126,16,156,63,155,100,150,124
15,0,62,10,81,55,82,108,77,152,70,101,7,182,26,227,34,267,38,115,0,162,73,153,127,143,161,123,4,160,73,153,120,145,149,125,12,155,59,153,96,148,117
15,0,61,11,82,57,84,110,78,154,70,101,7,182,28,227,36,267,40,115,0,162,74,152,128,142,162,124,4,160,74,151,122,142,150,125,12,155,59,151,95,146,115
15,0,60,12,76,57,76,110,73,154,66,102,2,182,22,227,30,266,34,117,0,162,68,153,121,143,156,124,8,159,75,151,121,142,150,124,19,151,69,147,106,142,129
15,0,60,13,79,58,79,111,75,154,68,103,4,184,24,229,32,268,37,119,0,163,71,154,124,144,158,127,7,161,75,153,121,144,150,127,17,155,65,152,102,146,125
15,0,61,13,82,59,83,112,77,154,70,103,7,184,28,229,36,268,40,117,0,163,73,154,126,145,161,124,5,160,75,152,122,143,151,125,14,154,62,151,99,145,121
15,0,63,13,82,59,82,111,77,155,70,103,5,184,28,228,37,267,41,117,0,164,74,156,127,146,162,124,6,161,77,154,125,145,154,125,15,156,65,153,102,148,126
15,0,61,12,84,58,87,109,81,152,74,99,10,180,33,225,41,265,45,114,0,162,74,152,127,142,161,123,2,162,72,153,119,145,147,126,9,158,55,158,90,154,110
15,0,62,12,79,58,79,110,74,153,68,102,4,182,26,226,36,265,42,116,0,162,72,154,123,144,158,124,6,161,72,155,117,148,146,126,16,157,59,157,95,154,118
15,0,61,12,78,57,77,109,74,153,68,103,3,182,25,226,34,266,40,117,0,165,70,157,123,148,159,124,8,162,75,154,122,147,152,125,19,154,68,152,107,149,131
15,0,68,12,82,55,80,108,76,151,70,99,4,180,27,225,37,264,42,115,0,159,72,153,124,145,160,124,8,159,76,153,122,146,152,126,19,154,66,154,103,150,127
15,0,66,13,82,58,81,110,77,153,70,102,5,182,29,226,39,264,46,117,0,162,72,153,124,144,159,125,6,161,73,154,118,147,147,127,15,157,60,157,95,154,118
15,0,60,12,84,59,86,111,80,154,73,100,11,181,33,225,43,265,48,114,0,162,74,153,127,144,162,123,2,161,73,154,119,146,146,126,9,158,56,156,92,152,112
15,0,62,10,81,56,81,109,76,152,69,99,4,179,28,222,38,261,43,116,0,162,70,154,123,146,159,125,7,162,75,154,120,146,148,127,18,156,66,154,103,149,125
15,0,62,12,85,59,87,112,80,155,74,101,10,181,34,225,44,265,49,116,0,163,73,153,126,142,158,125,3,163,72,153,118,144,144,128,10,159,55,156,89,149,106
15,0,63,14,85,60,86,113,80,156,73,103,9,183,33,228,43,268,48,117,0,165,73,156,126,147,160,125,4,164,73,157,119,148,147,127,11,160,56,158,91,152,112
15,0,64,13,85,60,87,113,81,155,74,101,9,181,34,226,44,267,49,116,0,162,72,153,125,143,159,126,4,161,74,153,120,144,148,128,12,158,59,156,94,150,115
15,0,64,12,82,59,82,112,77,156,71,104,7,185,30,229,40,268,47,119,0,162,73,153,125,145,160,126,6,160,74,153,120,146,149,128,15,156,60,155,95,151,117
15,0,66,15,85,62,85,114,79,156,72,104,8,184,34,228,44,267,49,118,0,161,73,154,125,146,160,126,4,160,72,155,118,147,146,128,12,158,55,157,88,153,108
15,0,65,13,85,60,86,113,80,156,73,102,10,183,34,228,45,268,51,116,0,162,74,153,127,144,161,124,4,160,74,152,120,143,147,127,12,157,58,154,91,148,109
15,0,66,11,84,57,84,111,78,154,72,100,7,181,32,225,43,265,49,116,0,159,73,151,126,143,161,125,6,160,72,154,117,148,145,128,14,157,57,156,91,154,111
17,49,317,12,286,0,233,30,188,67,159,4,164,19,105,36,66,52,30,37,165,32,88,29,43,31,0,72,181,85,159,66,207,51,236,104,207,103,197,83,233,67,253
17,49,316,13,285,0,231,30,186,67,159,3,164,19,104,36,64,53,29,37,165,32,87,29,42,31,0,72,181,86,157,68,206,52,236,104,207,105,196,85,231,68,252
17,50,312,14,280,0,227,32,184,71,158,5,160,21,101,39,62,56,27,39,162,33,86,32,41,34,0,74,178,83,156,65,203,52,232,105,204,101,192,82,228,67,248
17,51,311,15,279,0,228,32,183,71,157,6,160,21,101,38,61,54,26,40,161,33,86,31,41,33,0,74,177,84,154,66,202,52,232,106,202,103,188,84,224,69,245
17,51,311,15,279,0,226,31,182,69,157,6,159,19,100,36,60,51,26,39,162,34,86,32,41,33,0,73,179,81,155,64,202,51,231,104,205,101,188,83,224,69,244
17,50,310,14,279,0,226,31,182,69,156,4,159,19,100,36,61,53,27,38,161,33,85,31,41,33,0,72,178,82,154,64,202,50,231,104,204,100,190,81,225,67,246
17,50,311,14,279,0,227,30,182,68,157,5,159,20,101,37,62,53,27,38,162,33,86,30,41,31,0,73,179,82,154,64,202,51,232,104,206,102,189,83,224,69,246
17,51,311,15,278,0,226,31,181,68,156,5,159,20,101,37,61,53,26,39,162,33,86,31,41,32,0,73,178,83,153,65,201,52,231,104,205,103,186,84,222,69,243
17,51,312,14,280,0,228,31,183,69,156,5,159,20,100,37,61,54,26,39,161,34,85,31,41,32,0,73,178,83,154,65,203,51,232,105,204,103,189,84,225,69,245
17,50,312,14,280,0,228,31,184,69,159,6,160,20,101,37,61,54,27,39,163,33,86,31,42,33,0,73,181,82,155,64,204,51,233,104,207,102,190,83,226,68,247
17,50,312,14,280,0,228,31,184,69,157,5,160,19,100,36,61,52,26,38,162,32,86,31,41,33,0,72,179,81,158,63,205,50,233,103,205,101,192,81,228,67,248
17,51,312,15,281,0,228,31,183,70,157,6,160,20,100,37,61,54,27,40,162,34,86,32,41,34,0,74,179,82,156,64,204,51,234,105,205,101,191,82,228,68,249
17,51,310,14,279,0,227,31,182,69,157,6,159,21,100,38,61,55,26,40,162,34,86,32,41,33,0,74,179,84,154,65,202,51,232,106,205,102,190,83,227,68,248
17,52,312,15,280,0,228,31,184,69,158,5,160,20,101,37,62,54,28,39,162,34,86,32,41,34,0,73,179,84,155,66,203,51,232,105,205,103,192,83,228,67,248
17,51,312,15,281,0,228,31,184,69,157,5,160,20,102,37,62,53,28,38,162,33,86,31,41,33,0,73,179,82,155,64,203,51,232,105,205,103,189,83,225,68,245
17,51,311,15,281,0,228,30,184,68,159,4,159,19,101,35,63,50,29,38,162,32,86,30,42,31,0,73,178,82,157,64,205,50,233,104,204,101,194,81,231,66,251
17,54,313,16,282,0,229,30,185,68,161,6,162,20,104,37,66,54,31,39,163,33,88,30,42,31,0,74,179,82,157,65,206,52,236,106,204,104,189,86,226,71,247
17,53,314,16,284,0,231,30,187,67,161,4,164,18,106,34,67,50,33,38,166,32,90,29,44,28,0,72,182,82,160,64,208,51,237,105,207,103,192,84,228,70,248
17,54,313,16,283,0,230,28,185,67,161,6,163,19,105,35,67,52,33,39,164,33,88,30,43,32,0,75,180,82,159,64,208,51,237,107,205,104,192,84,229,70,249
17,54,316,16,285,0,233,29,189,66,163,5,165,19,108,36,69,52,35,39,167,32,91,29,44,28,0,74,182,81,162,64,210,51,239,107,207,103,195,84,231,69,251
17,54,314,16,284,0,231,30,187,68,162,5,164,20,107,37,68,53,34,40,166,33,89,30,43,31,0,76,181,82,161,65,209,53,238,109,206,103,194,84,230,71,251
17,54,315,16,284,0,231,30,187,68,162,5,165,20,108,37,69,53,35,39,166,33,89,30,43,30,0,74,182,83,159,66,208,52,237,107,207,104,192,85,229,70,250
17,55,315,17,285,0,233,30,188,67,163,5,164,20,106,36,68,53,34,39,166,33,89,30,43,31,0,75,181,82,162,65,210,53,238,107,206,104,195,85,232,71,251
17,54,315,16,284,0,231,29,186,67,161,5,163,19,104,36,66,52,32,39,165,33,88,29,42,30,0,74,181,83,158,65,207,52,237,106,207,104,192,85,229,70,249
17,54,315,16,285,0,232,30,187,66,160,4,165,19,107,35,68,51,34,38,166,32,90,28,44,29,0,73,182,82,160,64,210,52,239,106,207,103,193,84,230,71,250
17,54,315,16,285,0,232,29,187,65,161,4,165,18,107,34,69,50,35,38,167,32,90,28,44,29,0,73,183,82,159,65,208,51,237,105,208,103,193,84,230,69,250
17,54,315,16,285,0,233,29,188,66,162,4,166,17,107,33,68,48,34,37,168,32,91,28,44,28,0,73,183,81,161,64,209,51,239,105,209,102,193,83,229,70,250
17,55,314,17,284,0,232,29,186,66,161,5,164,19,106,35,67,51,33,39,166,33,89,29,43,29,0,73,182,82,158,65,207,52,237,106,208,102,191,84,228,71,249
17,54,314,17,284,0,232,29,187,66,161,5,165,18,107,34,68,50,34,39,167,32,90,28,44,29,0,73,183,82,160,64,209,51,238,106,209,102,194,83,231,70,251
17,54,314,16,283,0,230,30,185,67,159,5,163,19,105,35,67,52,32,38,165,33,89,30,43,31,0,74,182,82,159,64,207,51,236,106,208,103,193,84,229,70,249
17,54,314,16,284,0,232,29,187,65,161,5,164,19,105,35,66,50,31,39,167,33,90,30,43,30,0,74,183,82,160,65,209,51,239,106,208,103,195,84,232,70,253
17,55,315,17,285,0,234,30,188,68,163,5,165,20,108,36,70,52,35,39,167,33,90,30,44,31,0,75,183,83,161,65,210,52,240,107,208,103,195,84,233,70,253
17,55,315,17,285,0,233,30,187,68,161,5,165,19,106,35,67,50,33,39,166,34,90,31,43,31,0,74,182,82,161,64,210,51,239,107,207,102,196,84,232,70,252
17,55,314,16,284,0,232,29,187,66,160,5,164,19,106,35,67,51,32,39,166,34,89,31,43,32,0,74,181,84,159,65,208,52,238,107,207,104,194,85,230,71,250
17,55,317,17,286,0,235,28,190,64,163,5,166,18,108,34,69,50,34,38,168,33,91,29,44,29,0,73,184,82,160,64,209,51,239,106,210,103,195,85,231,70,252
17,54,313,17,283,0,231,30,185,67,160,5,164,20,106,35,67,51,33,39,166,33,89,29,43,29,0,73,182,83,158,65,208,52,238,106,207,102,193,84,230,70,250
17,55,313,17,283,0,232,29,187,65,161,5,163,19,105,35,67,52,33,39,165,33,89,30,43,30,0,74,182,85,159,66,208,52,237,106,208,103,195,84,231,69,251
17,55,314,16,285,0,233,29,188,65,162,5,165,19,107,35,69,50,34,39,167,32,90,28,44,27,0,73,183,83,159,65,208,52,238,105,209,102,194,84,231,70,251
17,55,313,16,284,0,232,30,188,66,162,6,165,19,107,35,69,50,34,39,167,33,89,28,44,28,0,74,184,83,160,65,209,52,238,106,210,102,195,83,232,70,252
17,54,313,16,284,0,232,29,187,66,161,5,164,18,106,34,68,49,33,39,166,33,89,28,44,28,0,73,182,82,160,64,209,51,238,106,208,101,197,82,234,68,253
17,55,314,16,285,0,233,29,187,66,161,5,165,18,107,34,69,51,34,39,167,32,90,29,44,29,0,73,183,82,160,64,209,51,238,106,208,102,197,82,234,68,253
17,55,314,16,286,0,233,29,187,66,161,5,166,19,107,35,69,51,34,39,167,33,90,29,44,30,0,74,182,82,160,64,210,51,239,106,207,102,196,83,234,69,253
17,55,315,16,286,0,234,29,189,65,162,5,165,19,108,36,69,52,35,39,166,33,90,29,44,30,0,74,183,84,160,65,209,51,238,107,209,104,197,84,234,68,253
17,56,313,17,285,0,232,29,187,66,160,5,164,19,105,35,66,50,32,39,164,33,88,31,43,32,0,74,179,82,161,65,210,51,238,107,204,102,197,83,234,68,253
17,55,313,17,286,0,234,29,187,66,160,4,164,19,106,34,67,50,31,38,164,32,88,30,43,31,0,74,179,83,162,65,211,52,239,107,203,102,200,82,237,67,254
17,55,312,16,284,0,231,31,187,68,161,4,163,19,104,34,65,50,31,38,163,33,87,30,42,31,0,74,178,82,161,64,209,52,237,106,203,100,196,82,233,69,251
17,53,314,15,285,0,233,29,188,65,162,4,163,18,105,34,66,49,31,38,165,33,88,30,43,30,0,73,180,82,159,64,208,51,237,105,206,101,195,82,233,68,253
17,56,315,17,286,0,233,30,188,67,163,5,165,19,107,35,68,51,33,39,166,33,89,30,43,30,0,74,181,82,161,65,210,52,238,107,207,102,197,83,234,70,253
17,55,311,17,283,0,231,28,185,65,160,5,162,19,104,34,65,49,30,39,162,33,87,30,42,30,0,74,177,82,160,64,208,51,236,106,203,101,196,82,232,68,251
17,55,315,17,287,0,235,28,189,66,163,5,166,19,107,34,68,49,33,39,166,33,90,29,43,30,0,74,182,82,162,64,210,51,239,107,207,101,198,82,235,68,254
17,54,315,16,286,0,234,29,189,66,163,5,165,19,107,35,69,51,34,39,167,33,90,30,44,30,0,74,182,83,161,64,211,51,239,106,208,102,198,83,235,68,254
17,55,314,16,284,0,233,29,187,68,162,4,164,19,105,35,66,50,31,39,165,33,88,29,43,30,0,74,181,82,161,64,210,51,238,106,207,101,198,81,235,68,253
17,55,316,17,286,0,234,28,187,66,161,6,164,19,106,35,66,50,31,39,166,34,89,32,43,33,0,74,182,83,160,65,209,51,238,107,208,103,196,83,233,69,253
17,54,316,16,286,0,234,29,189,67,163,5,165,19,107,35,68,50,33,38,167,33,90,30,44,30,0,74,183,81,163,63,211,50,240,106,208,101,198,82,235,68,255
17,54,316,16,287,0,234,29,188,67,162,4,165,19,107,36,69,52,34,38,166,33,89,30,43,30,0,74,182,81,162,63,211,50,240,106,208,100,199,81,237,67,256
17,54,317,16,287,0,235,29,190,66,163,5,166,19,108,35,69,51,34,39,168,34,90,31,44,31,0,74,184,82,162,64,211,51,241,106,210,102,198,83,235,69,256
17,55,315,16,286,0,234,30,189,68,164,6,165,20,107,36,68,52,33,40,167,34,90,30,44,30,0,75,183,83,162,65,210,51,239,107,209,103,198,83,235,68,255
17,55,314,16,285,0,234,30,188,67,162,6,165,21,106,37,67,53,32,40,166,34,89,31,43,32,0,75,182,83,160,65,209,52,238,107,208,103,197,83,233,68,253
17,54,316,16,288,0,236,30,190,67,164,5,167,19,108,35,69,51,34,39,168,33,90,30,44,31,0,75,184,83,162,64,212,51,241,108,209,103,198,83,236,69,255
17,55,316,17,287,0,234,30,188,69,162,6,166,20,106,37,67,53,32,40,167,34,89,32,44,34,0,75,182,82,161,64,211,52,240,109,207,103,196,84,233,70,253
17,55,317,16,288,0,235,30,189,69,163,6,167,20,108,36,69,53,34,40,167,33,90,31,44,34,0,76,182,83,161,65,210,52,241,108,206,103,196,83,234,69,255
17,55,316,17,288,0,235,30,189,69,164,7,166,20,106,35,66,51,30,41,167,37,90,36,44,39,0,76,182,84,162,65,212,52,240,109,208,104,197,85,234,71,253
17,54,319,16,291,0,237,30,192,68,166,7,169,20,109,36,70,53,34,41,170,35,92,33,45,36,0,76,186,83,164,64,213,51,242,108,212,102,200,83,237,69,256
17,53,317,15,287,0,233,28,188,65,161,6,165,19,107,36,68,53,33,40,168,34,90,32,44,34,0,74,184,81,159,64,209,51,239,107,210,103,193,84,231,71,251
17,54,315,16,286,0,234,30,189,68,164,7,166,20,109,37,70,55,35,41,168,35,91,33,44,36,0,76,183,84,161,65,211,52,240,108,209,104,197,84,234,70,254
17,55,316,16,286,0,234,31,189,70,164,7,167,20,108,37,68,54,34,41,168,35,92,33,45,36,0,76,184,85,162,66,211,53,240,109,210,105,197,86,233,72,253
17,54,315,16,285,0,234,30,189,69,163,5,165,18,106,35,67,52,32,39,166,35,90,33,44,35,0,74,182,84,160,65,210,51,239,107,208,104,196,84,232,70,252
17,53,312,15,282,0,230,29,185,67,160,5,161,18,103,34,63,51,28,39,164,36,88,35,43,38,0,75,180,84,157,65,206,51,236,107,207,103,191,84,228,70,248
17,54,314,16,284,0,233,28,188,66,163,5,163,18,105,35,66,51,32,40,165,36,89,34,44,35,0,75,182,84,159,64,208,50,237,107,209,103,195,84,231,70,250
17,55,313,17,284,0,233,29,187,67,162,5,162,19,105,35,66,51,31,40,164,36,89,35,44,36,0,76,180,85,159,65,208,51,237,108,206,104,194,85,231,71,250
17,54,314,17,285,0,234,29,189,68,164,5,164,19,108,36,69,54,36,40,166,36,90,34,44,35,0,76,181,85,161,65,209,51,238,109,207,103,197,84,233,70,252
17,55,314,16,285,0,233,28,188,66,163,5,164,18,107,35,68,52,33,40,166,35,89,33,44,35,0,75,181,83,160,64,210,51,238,108,208,103,197,84,234,70,252
17,54,311,16,281,0,229,28,184,65,159,5,160,18,103,35,64,52,30,39,162,34,86,33,42,35,0,75,177,83,155,65,205,51,234,108,204,103,192,84,228,70,247
17,56,315,17,286,0,234,29,188,67,162,5,164,19,107,36,69,53,35,40,164,32,88,30,43,33,0,76,180,84,159,65,210,52,239,109,206,104,196,84,233,70,252
17,57,316,17,285,0,232,28,186,65,161,5,162,19,106,36,68,53,33,40,164,31,86,30,42,33,0,76,180,82,157,65,209,53,238,109,207,103,193,85,231,72,251
17,55,315,16,285,0,232,27,187,65,161,4,163,18,106,35,68,51,34,39,164,32,87,30,43,33,0,74,180,83,158,64,208,51,237,108,206,103,193,84,231,70,250
17,54,317,15,286,0,233,27,187,65,162,5,163,18,107,35,68,52,33,39,165,32,88,31,43,33,0,75,182,83,158,64,209,51,238,108,209,103,194,84,232,69,251
17,56,315,16,284,0,231,29,186,66,159,5,162,19,106,37,68,54,33,40,163,31,86,30,42,34,0,76,179,82,157,65,208,53,237,109,205,103,193,85,231,71,250
17,55,314,16,284,0,231,28,186,65,159,4,162,18,106,35,68,52,34,38,163,31,86,30,42,33,0,74,179,81,158,63,208,51,237,108,205,101,196,82,233,69,252
17,56,313,17,283,0,230,28,185,66,160,6,162,18,105,35,66,52,32,40,163,32,86,30,42,34,0,76,180,82,156,65,207,53,236,109,206,103,193,85,230,71,249
17,56,311,17,282,0,229,27,184,64,159,5,160,17,103,34,65,50,31,39,162,31,85,30,42,32,0,75,177,80,155,64,206,52,234,108,203,102,191,83,229,70,247
17,56,312,17,283,0,231,28,185,65,159,6,162,19,105,35,68,52,33,40,163,32,86,30,43,33,0,76,179,83,156,65,207,52,236,109,205,103,194,85,231,71,250
17,55,314,17,285,0,233,28,186,66,161,5,164,18,107,34,69,52,35,40,165,31,88,29,43,32,0,75,181,82,158,64,208,51,238,108,208,102,197,83,234,70,253
17,56,314,17,285,0,232,28,186,65,160,5,162,18,106,36,69,53,35,39,163,30,86,28,42,30,0,75,178,82,156,64,208,51,238,109,204,103,193,84,232,71,251
17,57,313,17,285,0,232,28,186,67,161,5,163,19,107,36,69,54,34,40,163,31,87,29,43,33,0,76,179,83,157,66,208,54,237,110,205,104,194,85,232,72,250
17,57,315,17,285,0,232,28,187,66,161,6,164,19,107,36,69,53,34,40,165,32,88,30,43,32,0,76,181,82,159,64,209,52,238,110,207,103,195,84,232,72,251
17,57,313,17,285,0,232,28,186,66,161,5,164,18,107,35,69,52,34,40,164,31,87,29,43,32,0,76,179,82,159,64,209,52,238,110,204,102,196,83,233,70,252
17,56,313,17,284,0,232,28,186,65,161,5,162,19,106,35,67,52,33,40,164,32,87,30,43,33,0,76,180,83,157,65,208,52,237,109,207,103,195,84,232,70,252
17,57,314,17,285,0,232,29,187,67,162,6,164,19,107,35,68,52,34,41,165,33,88,31,43,33,0,76,181,84,158,66,208,53,237,110,208,104,195,85,232,72,251
17,56,313,17,284,0,232,29,185,67,160,6,163,18,106,35,68,51,34,40,163,31,87,29,43,31,0,76,179,82,157,65,208,53,237,110,204,102,195,83,232,70,251
17,56,311,17,281,0,229,29,183,67,159,5,161,16,104,33,66,50,32,39,162,31,85,29,41,32,0,75,178,81,155,63,206,51,235,108,204,102,191,83,229,71,248
17,57,313,17,285,0,232,29,187,67,162,6,164,18,107,35,69,52,35,41,164,31,87,28,43,31,0,76,180,82,158,64,209,53,238,110,206,102,197,83,235,70,253
17,54,310,16,280,0,229,27,184,64,159,3,159,15,103,32,66,49,32,38,161,28,85,26,42,29,0,74,177,79,155,62,206,51,234,108,203,101,192,82,230,70,247
17,57,313,17,284,0,231,29,186,66,159,4,162,17,106,34,67,51,32,38,164,29,86,26,42,28,0,74,180,81,156,63,207,51,235,108,207,102,193,83,231,69,250
17,57,312,17,283,0,230,30,185,67,159,4,161,18,105,35,67,52,32,39,162,28,85,26,42,28,0,74,179,80,155,63,206,52,235,108,205,102,191,83,229,70,248
17,55,311,16,283,0,230,29,185,65,160,4,162,16,105,33,68,51,34,38,163,29,86,27,42,30,0,74,178,81,157,63,207,51,235,108,204,102,193,83,230,69,249
17,56,313,17,284,0,232,28,187,65,161,5,162,18,107,35,69,52,34,40,163,30,86,28,43,31,0,75,179,81,158,64,209,51,237,109,205,103,194,84,233,70,251
17,56,314,16,285,0,233,27,187,64,162,4,164,17,108,35,70,52,36,39,165,30,88,27,43,29,0,75,181,80,159,63,210,51,238,109,207,102,195,83,233,70,252
17,56,311,16,282,0,230,28,185,65,160,5,161,17,104,34,66,51,33,39,162,30,85,28,42,31,0,75,178,81,157,64,207,52,236,109,203,102,191,84,228,71,247
17,57,312,17,283,0,231,29,186,67,160,5,161,19,105,36,67,53,33,40,162,31,85,30,42,33,0,76,178,82,158,64,209,52,237,110,204,103,195,84,233,70,251
17,56,314,16,285,0,233,29,188,65,162,4,162,18,107,35,69,52,35,39,163,31,86,28,42,29,0,76,179,81,159,63,210,51,237,110,204,103,194,84,233,70,250
17,57,316,17,287,0,234,30,190,67,166,5,165,18,108,35,71,53,36,40,166,31,88,29,43,31,0,76,182,82,161,65,212,53,240,110,209,104,197,85,235,71,253
17,58,316,17,286,0,235,28,190,65,165,5,164,18,108,34,69,51,35,40,166,31,88,28,43,29,0,76,182,81,160,64,211,52,240,110,208,104,196,85,234,71,253
17,55,314,16,285,0,233,28,188,65,164,5,163,18,106,34,68,51,34,39,164,30,86,26,42,27,0,75,181,80,159,63,210,52,239,109,206,102,195,83,233,70,252
17,57,312,17,283,0,231,29,187,67,163,6,162,19,107,36,69,53,34,41,163,30,86,28,42,29,0,77,179,82,158,65,208,52,237,111,204,104,193,84,231,71,250
17,56,313,16,283,0,231,28,187,65,161,4,162,17,106,34,69,51,34,38,164,29,86,26,42,27,0,74,180,80,158,62,209,50,237,109,206,102,193,83,232,70,251
17,57,315,16,285,0,233,28,188,65,162,5,164,18,109,35,71,52,36,40,165,30,87,28,43,30,0,76,182,81,158,64,210,51,239,110,208,103,196,84,234,70,253
17,56,316,16,287,0,235,28,190,65,165,5,165,18,110,36,72,53,38,40,167,30,89,28,43,29,0,76,183,80,161,63,212,50,241,110,209,103,197,83,235,69,255
17,56,315,16,287,0,234,29,188,66,162,6,165,20,108,38,70,54,35,40,166,32,88,30,43,32,0,76,182,82,159,64,209,51,239,109,208,103,197,83,235,69,255
17,56,313,16,283,0,231,29,186,67,161,6,162,19,106,36,68,53,34,41,164,32,87,31,42,34,0,76,179,81,159,64,209,52,237,110,204,103,195,84,232,70,251
17,56,314,16,284,0,232,29,188,67,162,7,164,20,108,37,70,53,35,41,164,33,87,31,43,34,0,77,180,82,160,64,210,51,239,110,205,104,195,84,233,69,252
17,57,313,17,284,0,232,29,186,67,160,7,162,21,107,38,68,56,34,41,163,33,86,32,42,35,0,77,179,84,159,65,209,51,238,111,204,104,196,84,234,69,253
17,56,311,17,282,0,230,28,185,66,159,6,161,19,105,37,67,55,33,40,161,32,85,31,41,34,0,76,177,82,158,64,208,51,236,110,202,102,195,83,232,69,251
17,57,313,17,283,0,232,29,186,67,160,6,163,21,108,39,70,57,35,41,163,32,87,30,42,32,0,77,179,82,159,64,209,51,238,111,205,103,196,84,234,69,253
17,56,314,16,285,0,233,30,189,69,164,6,164,19,107,36,69,53,36,40,165,33,88,31,43,34,0,76,181,82,162,64,212,52,240,110,206,103,196,84,235,69,253
17,56,311,16,283,0,230,31,186,69,161,7,162,20,105,37,67,54,34,42,163,34,86,32,42,33,0,77,179,82,160,64,210,52,238,111,204,103,195,83,233,70,251
17,56,311,16,282,0,230,29,186,67,162,7,161,19,105,36,68,53,34,41,163,34,86,32,42,35,0,76,178,82,158,64,208,52,236,110,203,104,193,84,231,69,249
17,56,312,16,283,0,232,29,187,66,162,6,163,18,107,36,70,54,36,41,164,31,87,29,42,32,0,76,180,81,158,63,208,51,237,110,205,103,192,83,230,69,250
17,56,312,16,281,0,231,28,186,65,160,6,161,18,105,35,67,53,33,40,163,31,86,29,42,32,0,75,180,81,157,63,207,51,236,108,206,102,193,83,230,69,249
17,56,313,16,284,0,232,29,187,67,162,7,163,19,107,36,69,53,35,41,165,33,87,31,42,34,0,76,180,81,160,63,210,51,238,109,206,102,195,83,233,69,252
17,58,313,18,285,0,233,29,187,67,162,7,164,20,107,38,69,55,35,41,165,33,87,31,42,33,0,77,181,83,159,64,210,52,239,111,207,103,197,84,235,70,253
17,56,313,17,284,0,232,28,187,65,162,6,163,19,107,37,68,53,34,41,164,31,87,29,42,32,0,76,180,82,158,63,208,50,238,110,206,102,195,82,232,68,253
17,54,312,16,284,0,232,29,188,68,164,7,163,20,106,37,69,55,35,42,164,34,88,33,43,35,0,78,180,83,161,64,211,50,239,111,206,103,197,83,234,68,253
17,55,312,16,284,0,232,30,187,68,163,7,163,20,106,38,68,56,34,42,164,34,87,33,42,35,0,78,179,84,160,65,209,51,238,111,205,104,198,83,235,67,254
17,55,312,16,284,0,232,29,187,67,163,7,163,20,108,38,70,56,35,42,164,33,87,31,42,32,0,77,179,82,160,64,210,50,238,110,205,103,197,82,235,67,254
17,55,311,16,283,0,232,29,187,66,162,6,162,20,107,38,69,55,35,41,163,34,86,32,42,34,0,77,178,82,159,63,208,49,236,110,204,103,197,82,234,66,252
17,54,309,16,281,0,230,29,185,67,161,6,162,19,105,37,67,54,33,41,163,33,86,31,41,33,0,76,179,82,157,63,207,50,236,110,204,102,194,82,232,67,251
17,56,309,17,282,0,230,31,186,69,161,8,162,22,106,39,69,56,35,43,163,35,86,33,42,35,0,78,178,84,160,65,209,51,238,112,204,104,196,83,233,69,252
17,56,312,17,283,0,232,30,187,69,163,7,164,21,108,39,69,57,35,41,165,33,88,31,43,33,0,77,180,84,160,65,210,51,239,111,206,105,196,84,234,68,253
17,56,314,16,284,0,232,29,188,68,163,6,164,19,108,37,70,54,36,41,165,32,87,30,42,32,0,77,180,81,160,64,210,51,239,110,205,102,195,83,234,69,253
17,56,312,17,286,0,234,31,189,70,165,8,165,22,108,40,70,57,35,43,165,36,88,34,43,36,0,79,180,84,163,65,212,52,240,112,205,104,198,84,236,69,255
17,55,316,16,288,0,236,29,192,67,169,7,167,20,111,38,72,55,38,42,168,34,90,31,44,32,0,78,183,84,162,65,212,51,242,111,209,105,199,84,237,68,256
17,53,310,16,282,0,231,29,186,66,162,8,162,20,105,37,66,54,31,43,163,36,87,36,42,39,0,78,178,84,157,65,206,52,237,111,204,104,193,84,231,69,251
17,55,313,17,285,0,234,30,190,70,168,9,165,23,109,41,71,58,36,45,165,38,88,36,43,38,0,81,180,87,161,67,210,51,241,113,207,106,197,85,235,70,256
17,55,314,16,286,0,235,29,190,67,165,9,166,22,108,38,70,54,34,43,166,37,91,35,44,37,0,78,181,85,162,65,211,50,241,111,205,105,197,84,234,67,255
17,56,313,17,285,0,233,30,188,68,163,9,164,22,106,38,68,54,33,43,164,38,88,36,43,38,0,79,178,84,161,65,210,51,239,112,203,104,198,83,235,67,255
17,56,313,17,286,0,234,30,189,67,164,8,164,22,106,38,68,54,34,43,165,38,89,37,43,39,0,78,180,84,164,65,212,51,240,111,205,104,200,83,237,67,256
17,56,311,17,284,0,233,29,188,67,163,9,163,23,104,38,66,54,32,43,163,38,88,37,42,38,0,78,178,84,163,65,210,51,238,111,202,104,199,82,235,67,254
17,55,310,16,283,0,232,29,188,66,164,9,163,23,105,38,67,53,33,43,164,38,88,36,43,38,0,78,179,84,162,64,210,50,238,110,203,103,198,82,235,67,254
17,54,310,17,283,0,232,29,187,67,162,8,162,22,104,37,66,53,32,42,163,38,88,37,43,38,0,78,178,84,163,64,211,50,237,110,202,103,200,82,237,66,253
17,54,311,16,283,0,231,28,188,65,162,8,162,21,104,38,67,54,33,42,163,38,88,36,42,38,0,77,177,84,162,65,210,50,238,110,202,104,198,82,235,66,254
17,55,311,17,284,0,233,29,189,66,164,9,164,22,106,38,68,55,34,43,164,38,89,37,43,38,0,78,179,85,164,65,212,51,240,110,203,103,200,82,237,66,255
17,54,310,16,283,0,232,30,188,68,164,8,164,22,105,38,68,55,33,42,164,37,88,35,43,37,0,77,178,85,161,66,209,51,237,109,202,103,199,82,236,65,255
17,55,312,16,283,0,232,29,188,66,164,9,163,22,105,38,68,55,34,43,164,37,88,36,43,38,0,78,179,84,162,65,210,51,237,110,204,104,200,83,237,67,255
17,55,311,16,284,0,233,29,189,66,164,9,162,23,105,39,68,55,34,43,162,38,87,37,42,38,0,79,177,85,164,65,211,50,238,111,202,104,202,82,238,65,256
17,55,312,16,286,0,234,31,190,69,165,9,165,24,107,41,69,57,35,44,165,39,89,37,43,39,0,79,180,86,164,66,211,51,239,112,205,104,203,82,239,65,257
17,55,311,17,284,0,232,31,189,69,165,8,164,23,107,39,69,56,35,43,164,38,88,37,43,39,0,79,178,84,165,65,212,51,238,112,202,103,202,82,238,66,255
17,55,310,17,282,0,230,30,186,68,161,9,162,24,105,40,67,57,33,43,162,39,87,37,42,40,0,79,177,86,160,67,208,52,236,111,202,105,198,83,234,67,253
17,54,309,15,283,0,231,29,187,67,163,8,162,23,105,40,67,57,33,43,163,38,88,36,43,38,0,78,177,85,163,66,210,50,237,110,202,104,201,82,237,65,255
17,55,308,16,282,0,230,30,186,68,162,9,162,23,105,40,66,57,32,43,163,39,88,37,42,39,0,78,177,86,161,67,208,51,238,110,202,105,199,83,235,66,254
17,55,308,16,281,0,229,30,186,67,162,9,161,23,103,40,66,56,32,43,162,38,86,37,42,38,0,78,177,85,161,65,208,51,235,110,202,104,199,82,236,65,254
17,54,309,15,281,0,230,30,186,67,162,7,162,22,105,39,68,56,34,42,162,37,88,36,43,37,0,77,177,84,161,65,208,50,237,110,202,103,200,81,236,65,254
17,56,309,18,281,0,230,29,187,66,162,9,162,24,105,40,68,57,34,43,162,39,88,37,43,40,0,78,177,87,160,68,208,53,238,110,202,104,199,83,235,67,254
17,55,308,16,281,0,230,30,186,67,161,9,162,24,105,41,68,58,33,43,161,38,88,37,43,39,0,78,175,87,160,68,207,52,236,110,200,105,198,83,235,66,254
17,54,310,17,283,0,232,29,189,66,165,8,164,23,106,40,69,57,35,43,165,38,90,37,44,39,0,78,180,86,165,66,211,51,239,110,205,104,203,83,238,65,256
18,92,162,46,146,2,97,8,46,52,29,20,30,0,3,11,52,24,55,57,25,42,0,45,59,54,55,94,31,84,14,78,71,83,68,133,43,119,40,109,78,111,79
18,91,162,46,146,2,97,7,45,51,29,19,33,0,4,12,51,25,54,56,27,43,0,45,59,53,54,93,33,84,14,77,70,82,67,131,44,119,38,108,75,111,76
18,88,161,44,143,1,95,6,43,50,27,18,31,0,3,10,50,23,52,55,25,42,0,44,58,52,53,92,31,83,13,75,69,81,66,131,43,119,36,107,72,109,74
18,90,160,45,142,3,95,8,43,51,27,19,30,0,1,10,49,23,53,56,25,43,0,45,58,52,54,93,31,83,12,76,68,81,66,131,42,119,35,108,72,110,75
18,88,160,44,143,1,93,5,41,49,26,18,30,0,1,10,47,22,51,55,25,43,0,44,58,51,53,91,32,83,12,76,67,79,65,129,44,117,35,106,72,108,76
18,88,163,44,145,2,97,7,46,51,30,19,34,0,2,10,50,23,55,56,29,43,0,44,59,52,56,93,36,84,14,76,71,81,69,131,48,119,39,107,76,109,79
18,88,162,43,144,2,95,7,44,51,29,18,33,0,1,10,48,23,54,56,28,44,0,44,58,52,55,92,34,85,12,76,68,81,67,131,47,119,37,107,74,109,78
18,88,163,43,145,1,96,7,44,51,29,17,32,0,1,10,49,22,53,55,27,43,0,44,59,51,55,92,34,85,13,76,70,80,68,130,46,119,38,107,75,108,78
18,89,163,45,145,3,97,8,46,51,30,17,33,0,1,10,49,22,54,56,28,44,0,45,59,52,55,93,34,86,13,77,70,82,68,132,47,121,38,109,75,111,78
18,89,163,45,144,2,97,7,45,49,29,18,32,0,2,10,49,24,54,56,27,44,0,45,59,52,55,93,34,85,13,77,69,82,67,131,46,120,38,107,75,109,77
18,91,163,46,144,5,97,9,46,50,29,19,33,0,2,12,49,25,54,57,27,44,0,46,59,53,55,94,34,86,13,78,69,84,68,133,46,121,38,109,75,111,78
18,90,162,46,145,3,97,8,46,50,29,17,32,0,1,11,49,24,53,55,26,43,0,45,59,52,54,92,32,85,12,77,69,82,66,131,43,119,38,108,75,110,77
18,90,162,45,144,2,95,7,43,51,28,16,31,0,1,10,49,22,53,54,25,43,0,44,58,51,54,91,31,85,12,77,68,80,66,130,43,119,37,107,74,109,76
18,91,163,46,145,4,97,9,45,50,29,18,32,0,2,12,49,25,54,56,27,43,0,45,58,53,55,93,33,85,12,77,68,82,67,131,45,119,38,107,75,108,78
18,88,162,45,144,3,97,6,46,48,28,16,32,0,2,10,49,21,54,53,27,44,0,44,59,51,55,91,33,85,13,77,70,80,68,130,45,120,37,108,75,108,78
18,90,160,46,143,3,96,7,45,50,29,18,30,0,1,11,48,22,53,55,25,44,0,45,58,51,54,92,31,84,13,77,69,80,67,131,42,119,36,109,74,110,76
18,89,160,46,143,3,96,7,45,49,29,17,31,0,1,12,48,24,53,55,26,44,0,46,59,51,54,91,31,85,13,78,69,80,66,130,43,119,38,109,75,111,76
18,90,162,46,145,3,97,8,45,51,29,19,32,0,2,12,49,25,53,56,26,44,0,46,59,53,55,93,33,85,13,78,70,82,68,131,44,120,37,109,75,111,77
18,91,162,46,145,3,97,8,47,50,29,18,32,0,2,11,50,24,55,56,26,44,0,46,60,53,56,93,33,85,14,78,71,82,69,132,44,120,39,109,76,112,77
18,89,162,46,144,4,98,7,47,50,29,17,33,0,2,10,50,22,54,54,27,44,0,45,59,52,55,92,33,85,14,77,70,81,68,131,45,121,39,109,75,111,77
18,90,163,46,145,3,98,8,47,51,30,18,32,0,3,11,51,23,55,56,26,43,0,45,60,52,55,93,31,85,15,77,71,81,68,132,43,120,40,109,77,111,78
18,90,161,45,144,2,96,7,44,52,28,18,30,0,2,11,49,24,53,56,25,43,0,45,59,52,55,92,31,84,14,77,70,80,68,131,43,118,38,108,75,110,77
18,90,163,46,145,3,97,8,46,52,30,18,32,0,2,11,50,23,54,55,26,43,0,45,59,52,54,92,33,85,13,77,70,82,67,131,45,120,38,108,75,111,76
18,89,162,46,145,4,97,8,46,50,30,17,31,0,2,11,49,24,54,55,26,43,0,45,59,52,55,92,32,85,14,77,70,81,68,131,44,120,39,108,76,110,77
18,89,162,45,144,4,96,8,45,50,29,17,32,0,2,11,49,24,53,55,27,43,0,45,58,52,54,92,33,85,13,77,69,81,67,131,44,120,38,108,74,110,76
18,88,161,45,143,3,95,7,44,50,29,17,32,0,2,11,49,23,53,55,27,44,0,45,58,52,54,92,33,85,13,77,69,82,67,131,44,120,37,109,73,110,75
18,89,160,45,144,3,95,7,44,50,27,18,31,0,1,11,48,23,52,55,25,43,0,45,58,51,54,92,31,84,12,76,68,80,66,130,43,119,36,107,73,108,76
18,89,158,46,141,4,94,7,42,49,25,17,27,0,0,10,46,21,51,54,21,44,0,45,57,49,52,90,27,84,11,77,66,78,64,129,38,119,34,109,72,109,73
18,89,160,46,142,3,96,7,46,50,28,18,31,0,2,10,50,21,54,54,26,43,0,44,58,50,54,91,32,84,13,76,69,79,67,130,43,119,38,108,75,109,77
18,88,159,45,143,2,94,6,42,49,26,17,30,0,1,10,48,22,51,54,25,43,0,44,58,50,53,91,31,83,12,76,68,79,65,129,42,118,34,108,71,110,74
18,89,160,45,144,3,96,8,44,51,29,17,33,0,2,11,49,23,54,54,28,43,0,45,59,51,54,91,33,84,13,78,70,81,67,130,44,120,37,109,75,111,77
18,89,161,44,144,1,95,7,43,52,29,16,33,0,2,10,49,20,53,53,27,43,0,45,59,50,55,90,33,85,14,78,70,80,67,129,44,119,38,109,75,111,75
18,91,162,47,144,5,96,10,45,52,29,17,31,0,2,11,49,23,53,55,25,44,0,46,59,52,55,92,31,86,13,78,69,81,67,131,42,120,38,110,75,111,76
18,91,162,47,145,4,97,9,45,51,29,18,32,0,2,12,48,25,53,55,27,44,0,47,59,53,54,92,32,85,14,79,70,82,68,131,43,120,38,110,75,112,77
18,90,161,45,143,3,95,8,45,50,28,16,31,0,2,10,49,20,53,53,25,44,0,45,58,50,54,90,31,85,13,77,69,80,66,130,42,119,37,109,74,110,75
18,91,162,46,145,3,96,8,45,51,29,18,30,0,3,11,50,24,54,55,24,43,0,46,59,52,55,92,30,84,14,77,70,81,67,130,42,119,38,108,75,110,76
18,91,161,46,144,3,96,9,45,53,28,18,31,0,3,12,50,23,53,55,25,44,0,46,59,52,54,92,31,85,13,78,69,81,67,130,42,119,38,109,75,111,75
18,91,160,48,144,5,96,10,46,53,29,19,32,0,2,12,49,25,54,56,26,44,0,46,58,52,54,93,31,85,13,79,70,82,67,131,42,119,38,110,75,113,76
18,91,160,47,143,5,95,10,44,53,27,18,32,0,2,11,50,23,53,55,26,43,0,46,58,51,54,92,31,84,14,78,70,80,67,130,41,119,39,110,76,112,75
18,91,158,47,143,4,94,8,42,50,27,18,31,0,1,11,47,22,52,54,25,43,0,46,57,51,53,90,30,84,12,78,67,80,65,129,40,118,37,109,73,111,74
18,90,157,46,141,4,93,9,43,52,26,19,30,0,2,11,48,23,52,55,24,43,0,45,57,51,53,91,30,84,12,77,67,80,65,129,41,118,37,108,73,111,74
18,90,160,46,142,5,95,7,44,48,26,18,29,0,2,10,47,21,51,54,24,43,0,45,57,50,52,90,30,84,13,77,67,78,64,129,41,119,36,108,73,108,74
18,91,161,50,145,7,96,10,45,52,28,18,31,0,2,12,49,23,54,55,25,43,0,47,59,52,54,92,31,85,14,80,70,82,67,130,42,121,39,111,76,111,78
18,91,159,46,145,3,97,6,44,47,25,15,30,0,2,10,49,21,53,51,24,44,0,46,58,49,52,88,30,85,12,78,68,78,64,128,41,120,36,110,74,109,75
18,91,160,47,142,5,96,7,45,48,26,19,32,0,1,11,48,24,54,55,27,43,0,45,57,52,54,92,33,84,12,77,67,81,66,131,44,119,36,109,74,110,77
18,92,163,47,145,4,99,8,47,48,29,18,33,0,2,11,49,23,55,55,29,44,0,45,58,52,55,92,35,84,12,77,69,80,67,131,46,120,37,109,75,110,79
18,92,163,48,145,5,99,8,48,50,29,19,32,0,2,12,51,25,55,57,27,43,0,46,59,53,55,94,34,84,13,77,70,82,67,133,45,120,38,109,75,112,77
18,96,164,50,146,8,98,11,47,52,29,19,33,0,2,12,49,24,55,57,28,44,0,47,58,53,54,94,33,86,12,80,69,83,67,134,43,121,37,111,75,113,78
18,92,162,48,144,6,97,10,47,49,28,20,33,0,2,11,49,24,55,57,28,43,0,45,58,52,55,93,34,84,12,77,68,81,68,132,45,119,37,108,75,109,79
18,91,160,46,142,4,96,7,46,49,26,19,31,0,3,11,49,23,54,55,26,42,0,44,57,51,53,91,32,82,12,75,67,80,66,129,43,117,37,106,74,108,77
18,92,162,48,143,6,96,9,45,50,27,18,35,0,2,11,49,23,54,55,29,44,0,46,58,51,55,92,35,84,11,78,67,81,66,131,45,120,36,109,74,111,77
18,93,159,47,143,4,95,10,44,52,27,19,32,0,2,11,49,24,54,56,27,43,0,45,57,52,54,92,33,83,11,77,67,80,66,131,43,117,36,108,74,110,76
18,93,164,48,146,5,98,8,47,49,28,18,34,0,2,12,49,24,54,55,29,43,0,46,58,52,54,92,34,84,12,77,68,81,67,131,45,119,38,108,76,109,78
18,93,162,47,146,4,98,9,46,51,27,19,30,0,3,12,50,24,54,56,25,42,0,45,58,52,54,93,32,83,13,76,69,81,67,131,43,117,38,107,75,109,77
18,91,163,46,144,4,97,9,46,49,28,17,32,0,2,10,50,22,54,54,27,43,0,44,58,51,54,91,33,84,12,77,68,80,66,130,44,118,38,108,75,110,76
18,93,162,48,144,5,96,9,45,51,28,18,32,0,1,12,49,24,53,55,27,43,0,46,58,52,54,93,33,84,11,78,68,82,66,131,44,119,37,109,75,111,77
18,95,164,50,146,7,98,10,46,51,29,19,33,0,2,13,49,26,54,56,27,44,0,48,59,53,55,94,33,86,12,80,68,83,66,133,43,121,38,111,75,113,77
18,92,162,47,144,4,98,9,46,50,28,18,33,0,2,11,49,24,54,56,27,43,0,45,58,52,54,93,33,84,12,77,68,81,66,132,44,119,37,109,74,111,76
18,93,163,48,146,5,99,9,47,50,28,19,34,0,3,12,50,25,55,56,29,43,0,46,59,53,55,93,34,84,12,77,69,82,67,131,45,118,38,108,76,110,78
18,91,163,46,145,4,97,7,45,49,28,18,34,0,2,11,48,22,54,54,29,43,0,45,58,51,54,91,35,83,12,77,68,80,67,130,46,118,38,107,75,109,78
18,92,162,47,144,4,97,9,45,50,27,17,33,0,1,10,48,22,54,54,29,43,0,45,58,51,54,91,35,84,11,77,67,79,65,130,45,118,36,108,74,109,76
18,94,162,48,145,6,97,10,45,51,27,19,32,0,2,13,49,26,54,56,27,43,0,46,58,53,54,93,34,85,12,78,68,82,66,131,45,119,38,109,75,110,77
18,92,162,46,144,4,96,10,45,52,28,18,32,0,1,11,48,23,53,55,28,43,0,44,58,50,53,92,34,83,11,76,67,80,65,130,45,117,37,106,74,108,76
18,92,163,46,145,4,97,9,46,51,27,18,35,0,2,11,50,23,55,55,30,42,0,44,58,51,54,92,36,83,11,76,68,80,67,131,46,117,36,106,74,109,77
18,92,162,46,144,4,96,7,44,49,26,19,31,0,1,11,48,23,53,55,26,42,0,44,57,50,53,92,33,82,11,76,67,80,65,130,44,117,38,106,75,108,77
18,92,162,47,144,5,97,8,46,49,26,17,34,0,1,10,47,22,54,53,29,43,0,44,57,49,54,91,34,84,10,76,66,78,66,130,45,119,34,107,72,107,77
18,90,162,44,143,2,94,8,43,51,27,17,32,0,0,10,48,22,53,54,28,43,0,43,57,50,54,91,35,83,10,75,67,79,66,130,46,117,35,106,72,108,75
18,95,162,49,145,6,96,9,44,49,27,19,33,0,1,12,48,23,53,55,28,44,0,47,58,52,53,92,33,85,11,79,67,81,65,132,43,120,36,110,74,111,75
18,93,161,47,144,5,96,9,44,50,26,19,31,0,1,11,47,23,53,55,27,43,0,45,57,50,53,92,33,84,11,77,67,80,65,131,44,118,37,108,74,110,76
18,91,162,46,145,4,97,8,44,50,27,17,33,0,1,11,48,23,54,54,29,43,0,44,58,50,54,91,36,84,11,76,67,80,67,130,46,117,37,107,75,109,77
18,93,163,46,145,4,96,8,43,50,28,18,33,0,1,12,48,23,54,55,29,44,0,45,58,51,54,92,35,84,11,77,67,80,66,131,46,119,36,108,74,110,76
18,89,162,45,144,3,97,6,46,47,27,17,35,0,1,10,48,21,54,53,30,43,0,43,58,49,54,90,36,83,11,75,67,78,66,129,46,118,34,107,72,108,77
18,90,162,45,144,3,95,6,43,48,26,18,31,0,1,10,47,23,51,55,27,43,0,44,58,50,53,91,34,82,11,75,67,79,65,129,45,116,36,106,73,108,75
18,93,162,48,145,6,98,9,46,48,27,19,33,0,1,11,48,24,54,56,29,44,0,45,58,52,54,93,35,84,12,77,68,81,67,131,46,119,37,108,75,110,77
18,93,162,48,144,7,98,10,47,48,27,19,34,0,1,12,48,24,55,56,30,43,0,45,58,52,55,93,36,84,11,77,68,81,66,131,46,119,36,108,73,109,77
18,92,161,47,143,5,97,8,46,47,26,18,32,0,1,11,48,24,53,55,28,42,0,44,58,51,54,92,34,82,11,76,67,81,65,130,45,118,37,107,74,109,76
18,92,163,47,145,5,98,9,47,48,28,19,33,0,1,11,49,24,54,56,29,43,0,45,58,52,54,93,36,84,11,77,68,82,67,131,47,119,37,107,75,109,78
18,91,163,46,143,5,98,8,47,46,27,17,35,0,1,10,48,21,56,54,31,43,0,43,57,49,55,91,36,83,10,75,66,79,67,131,47,118,35,106,73,108,79
18,91,161,46,143,4,96,7,44,48,25,18,33,0,0,10,47,22,52,55,29,43,0,44,58,50,54,91,36,83,10,75,67,80,66,129,47,117,35,106,73,108,77
18,92,163,47,144,5,97,8,46,47,27,17,33,0,1,11,48,23,54,54,29,44,0,45,59,50,55,92,35,84,11,77,68,80,66,131,46,119,37,108,75,110,77
18,90,162,46,143,4,98,7,47,46,27,16,33,0,0,10,47,21,54,54,29,43,0,43,57,48,55,91,34,83,10,75,67,78,67,131,45,118,35,107,72,109,76
18,93,163,48,146,6,98,8,47,48,27,20,32,0,1,12,49,25,55,57,28,43,0,45,58,52,55,93,35,84,11,77,69,82,68,132,46,119,38,108,76,110,79
18,93,164,49,147,6,99,10,47,50,27,20,34,0,1,12,49,26,54,57,29,43,0,46,59,53,55,94,36,84,12,78,69,82,68,132,47,119,37,109,76,111,79
18,93,162,47,144,4,98,8,46,48,26,18,33,0,0,11,48,23,53,56,29,43,0,44,58,51,54,93,35,83,10,76,67,81,66,131,45,118,36,107,73,110,76
18,93,163,48,145,5,98,9,47,49,28,19,33,0,2,12,49,25,54,56,28,43,0,45,58,52,54,93,35,83,11,77,68,82,66,132,46,119,37,108,75,110,78
18,93,162,48,143,6,98,9,47,47,27,18,35,0,2,11,48,24,55,55,31,42,0,44,58,51,54,92,36,83,11,76,67,81,66,131,46,118,36,107,73,109,77
18,93,163,47,145,5,98,9,46,48,27,19,34,0,2,12,49,25,54,56,30,43,0,44,58,52,54,93,36,83,11,76,68,82,67,132,47,118,37,107,74,110,76
18,96,162,50,145,7,97,10,45,49,26,21,33,0,1,12,48,24,53,57,29,43,0,46,58,52,54,94,35,84,11,79,68,83,67,133,46,119,38,109,76,112,78
18,93,163,49,145,7,99,10,48,47,26,19,34,0,1,11,48,24,55,56,30,43,0,45,58,52,55,93,36,84,11,77,68,82,68,132,47,119,36,107,75,109,80
18,94,163,48,145,6,98,9,47,48,27,20,34,0,1,12,49,24,54,57,29,44,0,45,59,53,55,94,36,84,11,78,68,83,67,132,46,120,36,109,74,112,77
18,92,163,46,145,4,98,8,46,47,27,18,35,0,2,11,49,23,55,55,31,43,0,44,58,51,55,92,36,83,11,76,68,81,67,131,47,118,36,107,73,110,76
18,94,164,48,147,5,98,9,46,50,28,20,34,0,2,12,49,26,55,57,30,43,0,46,59,52,55,93,36,84,11,77,69,82,68,132,47,118,37,108,76,111,79
18,94,165,48,147,6,99,10,48,50,29,21,33,0,2,12,50,26,56,58,29,43,0,45,59,53,56,95,36,84,12,77,70,83,69,133,47,120,39,108,77,111,81
18,94,164,49,144,7,98,10,47,48,28,19,34,0,2,12,49,24,54,57,30,44,0,46,58,52,54,94,36,85,12,78,68,83,66,133,47,120,37,110,74,112,76
18,91,162,46,143,4,97,9,47,47,27,18,35,0,1,10,48,22,55,55,31,42,0,43,58,50,55,92,36,83,10,76,67,80,66,131,47,118,36,107,73,109,77
18,94,163,48,144,6,97,9,45,50,27,20,34,0,1,12,48,25,54,57,30,44,0,46,58,52,54,94,36,85,11,78,67,82,66,132,47,119,37,109,74,111,78
18,93,163,48,144,6,98,9,47,47,27,19,33,0,2,12,49,25,55,56,29,43,0,45,59,52,55,93,36,83,11,77,68,82,67,132,46,119,37,108,75,111,78
18,91,163,46,144,5,98,9,47,47,28,18,34,0,2,10,49,22,55,55,30,42,0,43,58,50,54,92,36,82,11,75,68,80,67,131,46,117,37,107,74,110,77
18,94,164,49,145,7,98,10,48,49,28,20,34,0,2,12,49,25,55,57,29,43,0,45,58,53,54,94,35,83,11,77,68,83,66,133,46,118,37,108,74,112,77
18,93,162,48,145,6,98,10,47,49,27,19,33,0,1,12,48,24,54,56,28,43,0,45,58,52,55,93,35,84,11,77,68,82,67,131,46,118,37,107,75,109,78
18,92,161,47,142,5,95,9,44,49,26,19,32,0,2,11,48,23,54,56,28,43,0,44,57,51,54,92,33,83,10,76,66,80,65,131,44,118,36,107,74,109,77
18,94,162,50,144,8,98,11,47,49,27,19,34,0,1,12,48,24,54,56,29,44,0,46,57,52,54,94,36,85,11,79,67,82,66,133,46,121,36,111,75,112,79
18,92,163,47,144,5,97,8,47,47,27,17,34,0,1,11,48,22,55,54,29,43,0,44,58,49,54,91,34,83,11,76,67,79,66,131,45,118,36,107,74,108,77
18,93,162,48,144,6,98,9,47,48,27,19,33,0,1,12,48,24,54,56,29,43,0,45,58,52,55,93,35,84,11,77,68,81,66,132,45,119,37,109,75,110,77
18,94,163,48,145,5,97,9,45,50,27,19,33,0,0,11,48,22,54,56,29,44,0,45,58,51,54,93,35,85,11,78,67,81,66,132,46,120,38,109,75,111,77
18,95,163,49,146,6,98,11,46,51,28,20,33,0,1,12,49,26,54,57,29,44,0,46,58,53,55,94,35,85,11,78,68,83,67,133,46,120,37,109,75,112,78
18,93,165,47,147,4,99,8,47,48,28,18,33,0,2,10,50,22,55,56,29,43,0,44,59,51,55,93,35,83,12,77,69,81,67,132,46,119,38,108,76,111,77
18,93,164,46,146,3,98,8,46,50,28,19,32,0,2,11,50,24,54,57,28,43,0,45,59,52,54,94,34,84,11,77,68,82,66,132,45,119,37,108,75,111,77
18,92,164,47,145,5,97,9,46,50,28,20,32,0,1,12,49,25,54,58,29,43,0,44,58,53,54,95,36,84,11,77,67,82,67,133,47,119,36,107,74,110,77
18,96,164,51,147,7,99,11,47,50,28,21,33,0,2,13,50,26,55,58,29,44,0,47,59,54,55,95,35,85,12,80,69,84,67,134,46,121,37,111,76,114,79
18,94,164,48,145,6,98,10,47,49,28,20,33,0,2,12,50,25,55,57,28,43,0,45,59,52,54,94,35,83,11,77,68,83,66,133,45,119,37,108,75,111,77
18,93,163,48,145,6,98,10,47,49,27,19,33,0,1,12,49,25,55,56,29,43,0,45,58,52,55,93,35,84,10,77,68,82,67,132,46,119,36,108,75,111,78
18,94,162,49,144,6,97,8,45,48,26,19,34,0,1,12,48,24,54,56,30,43,0,46,58,52,54,93,35,83,10,78,66,82,65,132,45,119,35,109,73,112,76
18,94,164,49,146,6,97,9,45,50,27,19,35,0,1,12,49,24,54,56,30,44,0,46,58,52,54,93,35,84,11,78,68,82,66,133,45,120,36,110,74,111,77
18,93,163,47,145,5,96,9,44,50,26,19,31,0,1,11,49,24,54,56,27,44,0,45,59,52,54,93,33,84,11,78,68,82,66,132,44,120,36,109,75,111,77
18,95,164,50,146,7,99,11,48,50,28,18,34,0,1,13,48,25,55,56,29,44,0,47,58,53,55,94,34,86,12,80,69,83,68,133,45,122,37,112,76,113,78
18,95,164,50,146,7,97,12,45,52,28,19,33,0,1,13,49,26,54,57,28,44,0,47,59,53,55,95,34,86,12,80,69,83,67,134,45,122,38,111,76,113,78
18,92,164,47,144,5,97,10,46,50,27,18,33,0,0,11,48,24,54,56,29,43,0,45,58,52,54,94,35,85,11,78,68,82,67,133,46,120,37,110,74,113,77
18,94,163,49,145,6,98,10,46,50,27,19,32,0,1,12,49,25,54,56,28,44,0,47,59,53,54,93,34,86,12,79,69,82,67,132,45,121,37,110,76,111,78
18,93,163,49,147,7,99,9,47,47,25,19,33,0,2,11,48,23,55,55,28,44,0,46,58,51,55,92,34,85,11,78,68,80,67,131,45,120,35,109,75,108,79
18,93,162,48,143,7,97,11,47,49,27,18,31,0,1,12,49,26,55,56,27,43,0,46,58,53,54,93,33,84,11,78,67,82,66,132,44,120,37,109,75,111,77
18,92,162,47,144,6,97,10,47,48,26,17,33,0,0,11,48,23,55,54,29,43,0,45,58,50,54,91,34,85,10,78,66,80,66,130,45,120,35,109,73,110,77
18,89,161,44,142,3,94,8,43,49,24,15,34,0,1,9,47,20,53,52,29,42,0,43,56,47,53,89,34,83,10,75,65,76,65,128,44,117,35,105,73,106,77
18,92,161,48,144,6,96,10,43,50,24,18,32,0,1,12,47,24,52,54,28,44,0,46,57,51,53,91,34,85,11,78,67,80,66,130,44,120,35,109,73,109,76
18,93,163,47,145,5,96,9,44,51,27,17,32,0,1,11,48,22,54,54,28,44,0,45,58,51,54,92,34,85,11,77,68,81,66,131,45,120,36,108,74,109,77
18,93,164,47,146,4,96,9,44,51,27,17,32,0,2,12,49,25,55,54,27,43,0,46,58,52,54,91,34,84,12,78,69,81,67,130,45,119,38,108,75,110,77
18,95,165,48,148,5,99,10,46,50,27,19,35,0,2,12,50,26,55,56,30,43,0,46,60,52,56,93,36,85,10,78,68,83,67,132,46,120,36,108,75,111,78
18,92,165,46,146,5,96,10,44,50,26,18,32,0,1,12,49,24,54,55,28,44,0,45,58,51,54,93,34,85,11,78,68,81,66,132,45,120,37,109,75,111,76
18,92,165,47,147,5,98,9,46,49,27,17,34,0,2,11,50,24,55,55,29,43,0,45,59,51,55,92,36,84,12,77,68,81,67,131,47,119,38,108,75,110,77
18,91,165,46,147,3,96,9,44,51,27,17,33,0,2,11,49,23,54,54,29,43,0,44,58,50,54,92,35,84,12,76,68,79,66,131,46,119,37,107,75,108,77
18,93,165,48,146,7,98,11,46,49,26,18,33,0,2,12,49,25,54,56,29,44,0,46,59,53,55,93,35,85,12,78,69,82,67,132,46,120,38,109,75,110,78
18,93,165,47,147,6,98,10,45,50,28,17,34,0,1,12,49,24,55,54,29,43,0,45,58,51,54,92,36,85,12,78,68,80,66,131,46,119,37,108,75,110,77
18,93,166,48,148,7,99,11,46,50,27,19,34,0,2,12,49,26,55,56,30,43,0,45,59,52,55,93,36,85,12,77,69,81,68,132,47,119,37,108,75,109,78
18,95,164,49,147,7,98,11,45,50,26,19,33,0,1,13,49,25,55,56,29,45,0,47,59,52,55,93,35,85,11,79,67,82,66,132,45,120,36,109,74,111,77
18,94,164,48,145,6,96,10,43,50,26,18,34,0,1,12,48,24,54,55,29,44,0,46,58,51,54,92,35,85,9,78,66,82,65,131,45,119,35,109,73,110,76
18,93,165,48,146,6,97,10,44,50,26,18,34,0,0,12,48,24,54,55,29,44,0,46,58,51,54,92,35,85,10,78,67,81,65,132,45,120,34,109,73,110,76
18,91,166,47,147,5,98,9,45,50,26,18,33,0,1,11,48,24,54,55,29,44,0,45,58,51,54,93,35,85,11,77,68,81,67,132,47,119,36,107,74,108,78
18,93,164,47,146,5,97,10,44,51,26,18,33,0,1,12,48,24,53,55,28,44,0,46,58,51,54,92,34,86,11,78,67,80,65,131,45,120,36,108,74,108,77
18,92,166,47,146,5,98,10,46,50,27,19,35,0,1,11,48,25,54,56,30,44,0,45,59,52,55,93,37,85,11,77,69,82,67,132,47,119,37,108,75,110,77
18,92,167,47,148,5,99,9,47,49,28,17,35,0,1,11,49,23,55,54,31,44,0,45,59,50,55,92,37,85,11,77,69,80,68,131,48,119,36,108,74,108,78
18,92,164,46,146,5,98,9,45,49,27,17,34,0,1,11,48,23,53,54,30,44,0,45,59,50,54,91,36,85,11,77,68,79,66,130,47,119,36,107,74,108,77
18,90,164,45,146,5,98,9,46,48,27,17,34,0,2,10,49,22,55,53,30,43,0,43,59,49,55,90,36,83,12,75,69,77,68,129,47,118,37,106,75,106,79
18,92,162,47,144,6,97,10,45,49,26,17,33,0,1,11,48,23,54,54,28,43,0,45,57,50,53,91,34,84,10,77,67,80,65,130,44,118,36,107,74,108,76
18,93,160,47,143,6,95,10,43,50,26,17,34,0,1,11,46,23,52,54,29,44,0,45,56,50,52,90,34,84,10,77,65,79,63,129,44,119,34,107,70,108,73
18,93,161,47,144,6,96,11,44,49,25,17,33,0,1,12,48,24,53,54,29,43,0,45,57,51,53,91,35,84,10,77,66,80,65,129,44,118,35,107,72,108,75
18,93,162,47,144,6,96,9,44,50,26,17,33,0,2,12,48,24,55,54,28,43,0,46,58,51,54,90,34,84,11,78,66,80,65,129,44,118,36,107,73,108,75
18,90,162,46,143,5,96,8,44,49,26,17,32,0,2,11,48,23,53,54,28,43,0,45,57,50,53,91,34,84,11,77,67,79,65,130,45,118,37,107,73,108,76
18,92,163,47,144,6,97,11,46,49,27,17,34,0,1,12,48,24,54,54,30,44,0,45,57,51,54,92,36,85,10,77,66,81,66,131,46,119,36,108,73,110,76
18,91,163,46,145,5,97,9,45,49,26,17,34,0,2,11,48,23,54,53,30,43,0,45,58,50,54,90,35,84,10,76,67,78,66,129,45,117,35,106,72,107,76
18,92,162,46,144,5,96,9,44,49,27,17,34,0,1,11,48,23,53,54,29,43,0,45,58,50,54,91,35,84,11,76,66,79,65,129,45,118,36,107,73,108,75
18,92,162,47,145,5,96,10,43,51,26,18,32,0,0,12,47,24,53,54,28,44,0,46,57,51,53,91,34,84,10,77,67,79,65,130,44,118,35,107,73,108,76
18,93,163,48,145,6,97,10,45,50,26,19,33,0,1,12,48,25,53,56,29,44,0,46,58,52,54,93,35,84,10,77,67,81,65,131,45,119,35,108,72,109,76
18,92,163,47,145,5,97,10,45,50,27,18,35,0,1,11,48,24,54,55,31,43,0,45,58,51,54,92,36,84,10,76,67,80,66,130,46,118,35,106,73,108,77
18,92,164,48,145,7,99,9,48,47,27,18,36,0,2,12,49,25,56,55,31,43,0,45,58,51,55,92,37,84,11,77,67,80,67,131,47,118,36,107,74,109,78
18,90,161,46,143,6,97,9,46,48,26,17,34,0,1,10,48,22,54,54,30,43,0,44,57,50,54,91,36,83,11,75,67,79,67,130,47,118,35,106,73,107,77
18,94,162,48,143,7,95,11,45,49,26,19,34,0,1,12,47,25,54,56,30,43,0,46,56,52,53,93,36,83,11,78,67,82,65,132,46,118,36,109,74,112,77
18,94,163,48,144,7,97,10,46,48,27,19,36,0,2,12,49,25,55,56,31,43,0,46,58,52,55,93,36,83,10,77,66,82,66,131,46,118,36,107,73,110,76
18,93,162,48,144,7,96,10,45,48,26,19,34,0,1,13,48,26,53,55,29,42,0,45,57,52,53,92,35,83,10,77,66,81,65,130,45,117,36,107,73,108,77
18,93,163,48,144,7,98,10,47,48,27,19,34,0,2,12,49,25,54,56,30,43,0,46,58,52,54,93,36,84,10,77,67,81,65,131,46,119,36,108,73,109,76
18,94,163,49,145,7,97,10,46,48,26,20,33,0,1,12,49,25,54,57,29,42,0,45,57,52,53,93,35,82,10,77,67,82,65,132,46,118,36,107,74,110,77
18,94,162,48,144,7,97,10,46,48,26,19,33,0,0,12,47,25,53,56,29,44,0,47,58,53,55,93,36,85,12,78,68,82,67,131,46,120,37,109,74,110,77
18,93,163,48,145,6,98,10,46,48,26,18,34,0,1,11,48,24,54,56,29,43,0,45,58,51,54,93,35,84,10,77,67,82,65,131,45,118,36,108,74,111,76
18,94,163,49,146,7,98,11,46,47,27,19,35,0,0,12,47,25,54,56,30,43,0,46,58,52,55,93,36,84,10,78,67,83,66,132,46,119,35,109,73,111,77
18,93,163,48,145,7,98,10,48,47,27,18,33,0,1,12,49,24,55,55,29,43,0,46,59,51,55,93,35,84,12,78,68,82,67,131,46,119,38,109,76,110,78
19,77,161,36,150,0,114,1,72,20,48,16,54,10,14,7,1,9,0,49,55,44,28,42,76,43,85,81,61,79,38,71,83,70,90,114,71,109,56,99,86,97,94
19,75,162,35,149,0,114,0,72,15,45,15,52,9,10,7,0,10,6,48,54,43,27,42,75,43,86,80,60,79,38,71,82,70,90,114,71,109,55,99,85,95,93
19,76,159,35,148,0,113,0,71,16,45,15,48,9,5,8,0,12,12,48,51,43,25,42,74,43,83,80,58,78,37,71,80,70,86,114,67,109,54,99,84,97,90
19,76,166,35,154,0,115,1,69,16,41,16,50,8,0,10,4,16,23,49,55,43,29,43,82,44,89,80,62,79,42,72,89,69,94,113,72,110,59,99,92,94,100
19,77,165,36,153,1,116,0,73,14,45,17,50,9,0,10,4,17,23,50,55,43,28,44,81,45,88,81,62,78,41,72,88,70,92,113,72,109,58,99,91,95,98
19,76,167,35,154,0,114,2,69,19,43,17,51,9,0,10,5,16,25,49,55,43,30,43,82,45,91,81,63,79,43,71,89,69,95,114,74,110,60,99,93,93,101
19,76,170,35,157,0,117,2,72,20,47,16,54,8,0,10,10,15,34,49,59,43,33,44,86,44,94,81,66,79,46,72,93,69,99,114,76,110,62,100,95,94,104
19,76,164,36,150,0,113,0,70,15,43,16,48,10,2,10,0,16,13,49,53,44,27,44,78,45,85,81,60,79,40,73,86,70,89,114,70,110,57,100,89,96,96
19,77,165,35,153,0,112,3,66,22,42,16,50,9,0,10,3,16,21,49,54,45,28,44,80,43,89,81,62,79,41,72,88,68,95,113,72,110,59,99,91,93,100
19,76,166,35,154,0,114,2,69,19,44,16,51,10,0,11,4,16,23,49,56,45,30,44,82,44,91,80,63,80,42,72,89,68,96,113,73,110,59,99,92,93,101
19,76,166,34,153,0,114,3,69,21,44,16,50,10,0,10,5,15,26,49,55,44,30,44,81,44,89,81,63,79,42,71,88,69,94,114,73,110,60,99,92,94,100
19,76,166,34,153,0,115,1,70,17,44,16,51,10,0,10,5,15,26,49,56,43,30,43,81,44,89,80,63,79,44,71,88,69,94,113,74,109,61,98,92,93,100
19,76,164,35,149,0,112,0,69,16,42,16,48,9,2,10,0,15,14,49,53,42,26,43,78,45,85,81,60,79,38,72,84,70,89,114,71,110,56,99,88,95,96
19,76,162,36,149,0,111,1,67,20,41,16,48,10,2,9,0,13,12,50,51,44,25,44,76,45,84,83,58,81,37,73,82,71,88,116,69,112,54,101,84,97,92
19,76,164,35,151,0,111,2,66,20,42,17,49,9,0,10,2,16,20,49,54,44,27,44,79,45,87,81,61,79,40,72,86,69,93,114,71,110,57,99,89,94,98
19,76,162,36,149,0,110,2,65,21,40,16,47,10,1,10,0,15,11,50,51,44,25,44,76,45,84,82,58,80,37,73,83,71,88,115,69,112,55,101,86,97,94
19,77,166,36,153,0,113,2,68,21,43,16,50,9,0,10,3,15,22,49,54,44,28,43,81,43,88,81,62,79,41,72,88,68,93,114,72,111,58,99,91,94,99
19,76,164,36,151,0,113,1,69,16,42,16,48,10,0,11,1,16,17,49,53,44,27,44,79,45,86,81,60,80,40,72,86,70,90,114,71,111,57,101,88,96,95
19,77,165,36,152,0,114,1,69,16,42,17,49,10,0,11,2,16,19,50,54,44,28,43,80,45,87,82,61,79,40,72,86,70,91,115,71,111,58,100,89,96,97
19,77,164,36,151,0,113,1,68,17,42,17,49,10,0,11,1,16,19,50,53,43,27,44,79,45,87,82,61,79,40,72,86,70,92,115,72,110,58,100,90,96,98
19,77,163,37,150,0,112,0,68,16,41,17,48,9,0,10,1,16,16,50,53,43,27,44,79,45,85,82,60,79,39,73,85,70,90,114,70,110,56,100,88,95,96
19,76,164,35,151,0,112,1,67,17,41,16,49,10,2,10,0,15,16,49,53,44,26,44,78,45,87,81,60,79,40,72,86,69,92,114,71,110,57,100,89,95,97
19,77,163,36,150,0,112,0,68,17,39,17,50,12,8,9,0,10,4,50,53,43,25,42,75,45,84,82,60,79,37,71,83,71,90,115,70,110,54,99,85,96,94
19,79,161,37,150,0,112,2,67,20,40,17,50,11,9,9,0,13,3,51,53,45,25,44,75,45,81,83,59,81,36,73,83,71,88,116,69,112,54,101,85,97,93
19,78,166,37,154,0,115,2,72,20,47,17,57,11,18,8,4,11,0,51,58,45,29,44,78,47,89,83,64,81,40,73,85,73,94,117,74,112,57,102,87,99,97
19,76,161,36,150,0,115,1,72,19,46,14,52,8,12,6,0,9,2,48,54,43,27,42,76,43,83,80,59,79,37,72,81,70,87,114,69,110,55,100,85,97,92
19,77,162,36,149,0,111,1,67,21,40,15,51,11,9,8,0,11,2,49,53,44,25,44,75,46,83,82,59,80,36,72,82,71,88,115,69,111,53,100,84,97,93
19,75,163,36,150,0,113,0,69,18,42,13,50,9,6,7,0,10,7,47,53,43,26,42,76,43,84,80,59,79,38,71,83,69,89,113,70,111,56,99,87,95,95
19,76,164,37,152,0,114,2,70,20,43,14,51,9,6,9,0,13,4,48,53,44,28,44,79,44,86,82,60,81,39,74,87,69,91,115,71,113,57,102,89,96,97
19,76,169,36,157,0,118,6,74,28,51,14,51,9,0,11,7,16,28,49,55,46,32,45,86,43,92,82,63,83,47,74,95,69,96,116,74,114,64,103,97,96,103
19,75,171,35,157,0,120,5,79,25,56,15,52,8,0,10,7,14,29,49,57,45,33,43,86,41,94,82,65,82,47,73,94,69,99,116,76,114,65,102,97,96,104
19,75,170,35,158,0,119,6,77,28,54,15,52,8,0,9,9,14,32,49,57,44,34,43,87,42,93,82,64,81,47,72,94,69,98,116,75,112,64,101,97,95,105
19,75,171,35,158,0,121,5,78,25,56,15,52,8,0,10,11,14,36,49,58,44,35,43,88,43,94,82,66,81,49,72,96,68,100,115,77,112,65,101,98,94,105
19,75,172,34,159,0,121,5,79,26,56,14,53,7,0,9,12,14,36,49,58,43,35,43,89,42,96,81,66,80,49,72,96,68,101,115,77,112,65,100,99,93,107
19,76,170,35,156,0,118,6,75,27,52,15,51,9,0,10,6,14,27,49,56,44,32,44,86,43,93,82,63,82,46,74,93,69,97,116,74,114,62,102,95,95,103
19,76,171,35,158,0,119,6,76,27,53,16,53,9,0,10,10,14,33,50,57,44,34,44,88,44,94,82,65,81,47,74,94,70,98,116,76,113,63,102,97,96,105
19,76,171,35,158,0,120,4,77,24,54,15,52,9,0,10,10,14,32,49,57,45,34,45,88,43,94,82,65,82,48,74,95,69,100,115,76,113,64,102,98,96,105
19,77,170,35,157,0,117,6,73,27,50,16,51,11,0,11,6,15,26,50,56,45,32,44,85,44,92,83,64,81,45,73,93,69,98,116,74,113,61,102,95,96,104
19,77,168,36,155,0,115,7,71,29,48,16,50,11,0,12,4,15,24,50,54,46,31,46,84,45,90,83,61,83,44,75,91,70,95,117,72,115,61,103,94,96,102
19,75,172,35,159,0,120,6,76,25,52,15,53,10,0,11,10,14,34,50,58,45,34,44,88,44,96,83,66,82,49,73,96,69,102,116,77,114,65,101,99,94,107
19,75,170,35,156,0,118,5,75,23,51,15,52,9,0,10,7,15,29,49,56,44,32,44,85,43,94,82,64,81,46,73,93,69,99,116,75,114,63,102,97,94,105
19,75,169,34,156,0,117,5,73,21,48,16,52,11,0,12,7,16,29,50,57,45,33,44,86,44,94,82,65,81,46,73,94,69,100,116,76,113,62,101,96,95,105
19,75,169,34,155,0,117,5,75,23,51,15,51,10,0,11,6,14,27,50,55,44,32,43,84,43,93,82,63,81,45,73,92,69,98,116,75,113,62,101,96,95,104
19,75,170,35,157,0,119,4,75,23,51,15,52,9,0,11,11,15,36,49,57,44,34,44,87,44,94,82,65,81,48,73,95,69,100,115,76,112,64,101,98,94,106
19,75,168,34,153,0,115,5,72,22,47,15,51,9,0,10,3,14,23,49,54,44,31,43,83,42,93,82,62,81,44,72,90,68,97,115,73,112,60,100,93,93,102
19,75,169,35,157,0,118,4,75,24,51,15,52,9,0,10,10,15,33,49,57,44,33,43,87,43,95,82,65,81,47,72,94,68,100,114,76,111,63,100,97,94,105
19,77,167,36,155,0,116,6,71,27,47,16,51,10,0,11,7,16,27,50,55,45,31,45,84,44,91,82,63,82,44,74,91,69,96,116,73,113,60,102,94,96,102
19,76,171,36,159,0,120,6,75,27,51,16,53,9,0,11,11,15,36,50,58,46,35,45,89,43,95,82,66,82,48,74,96,68,101,115,77,113,64,102,98,95,107
19,77,171,36,159,0,119,7,76,30,55,17,54,9,0,11,12,15,35,51,59,45,36,45,88,43,95,83,67,82,48,73,95,69,100,116,78,114,64,102,97,96,106
19,77,170,36,157,0,118,5,75,26,52,17,52,9,0,10,9,15,30,50,57,44,33,44,86,44,93,83,64,81,46,73,93,70,98,116,75,113,62,102,95,96,104
19,76,170,35,158,0,119,4,75,24,51,16,52,9,0,11,10,15,33,50,58,45,34,45,87,42,93,82,65,81,46,73,94,67,99,114,76,113,62,101,96,94,105
19,77,170,36,157,0,117,6,73,27,51,17,52,11,0,12,9,15,33,51,57,45,34,45,86,44,95,83,65,82,46,74,94,69,100,116,76,113,63,102,97,95,106
19,77,170,36,157,0,117,4,71,24,47,17,52,10,0,11,8,16,28,51,57,46,33,45,86,44,93,83,65,82,45,74,94,69,99,116,75,113,61,102,96,95,105
19,77,169,35,155,0,115,6,72,27,48,16,52,10,0,11,7,15,28,50,56,45,33,45,85,43,93,82,63,82,45,74,92,68,98,115,74,113,60,102,94,94,104
19,75,168,34,155,0,117,4,74,23,51,15,51,9,0,10,8,14,31,49,57,44,33,43,85,42,93,81,64,80,46,73,92,68,98,114,75,111,62,101,95,94,104
19,78,168,37,155,0,116,3,72,22,49,17,50,11,0,11,7,15,27,51,55,45,31,45,84,44,91,83,62,82,45,75,92,71,96,116,73,113,61,103,94,97,102
19,75,168,35,155,0,118,4,76,23,53,15,51,8,0,9,8,14,30,49,55,44,32,43,85,43,92,82,63,81,45,73,92,69,96,115,73,112,61,101,94,95,102
19,75,168,35,154,0,117,5,75,25,52,15,50,8,0,9,8,13,30,49,55,43,32,43,84,42,91,82,62,80,45,72,92,68,96,115,73,112,61,100,94,94,101
19,76,169,35,155,0,118,5,76,25,53,16,52,9,0,10,8,13,30,50,56,43,33,42,85,42,93,82,63,80,46,72,92,68,98,116,74,112,61,101,95,94,103
19,76,169,35,156,0,116,4,72,23,48,17,51,10,0,11,7,15,27,50,56,45,32,44,85,43,92,82,64,81,45,73,92,68,97,115,74,112,60,101,94,95,103
19,76,169,35,156,0,116,5,73,26,49,17,51,10,0,11,7,15,28,50,56,45,32,43,85,42,92,82,64,81,45,73,92,68,98,115,75,112,61,101,95,95,104
19,76,167,35,152,0,115,2,73,19,48,16,50,10,0,10,4,13,22,50,55,43,29,42,81,42,91,82,62,80,42,72,89,69,96,115,73,112,59,100,92,94,101
19,77,165,37,153,0,114,2,69,20,43,15,48,10,0,10,1,15,18,49,52,45,27,44,81,44,88,82,60,81,41,73,89,69,94,116,71,113,58,101,92,95,100
19,76,171,36,158,0,120,4,76,24,52,16,52,9,0,10,11,14,35,50,57,44,34,44,88,43,95,82,65,81,47,73,95,68,100,115,76,112,63,101,98,95,106
19,75,171,35,158,0,120,4,77,24,53,16,52,9,0,10,9,15,33,50,58,44,34,43,87,42,95,82,66,80,47,72,95,68,101,115,77,112,63,101,97,94,106
19,75,170,35,157,0,119,6,76,27,54,16,52,9,0,10,10,14,34,50,57,44,34,43,87,42,95,82,65,81,48,72,94,67,100,115,76,113,64,100,97,92,105
19,76,169,35,156,0,117,6,73,27,51,16,51,10,0,11,9,15,32,50,56,44,32,43,85,43,94,83,63,81,46,72,93,68,99,116,75,113,62,101,96,94,104
19,75,171,35,158,0,120,5,77,26,54,16,52,8,0,10,14,14,38,50,58,44,36,43,89,42,94,82,66,80,48,72,96,68,100,115,77,112,65,100,98,94,106
19,76,169,35,156,0,117,6,73,28,50,16,51,8,0,10,10,15,33,49,56,44,33,43,86,42,93,82,64,81,46,72,93,68,98,115,74,112,62,101,95,94,103
19,75,170,34,156,0,118,4,77,23,55,16,51,9,0,9,8,13,32,50,56,44,33,42,85,41,95,82,65,81,47,73,93,68,100,116,76,113,64,101,96,94,105
19,75,170,34,157,0,119,3,76,20,52,16,52,8,0,10,12,15,37,49,58,44,34,43,88,42,95,82,66,80,48,72,95,68,100,115,77,112,64,100,97,94,106
19,76,171,35,158,0,118,5,74,25,51,16,52,9,0,10,11,14,35,50,57,44,34,44,87,43,94,82,65,81,48,73,95,69,100,115,75,113,63,101,96,95,104
19,76,169,36,155,0,117,5,74,24,51,16,51,10,0,10,7,13,29,50,56,43,31,43,85,43,94,83,63,80,45,72,92,69,98,116,74,113,61,101,94,95,103
19,76,171,35,157,0,119,3,76,22,52,15,52,8,0,9,10,13,32,49,57,43,33,42,87,41,93,81,65,80,47,72,94,67,99,115,76,112,63,100,97,93,105
19,77,170,36,157,0,119,4,76,25,54,16,52,9,0,10,8,14,31,50,57,45,33,44,87,42,94,82,64,82,47,74,94,69,98,116,75,114,64,102,97,96,104
19,74,171,34,157,0,119,5,77,23,54,15,52,7,0,9,11,14,34,49,57,43,34,42,87,41,94,81,65,80,48,71,94,68,99,115,76,111,64,99,97,93,105
19,74,169,34,155,0,118,5,77,24,55,15,51,8,0,9,7,14,28,49,56,43,32,41,85,41,94,81,64,80,46,71,92,67,99,115,75,112,62,100,95,94,103
19,75,168,34,154,0,116,5,74,22,50,15,51,8,0,9,7,13,28,48,55,42,31,41,84,41,94,81,63,80,45,71,92,67,100,114,74,111,61,99,95,92,104
19,75,168,33,155,0,116,5,74,24,51,14,51,7,0,8,10,13,34,48,56,43,33,42,85,41,94,81,64,80,47,71,93,67,99,114,75,111,62,99,95,93,104
19,75,169,34,156,0,116,6,72,27,49,15,52,9,0,10,10,14,34,50,56,43,33,43,87,43,96,82,65,80,46,72,94,68,102,115,76,111,62,100,96,94,106
19,75,170,35,157,0,117,5,73,25,50,16,53,9,0,10,12,14,36,50,57,43,34,43,87,43,95,82,65,80,47,72,94,69,101,115,76,112,63,100,97,95,106
19,75,170,35,158,0,117,6,72,28,49,16,52,9,0,10,11,14,34,50,57,44,34,43,87,43,93,83,65,81,47,73,94,69,99,116,76,112,63,101,96,95,104
19,75,171,35,158,0,119,4,75,24,52,16,52,9,0,10,12,15,37,50,58,45,35,44,88,44,94,82,66,82,49,74,95,69,99,115,77,113,64,101,97,94,105
19,76,169,35,156,0,117,5,72,24,48,16,51,9,0,10,7,15,28,50,56,43,32,43,85,43,93,82,63,81,45,73,93,69,99,116,74,113,61,101,95,95,104
19,76,169,35,155,0,117,4,76,22,54,17,51,9,0,9,7,13,28,50,56,44,31,42,84,42,94,83,64,81,45,72,92,68,99,117,75,113,62,101,95,94,103
19,75,168,35,155,0,116,5,73,23,49,15,51,8,0,9,7,14,28,48,55,43,31,42,84,42,93,81,62,80,45,72,92,67,98,115,73,112,60,100,94,93,102
19,74,170,34,157,0,119,4,76,22,53,15,52,7,0,9,11,14,34,48,57,43,33,42,87,41,94,81,65,80,47,71,94,66,99,114,76,111,64,99,97,92,104
19,75,170,35,157,0,119,4,76,23,52,15,52,7,0,8,13,13,37,49,57,42,34,42,88,41,93,81,65,79,47,71,94,67,99,114,76,111,63,99,97,93,104
19,75,170,35,158,0,119,4,74,23,50,15,52,7,0,9,12,13,36,48,56,42,34,42,87,41,93,81,64,79,47,71,94,66,99,114,75,110,64,98,97,92,105
19,75,169,34,156,0,117,5,72,25,48,14,51,6,0,8,8,13,30,48,55,43,32,42,84,40,91,81,63,80,45,71,92,66,96,114,74,111,61,100,95,93,103
19,76,169,35,155,0,116,6,73,25,48,16,50,9,0,10,8,14,28,49,55,43,31,43,84,42,91,82,62,81,45,72,92,68,97,115,73,112,60,101,94,94,102
19,76,168,35,156,0,116,4,70,23,46,15,51,7,0,9,10,14,33,49,56,43,32,43,86,43,93,81,64,80,46,72,93,68,99,114,75,112,61,101,95,94,104
19,75,170,35,158,0,117,5,72,25,48,15,52,8,0,10,11,15,35,49,57,44,34,44,88,43,94,81,65,81,47,73,95,68,100,114,76,112,63,101,97,94,106
19,76,171,35,157,0,118,5,73,25,50,17,52,8,0,10,8,15,31,50,57,45,34,45,86,44,94,82,64,81,46,73,93,69,100,115,75,113,61,101,96,94,105
19,75,170,35,158,0,119,4,75,23,51,15,53,7,0,9,10,13,34,49,57,43,34,43,87,43,94,81,65,80,47,73,94,68,99,114,76,112,63,101,97,94,105
19,76,169,36,155,0,118,4,75,23,52,16,52,8,0,9,8,13,30,49,56,44,32,43,85,42,92,82,64,81,45,73,92,68,98,115,75,113,61,101,94,93,103
19,75,170,35,158,0,119,3,76,22,53,16,53,9,0,10,12,14,36,49,58,44,34,44,87,43,95,81,66,81,48,73,95,68,100,114,77,112,64,101,98,94,106
19,75,169,35,155,0,118,4,76,23,54,16,51,9,0,10,8,14,31,49,56,44,33,43,85,42,93,82,64,81,46,72,93,68,99,115,76,112,62,100,95,94,104
19,75,169,34,156,0,118,4,76,22,52,16,52,8,0,9,8,14,31,50,56,44,32,43,85,42,94,82,64,81,46,73,92,69,98,116,75,113,62,101,95,95,103
19,76,170,36,158,0,119,5,75,27,52,16,53,7,0,9,11,14,35,49,57,43,34,43,87,42,93,82,64,80,47,72,94,68,98,115,75,112,63,100,96,94,104
19,76,168,35,155,0,116,3,71,21,46,15,52,8,0,10,8,15,30,49,56,44,32,44,85,44,93,81,64,80,45,73,92,69,98,115,74,112,61,101,95,95,103
19,77,168,36,155,0,116,4,72,24,49,16,51,8,0,10,8,14,30,50,56,44,32,44,84,44,91,82,63,80,45,73,92,69,97,115,74,112,61,101,94,95,103
19,76,168,36,155,0,116,5,72,24,48,15,50,9,0,10,7,14,29,49,55,44,31,44,83,43,90,82,62,81,45,73,91,68,96,115,73,113,60,101,93,94,101
19,77,170,36,158,0,118,5,73,25,48,16,53,9,0,10,10,15,33,50,58,45,34,44,87,43,94,82,65,81,47,73,94,69,99,115,75,112,62,101,96,95,105
19,75,171,35,159,0,119,5,75,27,51,16,53,8,0,9,12,15,36,50,59,44,35,44,88,43,94,82,66,80,47,72,95,68,100,115,77,112,63,100,97,94,106
19,75,166,34,153,0,114,5,72,26,49,15,50,9,0,10,5,14,26,49,55,44,30,43,83,43,92,82,62,80,44,72,90,68,97,115,73,112,60,101,93,94,102
19,74,172,34,158,0,121,4,79,23,57,14,53,7,0,8,11,12,36,48,58,44,35,42,88,40,95,81,66,81,49,72,95,66,100,114,77,112,65,100,98,93,106
19,74,169,34,155,0,118,2,77,19,53,15,52,8,0,9,5,13,26,49,56,43,31,42,84,40,94,82,64,80,44,72,91,67,99,115,75,112,61,100,94,93,103
19,75,168,35,156,0,116,3,71,20,45,15,51,9,0,10,6,15,27,49,56,44,31,44,85,43,94,82,64,79,45,71,93,67,101,115,75,111,60,99,95,93,105
19,75,168,34,155,0,117,4,73,23,48,14,51,9,0,9,7,13,30,48,56,44,32,43,85,42,93,81,63,80,46,72,92,68,98,114,74,112,61,100,95,93,103
19,75,170,35,157,0,118,4,74,24,51,16,53,8,0,9,10,14,34,49,58,44,34,43,86,42,95,82,66,81,47,72,94,68,101,116,77,113,63,101,96,94,106
19,74,168,34,154,0,115,4,72,22,46,15,51,8,0,8,5,13,26,48,55,43,31,42,83,41,92,81,63,79,44,71,91,67,98,115,73,111,60,100,93,93,103
19,74,170,34,157,0,118,3,73,21,48,16,52,8,0,9,10,13,34,49,57,43,33,42,86,42,94,82,65,79,47,71,94,67,100,115,76,111,63,99,97,93,106
19,75,171,34,157,0,117,6,73,27,50,15,53,8,0,9,10,13,34,49,57,43,33,42,86,42,94,82,65,79,46,72,93,68,100,116,76,112,62,100,96,94,104
19,76,168,35,154,0,114,4,71,22,48,16,51,9,0,10,5,14,26,50,55,43,30,42,83,43,93,83,62,80,43,72,90,69,98,117,73,112,60,101,93,95,102
19,75,169,34,156,0,118,3,74,21,49,15,52,8,0,9,9,13,32,49,57,43,34,43,86,43,94,82,64,80,47,72,94,68,100,115,75,112,62,100,96,93,105
19,76,170,35,156,0,117,5,73,24,48,16,52,10,0,11,10,15,33,50,57,45,33,44,86,43,94,82,65,81,47,72,94,68,99,116,75,112,63,101,96,94,104
19,75,170,35,156,0,117,6,73,27,49,15,51,9,0,10,8,13,30,49,56,44,32,43,85,43,93,82,64,81,46,72,93,68,99,116,75,113,62,100,96,94,105
19,76,171,35,157,0,117,6,73,28,50,17,53,9,0,10,10,14,33,51,57,44,33,43,86,43,94,83,65,80,47,72,94,69,100,117,76,113,62,101,95,96,104
19,75,171,34,157,0,118,4,76,24,53,16,52,9,0,10,12,14,36,50,57,43,34,43,87,43,95,83,66,80,48,72,94,69,101,116,77,112,63,101,97,95,106
19,75,167,34,152,0,114,3,73,22,51,16,50,10,0,10,5,14,25,50,54,44,30,42,81,42,91,82,62,81,44,73,89,69,96,116,73,113,59,102,92,95,101
19,75,167,34,152,0,116,3,74,19,49,14,49,8,0,10,4,14,24,48,54,44,29,42,81,41,91,81,61,81,44,72,90,67,96,115,73,112,60,100,92,93,101
19,76,162,36,148,0,111,3,68,20,42,16,47,10,0,11,0,16,13,49,51,45,26,44,77,44,84,82,58,81,38,74,84,70,90,115,69,113,55,102,87,95,96
19,76,165,35,152,0,113,4,70,21,44,16,49,11,0,12,5,16,23,49,53,44,30,44,82,43,89,82,61,80,43,73,90,69,94,115,71,112,58,101,92,95,100
19,75,169,34,156,0,117,5,73,24,49,16,52,10,0,11,11,15,35,50,57,44,34,44,87,43,95,82,66,80,47,72,95,68,101,115,76,112,63,100,97,94,106
19,76,169,35,157,0,118,5,73,26,49,17,52,9,0,10,14,14,37,50,57,44,35,44,87,44,94,83,66,80,47,73,95,69,100,115,77,112,63,100,97,94,106
19,74,170,34,157,0,119,4,77,23,54,16,52,7,0,9,12,13,36,50,58,43,34,42,87,42,94,82,66,80,46,73,94,69,99,115,77,113,63,101,96,95,104
19,75,168,34,155,0,117,3,75,22,51,15,52,8,0,9,8,13,31,50,56,43,32,42,85,42,94,82,64,80,46,72,93,69,99,116,75,112,62,101,95,94,104
16,0,37,5,63,58,103,106,156,138,208,119,0,176,72,211,119,243,154,139,0,154,88,109,93,89,72,149,9,158,84,110,87,94,67,153,23,159,80,128,83,113,65
16,0,38,5,62,59,101,105,154,138,206,120,0,176,71,210,117,242,151,139,2,154,86,108,90,89,70,149,12,158,83,110,87,94,67,153,27,158,82,127,84,113,66
16,0,35,4,60,58,101,107,154,139,205,118,0,175,69,210,116,241,151,141,1,155,85,111,91,89,72,152,10,159,82,112,87,94,70,156,24,161,80,130,84,115,69
16,0,28,2,57,53,99,99,149,134,201,113,0,170,70,205,116,237,151,130,0,149,82,104,87,84,66,141,6,151,75,104,79,89,59,146,17,153,71,122,75,106,57
16,0,35,2,61,53,102,101,153,136,204,113,0,169,72,205,119,238,153,136,1,150,86,105,91,85,70,147,9,154,82,108,87,91,66,153,23,156,79,125,83,110,66
16,0,35,2,61,52,101,99,153,133,203,113,0,169,69,204,116,237,150,134,2,150,84,106,89,86,70,146,11,155,80,108,85,92,68,152,24,158,78,128,82,113,66
16,0,34,5,61,58,101,105,154,139,203,119,0,175,69,209,116,241,151,139,1,154,84,109,90,88,70,149,10,157,81,111,85,95,67,153,23,159,79,129,82,113,65
16,0,32,4,63,55,105,104,156,139,206,114,3,171,73,208,120,241,156,137,0,150,85,106,92,85,73,148,6,156,80,110,86,93,67,152,18,158,76,128,81,112,65
16,0,39,2,63,52,103,101,154,137,205,115,0,171,71,207,118,239,153,137,3,152,89,108,95,88,73,148,14,156,86,110,91,94,71,154,30,158,84,127,88,112,70
16,0,39,6,63,61,103,109,156,143,206,122,0,178,70,213,116,245,149,142,3,160,85,116,92,96,73,151,13,162,83,116,89,100,71,154,27,161,81,132,85,118,68
16,0,38,5,62,60,102,110,157,142,209,120,0,176,71,212,118,243,152,144,2,159,88,114,94,92,75,154,12,162,86,116,91,97,74,157,27,162,84,132,87,117,71
16,0,35,6,60,61,102,112,156,144,207,122,0,179,70,214,117,245,151,146,0,161,84,118,91,97,73,156,9,164,81,121,87,102,71,159,23,166,80,137,84,121,68
16,0,32,4,61,58,103,109,157,141,209,119,3,176,73,211,120,243,154,141,0,158,85,114,92,93,75,152,7,163,80,119,87,100,72,155,19,164,77,135,83,120,68
16,0,34,8,59,64,99,113,154,145,204,124,0,180,69,215,115,245,149,145,2,157,85,114,89,93,69,154,13,160,82,116,85,98,66,155,27,161,81,131,83,116,66
16,0,35,9,61,64,102,114,155,145,204,122,0,178,69,213,115,243,149,144,0,161,82,119,89,98,72,154,9,164,79,120,86,102,71,157,22,166,77,138,82,122,66
16,0,37,4,60,58,99,106,154,140,206,120,0,176,70,210,116,241,149,139,5,154,87,110,90,91,69,149,16,157,85,111,87,95,68,153,31,159,84,130,85,115,68
16,0,32,4,58,57,98,106,151,139,203,119,0,175,70,209,117,241,151,141,2,153,84,108,88,88,68,151,12,156,81,111,84,93,66,155,26,159,80,129,82,113,65
16,0,35,6,60,58,99,105,153,139,204,119,0,173,69,207,115,240,150,138,3,150,84,106,88,87,68,148,13,154,82,107,84,92,65,152,27,156,81,126,82,111,64
16,0,34,2,60,53,100,102,153,134,206,112,1,168,69,204,117,236,154,136,0,148,84,104,90,85,70,148,9,154,81,109,86,91,69,153,23,158,79,128,83,112,68
16,0,36,4,62,56,101,106,154,138,207,115,0,172,71,208,117,240,152,139,0,154,82,111,89,90,71,150,8,159,79,115,85,97,70,154,22,161,78,132,83,116,68
16,0,33,4,61,56,101,103,154,136,204,115,0,172,69,207,116,239,150,136,1,150,86,105,92,85,73,147,10,154,82,108,87,91,69,152,23,157,79,127,83,112,67
16,0,42,6,63,60,102,109,155,140,208,117,0,175,71,210,118,241,152,139,1,155,85,112,90,90,71,151,10,159,81,114,85,97,68,154,26,161,79,132,83,117,67
16,0,40,5,61,60,101,111,155,143,206,119,0,175,71,210,118,242,153,143,2,157,83,114,88,93,70,154,13,161,81,117,85,98,69,157,28,163,81,135,84,119,69
16,0,34,7,60,61,100,112,153,145,204,121,1,177,70,214,115,244,149,143,0,160,82,117,90,96,74,153,8,164,80,121,86,101,71,156,21,164,78,136,82,120,68
16,0,40,6,63,61,102,112,155,145,206,120,0,177,71,212,118,245,153,143,2,159,82,116,88,95,69,153,12,162,80,118,85,100,68,157,27,163,80,135,83,119,67
16,0,41,5,63,61,103,111,155,144,205,120,0,177,72,213,118,244,152,142,2,159,88,115,94,93,75,152,12,162,86,117,90,98,73,156,27,163,84,134,88,118,72
16,0,38,3,61,56,100,106,151,141,202,118,0,173,70,208,114,241,147,138,3,156,83,113,89,92,71,149,13,160,82,115,87,98,71,155,27,161,80,132,85,117,70
16,0,36,8,62,64,101,114,153,146,203,122,0,178,66,211,112,242,147,143,1,158,81,115,88,96,71,152,10,161,79,117,85,100,70,154,24,163,78,137,82,122,68
16,0,38,7,63,62,100,112,154,145,204,120,0,177,68,212,113,243,147,140,3,158,81,116,88,95,72,150,12,163,78,119,85,102,70,154,25,164,77,137,82,122,67
16,0,42,8,65,63,104,115,156,147,204,120,0,176,68,210,115,241,151,144,4,159,82,117,87,97,69,154,16,162,81,119,86,100,71,157,32,164,83,136,86,121,70
16,0,42,5,64,59,101,109,154,143,204,117,0,174,69,209,115,241,150,138,4,155,86,111,92,91,72,149,15,158,85,113,90,96,72,154,31,159,84,130,88,115,72
16,0,42,6,66,59,103,110,156,142,206,117,0,173,69,209,117,241,153,142,4,157,83,113,90,91,72,153,15,160,83,115,90,96,74,156,32,161,86,132,89,116,73
16,0,40,9,66,65,105,117,156,148,206,122,0,178,69,213,115,243,150,145,1,160,80,119,88,98,73,155,11,165,79,123,86,103,72,157,27,167,80,140,84,124,71
16,0,42,10,69,65,107,114,158,146,209,119,4,175,72,211,118,242,153,142,0,158,85,116,94,94,78,152,7,162,81,120,89,101,75,155,22,163,79,136,85,120,71
16,0,42,8,68,62,106,112,156,144,206,118,2,174,70,209,116,240,151,140,0,158,84,116,92,95,75,151,8,163,81,121,89,102,75,154,23,164,80,137,87,121,74
16,0,44,11,68,66,106,116,157,147,206,120,1,177,71,212,117,244,151,142,0,161,84,119,93,97,76,152,10,165,82,121,90,102,75,154,25,165,81,137,87,121,73
16,0,39,7,63,63,102,114,154,145,204,119,0,175,68,210,115,240,150,142,1,158,82,117,88,96,70,153,12,160,80,118,85,99,70,155,26,162,79,135,83,120,69
16,0,39,7,63,62,101,112,154,143,204,118,0,176,68,211,114,240,148,140,2,158,84,117,91,95,74,150,12,162,82,120,88,100,73,154,27,163,81,135,86,119,72
16,0,42,10,69,67,107,116,157,146,206,121,2,178,72,213,118,243,152,142,0,160,83,118,91,96,74,152,9,163,80,120,87,101,72,155,24,165,80,137,85,121,71
16,0,43,11,69,69,106,120,156,150,205,122,1,180,69,215,115,245,149,143,0,163,83,122,92,101,77,152,8,166,80,124,88,105,75,155,23,167,79,139,84,123,71
16,0,39,6,63,59,102,111,153,144,203,117,0,175,69,211,115,241,149,140,2,157,86,116,94,94,76,151,13,161,84,119,90,99,74,154,28,162,83,133,88,118,73
16,0,43,4,64,56,101,107,152,142,203,115,0,170,69,205,113,238,146,137,3,158,81,115,88,95,72,149,14,161,81,117,87,100,72,155,29,162,80,134,84,120,70
16,0,41,8,65,64,102,114,153,146,202,119,0,175,68,210,113,241,147,139,3,157,83,116,90,97,72,149,13,160,80,117,87,100,71,152,27,161,79,134,84,119,69
16,0,45,8,67,61,103,111,153,144,202,118,0,174,68,209,113,240,147,139,2,158,83,116,91,97,74,149,13,161,82,118,89,102,74,153,28,163,82,136,86,122,72
16,0,45,7,67,62,103,113,153,145,202,119,0,175,67,209,112,241,147,140,3,159,82,116,89,97,72,151,14,162,82,118,88,101,72,155,30,164,83,136,87,121,73
16,0,39,7,63,62,101,113,152,145,201,120,0,176,68,211,114,242,148,142,4,158,82,116,89,97,72,152,16,161,81,118,87,100,72,154,30,162,83,135,86,121,71
16,0,43,7,64,63,101,114,153,146,203,120,0,178,68,212,113,243,147,142,3,162,83,118,90,97,73,152,13,164,82,120,87,101,71,155,28,163,81,135,85,120,69
16,0,45,6,66,59,102,110,154,144,204,119,0,175,69,211,114,243,149,140,6,160,86,116,92,95,74,151,18,164,86,117,91,100,74,155,33,163,85,134,89,119,72
16,0,42,6,65,61,103,112,154,146,204,120,0,177,68,212,114,244,149,142,3,160,84,117,90,97,72,152,14,164,82,119,88,102,71,156,29,165,81,136,86,121,69
16,0,45,9,68,65,105,115,157,147,206,122,0,179,69,215,114,246,148,143,2,164,85,121,92,100,73,154,12,168,83,123,89,105,73,157,27,167,81,140,87,123,71
16,0,41,5,65,59,103,110,154,144,204,117,0,175,68,210,115,242,151,140,2,156,83,113,91,92,73,151,13,159,81,114,88,96,71,155,28,161,81,133,86,117,70
16,0,44,9,67,64,104,114,154,145,203,118,0,177,69,212,115,243,149,141,0,163,80,121,88,99,71,152,9,166,78,123,86,104,71,155,24,166,77,138,84,123,70
16,0,46,6,67,60,103,109,154,142,204,115,0,173,69,209,114,241,147,137,0,158,83,117,91,95,73,148,9,163,80,120,88,101,73,153,24,163,78,135,86,118,72
16,0,40,7,64,62,101,112,152,145,201,119,0,177,68,212,113,243,147,140,1,159,83,116,90,94,72,150,11,162,80,118,86,99,69,153,25,161,78,133,83,118,67
16,0,47,12,72,69,108,118,157,147,205,121,2,181,71,216,116,246,149,140,0,163,82,123,91,100,74,149,7,167,78,124,87,105,72,153,20,165,75,139,83,123,70
16,0,45,8,67,63,103,115,154,149,203,120,0,178,68,212,113,245,147,141,3,162,81,119,89,99,72,151,13,165,81,121,88,103,73,155,28,166,81,139,86,124,71
16,0,47,3,66,56,101,109,152,145,202,114,0,172,67,207,113,241,148,137,6,158,83,115,89,96,71,149,19,161,83,115,89,100,72,155,35,163,85,135,89,120,73
16,0,42,6,64,60,100,112,151,147,200,119,0,176,66,211,111,244,146,141,4,160,80,117,86,97,69,152,15,163,80,119,85,101,70,156,30,164,81,137,84,121,69
16,0,45,3,66,54,102,105,153,142,203,112,0,171,66,207,112,241,147,135,5,153,85,108,92,87,72,147,16,157,84,110,90,93,71,152,31,158,84,128,88,113,70
16,0,45,5,67,59,103,111,154,147,203,117,0,176,68,212,113,244,147,140,3,160,83,118,90,97,72,151,14,163,81,118,88,100,71,155,28,163,81,135,86,120,70
16,0,44,6,68,59,105,110,155,145,204,114,0,173,69,210,115,243,149,137,2,159,83,116,92,95,75,149,12,162,82,117,90,99,73,154,27,163,81,135,87,119,71
16,0,50,5,69,57,103,109,154,144,205,116,0,173,69,209,114,242,149,137,5,157,83,114,90,96,72,149,17,161,83,117,90,100,73,154,33,162,84,134,88,119,72
16,0,46,5,66,57,100,107,152,144,202,116,0,176,69,211,114,244,148,135,6,158,85,114,92,94,72,146,19,160,85,114,90,98,71,152,34,160,86,131,89,116,72
16,0,53,2,70,52,101,103,153,141,203,112,0,170,69,205,115,241,151,132,8,153,84,110,90,92,70,144,22,157,86,111,92,98,73,152,38,159,88,131,92,117,75
16,0,47,5,67,54,100,107,151,146,202,114,0,172,68,208,115,243,152,137,7,156,82,112,88,94,69,149,19,161,85,115,90,99,72,155,35,163,87,135,90,121,73
16,0,45,3,65,53,99,104,150,143,199,114,0,176,67,211,112,244,147,133,7,157,86,113,94,92,75,145,20,161,85,114,91,98,72,152,35,160,86,132,91,118,73
16,0,47,4,69,53,101,104,150,144,199,111,0,173,68,210,113,244,149,131,5,155,84,111,92,92,73,143,17,158,84,112,90,97,70,150,33,158,84,129,89,115,71
16,0,47,7,68,61,102,112,151,148,200,116,0,175,65,210,111,244,147,137,4,156,80,113,87,94,69,149,15,160,80,115,86,99,69,154,31,163,81,135,85,121,69
16,0,49,5,70,56,104,107,154,144,203,113,0,173,68,209,114,243,150,135,6,157,85,113,93,94,75,147,18,160,85,114,92,99,73,154,33,162,85,133,90,119,73
16,0,54,6,74,59,105,110,152,146,202,115,0,174,68,209,114,243,149,136,5,155,84,112,92,94,76,148,16,159,83,113,90,97,73,153,32,162,84,134,88,120,72
16,0,50,6,70,59,103,110,153,147,201,114,0,174,67,211,112,244,147,136,6,157,85,115,94,95,77,148,18,161,85,116,92,98,75,153,34,162,86,134,91,118,75
16,0,52,6,73,56,104,107,152,145,201,111,0,172,66,209,113,242,150,134,4,156,84,112,93,91,75,147,16,159,85,113,91,95,73,152,32,160,84,130,89,116,73
16,0,48,4,68,54,102,105,152,144,201,113,0,173,67,209,113,243,148,133,5,156,86,112,94,92,75,145,17,159,85,111,91,96,71,151,31,158,84,129,90,115,72
16,0,49,4,69,53,101,104,152,144,202,113,0,174,69,210,116,244,153,133,6,154,85,110,93,92,73,144,19,157,86,110,91,95,70,151,35,158,87,128,91,114,72
16,0,53,5,72,57,103,107,153,144,203,114,0,174,68,210,114,244,149,133,6,156,86,111,95,92,76,145,18,158,87,111,93,96,73,151,35,158,87,129,91,115,74
16,0,57,3,73,50,102,103,151,143,200,110,0,169,69,207,115,242,150,132,8,156,88,111,96,93,76,145,24,159,91,112,97,96,77,152,41,160,92,130,96,116,79
16,0,50,4,69,52,101,104,150,144,200,111,0,170,66,207,113,242,150,132,8,155,86,109,94,92,73,145,22,158,88,110,94,96,73,153,38,159,88,129,92,115,74
16,0,50,4,69,56,101,106,151,144,199,112,0,173,66,209,111,242,146,133,4,157,85,114,92,92,74,145,16,160,85,115,91,98,72,152,32,160,84,132,90,117,74
16,0,51,7,70,59,102,109,151,145,198,112,0,171,63,208,107,241,141,133,5,156,85,113,94,93,75,145,17,159,85,114,92,97,73,150,33,160,84,132,89,117,74
16,0,57,3,75,51,104,102,152,142,198,106,0,167,65,205,110,240,144,128,6,154,87,110,97,89,78,141,19,157,89,111,97,95,78,148,36,158,88,129,95,115,79
16,0,57,1,75,45,103,95,151,136,197,100,0,162,64,200,108,236,143,121,8,148,87,102,96,82,75,134,23,151,90,103,97,88,75,143,40,151,90,121,95,106,77
16,0,61,1,76,49,105,100,152,140,197,106,0,166,64,202,109,238,144,128,9,151,86,107,95,89,77,141,25,155,89,108,97,94,78,150,42,157,90,128,96,114,79
16,0,58,6,78,58,108,110,155,146,199,110,0,172,63,209,108,244,142,132,4,159,85,116,96,94,80,144,15,163,85,118,94,100,77,151,31,165,83,137,90,121,76
16,0,55,7,75,57,105,109,153,147,198,112,0,173,63,208,107,244,141,132,5,157,80,114,89,96,72,144,17,161,82,115,90,100,72,151,34,163,83,134,88,120,71
16,0,53,3,71,54,101,108,151,149,198,113,0,175,64,211,109,248,143,133,7,158,84,112,92,93,73,145,20,161,86,113,92,97,73,152,36,161,87,131,91,116,74
16,0,59,2,74,52,103,107,152,147,200,111,0,173,65,210,111,246,146,134,7,156,84,112,92,94,72,147,21,160,88,113,94,98,75,154,39,162,89,131,93,118,76
16,0,53,4,75,51,106,103,156,144,203,107,0,168,65,205,112,242,149,129,7,151,85,104,93,87,73,143,21,155,87,107,94,93,72,150,37,158,89,128,92,115,73
16,0,58,1,76,49,107,104,154,146,197,105,0,167,65,206,111,243,147,130,7,154,86,110,95,90,76,145,21,160,88,113,96,97,78,153,39,163,89,134,95,118,79
16,0,51,7,72,59,103,113,153,151,199,113,0,174,63,211,108,246,143,134,6,157,84,111,92,92,73,146,18,160,86,113,92,97,73,152,35,161,86,132,90,117,73
16,0,54,6,73,58,105,111,152,149,196,110,0,172,64,209,109,243,143,134,6,154,84,113,92,94,73,146,20,159,86,116,92,99,75,152,37,161,87,134,92,118,76
16,0,58,3,74,53,105,106,151,145,197,107,0,167,65,204,110,240,144,129,6,152,84,108,92,87,74,143,19,157,85,111,92,95,73,151,36,159,86,131,91,116,74
16,0,58,4,74,53,104,107,151,147,196,109,0,170,64,206,110,241,145,133,7,153,85,110,91,90,71,146,21,158,87,113,92,97,74,152,37,160,88,132,92,117,75
16,0,59,5,76,55,105,106,152,143,198,109,0,168,64,204,109,238,143,130,6,153,86,111,93,93,74,143,20,156,87,112,94,96,75,149,37,158,88,130,92,116,76
16,0,54,7,72,57,102,109,150,148,196,112,0,170,63,205,106,241,140,130,9,157,82,113,91,95,74,141,23,159,85,112,92,97,73,149,38,159,86,131,91,117,74
16,0,55,4,73,55,103,107,150,146,196,110,0,170,64,206,108,240,143,131,6,155,86,111,94,91,74,143,20,158,88,112,94,96,74,150,37,159,88,130,92,115,75
16,0,56,7,74,60,105,110,153,146,198,110,0,169,62,205,108,238,145,132,6,151,88,110,94,92,73,143,19,155,88,110,93,95,72,149,36,158,87,130,91,115,74
16,0,52,6,72,58,103,109,150,147,196,113,0,172,63,208,108,242,144,133,7,156,83,112,92,94,74,145,20,159,84,111,90,96,71,151,36,160,84,131,88,117,71
16,0,58,4,73,52,101,103,147,142,194,108,0,166,63,202,108,237,143,129,9,150,84,107,94,91,76,141,25,154,88,108,95,94,75,148,43,157,90,128,94,115,78
16,0,60,4,75,53,104,106,151,145,196,107,0,166,66,203,110,239,143,130,8,155,84,113,95,93,79,143,23,159,87,113,96,97,78,151,40,159,89,131,95,116,80
16,0,54,5,71,55,101,107,148,145,195,111,0,168,62,203,107,238,143,131,7,151,84,106,91,90,72,142,21,154,87,108,92,94,71,149,38,157,87,128,91,113,73
16,0,56,8,73,60,104,112,148,147,192,112,0,169,62,204,105,239,139,133,6,155,83,114,92,95,76,145,20,160,85,116,92,99,76,152,36,163,86,135,92,120,78
16,0,58,10,75,63,103,114,150,152,194,114,0,173,63,208,107,243,141,134,7,159,81,117,91,97,75,145,20,162,85,117,92,100,76,152,37,163,86,136,92,121,78
16,0,54,8,72,59,101,111,147,148,193,112,0,171,60,206,104,241,138,133,6,154,84,113,92,94,75,144,20,158,85,113,91,97,74,150,36,159,84,132,89,117,74
16,0,54,7,72,59,103,110,149,148,193,111,0,172,62,208,107,242,141,131,5,154,85,111,94,91,75,143,18,157,86,112,92,95,74,149,34,158,86,130,91,114,75
16,0,57,4,75,51,103,103,149,143,193,106,0,165,63,202,106,237,140,125,8,151,83,108,93,90,75,138,21,154,85,109,93,95,74,146,36,156,85,128,90,114,73
16,0,57,7,74,58,103,109,150,147,193,112,0,171,63,206,107,241,142,130,8,155,83,112,91,94,72,141,22,158,86,112,92,97,73,148,38,158,87,130,91,116,74
16,0,59,8,76,59,104,110,151,146,196,110,0,169,63,205,106,239,140,130,7,155,83,114,92,95,75,141,20,159,83,115,91,99,74,149,36,160,83,133,88,119,72
16,0,57,7,75,55,102,107,150,146,196,108,0,168,62,205,106,240,142,128,6,152,84,108,91,90,72,140,19,156,85,110,91,94,72,148,35,158,85,130,89,115,73
16,0,57,7,75,56,103,108,149,146,194,109,0,168,63,204,108,240,143,131,7,152,84,109,92,93,73,143,20,157,86,111,92,96,73,150,37,159,86,131,90,118,73
16,0,57,6,73,57,102,109,148,146,190,109,0,169,61,204,105,240,138,130,7,154,79,112,89,93,73,141,20,158,82,112,90,97,73,148,36,160,84,133,89,119,74
16,0,60,6,75,56,103,109,149,147,191,108,0,170,63,206,107,241,140,129,8,155,81,114,91,95,75,142,21,159,84,115,92,99,76,149,38,161,86,134,91,119,76
16,0,55,11,74,63,103,113,144,146,187,106,0,167,59,204,102,237,134,128,4,152,74,114,86,94,73,140,16,156,75,115,85,96,73,145,32,158,77,133,84,118,72
16,0,57,9,75,62,101,111,145,146,187,109,0,169,60,204,102,237,133,127,4,155,76,114,88,94,74,138,16,158,77,114,87,98,72,146,31,159,78,133,85,118,71
16,0,53,9,72,61,102,112,147,147,190,110,0,170,60,204,103,239,135,128,6,156,76,116,87,97,73,139,18,158,78,115,87,99,71,146,34,159,80,133,85,119,70
16,0,61,7,77,59,104,110,149,145,190,108,0,168,60,204,103,238,136,128,6,154,81,114,91,94,76,140,19,158,83,115,91,99,76,148,35,161,83,134,90,120,76
16,0,56,8,74,60,102,112,148,146,191,110,0,169,61,205,104,238,137,131,3,156,79,114,88,94,73,143,15,159,80,116,88,99,74,148,31,161,81,134,86,119,73
16,0,54,7,72,57,101,107,149,143,192,107,0,167,61,202,104,235,137,127,6,151,82,109,91,90,73,138,18,155,84,110,90,95,72,145,34,156,83,129,88,115,72
16,0,59,6,75,55,101,106,147,144,192,107,0,166,61,201,104,235,138,127,7,151,82,109,91,92,74,139,20,156,84,112,91,97,74,147,37,159,84,132,89,118,73
16,0,61,6,76,53,103,104,149,140,195,104,0,162,63,198,107,233,140,125,7,149,80,108,90,91,74,138,21,154,83,110,92,95,75,146,37,157,85,130,90,116,74
16,0,55,9,74,60,102,111,147,147,191,109,0,170,60,205,103,238,137,129,4,153,79,112,89,93,73,140,16,157,80,115,88,97,73,146,31,160,80,135,85,119,71
16,0,54,9,73,60,102,111,146,146,188,111,0,170,60,205,103,238,135,131,5,154,77,114,89,95,75,142,18,158,80,116,88,99,74,147,34,159,81,133,86,119,73
16,0,55,7,73,56,102,105,148,141,192,106,0,164,61,199,104,232,137,125,6,151,80,108,90,88,73,137,18,154,82,109,89,93,72,144,34,156,82,128,86,114,71
16,0,51,8,71,59,101,108,145,140,185,105,0,164,58,199,100,231,132,125,3,151,76,113,87,93,72,137,14,155,75,113,84,95,70,144,28,157,74,131,81,116,68
16,0,52,9,71,60,101,110,145,144,187,109,0,167,59,202,102,234,135,129,5,153,77,113,88,94,73,141,17,155,80,113,88,95,73,146,33,157,81,131,85,116,71
16,0,54,6,72,55,102,105,146,141,189,104,0,162,59,198,104,231,138,126,5,148,79,107,89,88,74,139,18,152,81,109,89,92,74,146,35,155,82,128,87,113,72
16,0,52,5,70,55,100,105,145,140,188,106,0,164,60,200,103,233,136,127,6,152,81,111,91,91,75,140,20,155,82,112,90,95,74,146,36,156,83,130,89,115,74
16,0,55,6,72,54,101,104,146,140,189,106,0,165,61,200,105,233,139,127,7,148,82,108,91,88,75,139,21,152,84,110,92,93,76,146,38,155,85,128,90,114,75
16,0,53,6,71,55,100,106,145,141,188,106,0,165,59,200,103,233,138,129,5,151,78,111,88,92,73,141,19,155,80,113,89,95,75,147,35,158,81,132,86,117,72
16,0,52,8,71,57,101,107,146,140,188,106,0,165,58,200,101,233,135,128,5,149,78,110,88,91,72,141,17,154,79,112,87,95,73,147,33,158,80,132,85,118,71
16,0,55,6,72,55,100,105,146,139,187,105,0,163,59,199,102,232,135,126,6,149,81,110,90,91,73,138,19,153,83,111,90,94,73,145,36,156,83,130,88,115,73
16,0,58,8,73,57,100,106,147,139,188,107,0,166,60,200,102,232,134,126,8,153,79,115,89,96,74,137,21,156,81,115,89,99,75,144,37,157,82,132,87,118,74
16,0,53,4,70,50,98,99,144,136,187,102,0,161,59,196,102,230,135,121,9,145,80,105,88,88,71,133,23,150,81,106,88,91,71,142,38,152,82,125,86,111,71
16,0,54,5,70,55,99,105,145,141,188,105,0,165,59,200,102,233,135,125,7,152,78,113,88,94,73,138,20,155,80,114,88,98,73,145,37,156,82,130,87,116,73
16,0,57,6,74,53,101,104,146,140,189,105,0,163,62,200,105,233,138,126,6,150,81,110,91,91,75,138,19,155,83,112,91,96,76,146,35,157,83,131,89,117,75
20,50,273,17,243,0,200,21,159,55,141,2,142,0,81,2,45,6,14,33,143,33,75,33,35,37,0,64,157,70,132,55,172,47,199,91,179,90,155,77,183,67,204
20,49,275,17,245,0,202,21,161,55,142,2,143,0,82,2,46,7,16,32,144,32,76,33,35,36,0,64,158,71,133,55,173,46,200,91,180,90,156,76,184,67,204
20,49,274,17,244,0,202,21,162,53,143,2,143,0,83,2,46,6,16,32,144,32,76,32,35,36,0,64,158,70,133,55,173,46,200,91,180,90,156,76,184,67,205
20,49,274,17,244,0,202,21,161,54,143,1,143,0,83,1,47,6,16,32,144,31,76,31,35,35,0,64,158,69,134,54,173,46,199,91,180,90,156,76,184,67,204
20,50,273,18,243,1,200,23,160,56,141,2,142,0,81,2,45,6,14,33,144,32,76,32,35,35,0,64,157,70,132,55,172,46,198,92,179,91,155,77,183,67,203
20,49,274,17,244,1,201,22,162,54,143,2,142,0,82,1,45,6,15,32,144,31,76,31,35,35,0,64,157,69,134,55,174,47,200,92,179,90,155,76,183,68,203
20,50,274,18,245,1,202,22,162,55,143,2,143,0,83,2,47,6,16,33,144,31,76,31,36,34,0,64,158,70,134,55,173,47,200,91,179,91,156,77,184,68,205
20,50,274,17,244,0,201,22,162,55,143,2,143,0,82,1,46,6,15,33,144,31,76,31,35,34,0,65,157,70,134,55,173,46,200,92,179,91,156,77,184,68,204
20,50,275,17,246,0,203,22,163,54,144,2,144,0,84,1,48,6,17,33,145,31,77,31,36,35,0,65,158,70,135,55,176,46,202,92,180,91,157,77,186,67,206
20,50,274,17,244,1,201,22,161,55,143,2,142,0,82,1,46,5,15,33,143,32,75,32,35,35,0,65,157,70,133,56,173,47,200,92,179,91,156,77,184,68,205
20,50,273,17,243,1,200,23,161,55,143,2,143,0,82,1,46,5,15,33,144,32,77,32,36,35,0,64,157,70,134,55,174,46,200,92,179,91,155,77,183,68,204
20,50,274,17,244,0,202,23,162,55,144,3,143,1,82,2,46,6,15,33,144,32,77,32,36,35,0,65,157,70,135,55,174,46,200,92,179,91,156,77,185,67,205
20,49,275,16,245,0,202,22,163,54,144,1,143,0,83,1,47,5,16,32,145,31,77,31,36,35,0,64,158,69,135,54,175,45,201,91,181,90,157,76,185,66,205
20,50,274,17,244,0,202,22,162,54,143,3,143,0,82,2,46,6,15,33,144,32,76,32,35,35,0,65,157,70,134,56,174,47,201,93,179,92,155,77,184,68,205
20,50,275,17,246,0,203,22,162,55,144,3,143,1,83,2,47,6,16,34,145,32,76,32,35,35,0,66,158,70,135,55,175,47,202,93,180,91,156,77,185,67,206
20,50,274,17,245,1,201,22,162,55,143,3,142,0,82,1,46,6,15,33,143,31,76,31,35,34,0,65,157,70,133,55,174,46,200,93,178,91,155,77,184,67,205
20,50,273,17,243,0,200,22,161,54,143,3,142,1,82,2,47,5,16,34,144,32,76,31,35,34,0,65,157,69,135,54,175,46,201,93,179,91,155,76,184,67,204
20,49,272,17,243,0,200,22,161,54,143,3,142,0,82,1,46,5,15,33,143,31,76,31,35,34,0,65,157,69,133,55,173,46,200,92,178,91,155,76,184,67,204
20,49,272,16,242,0,200,21,161,54,143,2,141,0,82,1,46,5,16,33,142,31,75,31,35,34,0,65,156,69,134,54,173,46,199,92,177,90,154,76,182,67,202
20,50,271,17,242,0,199,22,160,55,142,2,141,1,81,2,45,6,15,33,142,32,75,32,34,35,0,64,155,70,132,55,172,46,199,92,177,90,155,76,183,67,203
20,48,269,15,239,0,197,21,159,53,141,2,140,0,81,1,45,5,15,33,141,31,75,30,34,33,0,64,155,68,131,54,170,46,197,91,177,90,153,76,181,66,202
20,47,270,15,240,0,198,22,160,54,141,2,139,1,80,1,44,5,14,33,140,32,74,31,34,34,0,64,154,69,131,55,170,46,196,91,177,91,154,76,182,66,201
20,48,272,15,241,0,198,23,160,55,143,2,141,1,81,2,45,6,14,33,143,32,76,32,35,36,0,64,157,70,133,55,173,46,199,91,179,91,155,76,183,67,203
20,47,272,15,242,0,200,21,161,53,143,2,141,0,81,1,45,5,15,33,142,31,75,31,35,34,0,64,156,69,132,54,172,46,198,91,178,90,155,76,183,66,203
20,49,271,16,241,0,198,23,160,56,142,4,140,3,81,4,44,9,14,35,142,34,75,34,35,36,0,66,157,71,132,55,172,46,199,93,180,92,156,77,183,67,204
20,50,272,17,242,0,199,23,160,55,142,5,142,3,82,5,46,9,15,36,144,34,75,33,35,35,0,67,158,71,134,55,173,47,200,94,181,92,156,77,184,67,205
20,48,270,15,240,0,198,23,160,55,141,4,140,3,81,4,45,8,15,35,141,33,75,33,35,35,0,66,155,71,132,56,172,47,198,94,178,92,155,77,183,68,203
20,47,271,15,241,0,198,23,160,55,142,4,140,3,80,4,44,8,14,35,142,34,75,34,34,37,0,66,156,70,132,56,172,48,198,93,177,91,155,77,184,67,204
20,47,270,15,240,0,198,22,160,54,143,3,140,2,81,3,45,7,15,33,142,32,75,32,35,34,0,64,156,69,133,54,172,45,198,91,179,90,156,75,183,66,204
20,47,270,16,240,0,198,22,158,55,141,4,140,2,80,3,45,7,14,34,142,32,74,32,34,35,0,66,155,70,132,55,171,47,198,93,178,91,155,77,183,68,203
20,48,269,16,241,0,199,22,160,54,142,4,140,2,80,3,45,6,14,35,141,34,74,34,34,36,0,67,155,69,133,54,171,46,198,94,177,90,156,76,183,66,203
20,47,270,16,241,0,198,22,161,55,143,4,140,2,81,3,46,6,16,35,141,34,74,34,34,36,0,67,155,70,132,56,171,48,198,94,178,91,156,76,184,68,204
20,49,270,16,241,0,198,23,159,56,143,5,141,3,82,3,46,6,16,36,142,34,74,33,34,35,0,68,155,69,132,55,171,48,198,95,178,91,155,77,182,68,203
20,49,270,16,240,0,198,22,158,54,141,4,141,2,81,3,46,6,16,35,142,33,74,32,34,34,0,66,156,68,134,54,172,46,198,93,177,90,155,76,182,67,202
20,48,270,15,240,0,197,22,159,55,141,4,140,2,80,2,44,6,15,34,141,32,74,31,34,33,0,66,155,69,132,54,170,46,197,93,177,90,154,76,182,67,203
20,49,270,17,241,0,199,22,160,55,142,4,140,2,80,3,45,6,14,34,142,33,74,32,34,34,0,66,155,69,133,55,172,47,198,93,177,91,154,76,182,67,203
20,48,269,16,240,0,198,22,159,54,141,4,140,2,81,2,45,5,15,34,141,32,74,31,34,33,0,66,155,69,133,54,172,46,199,93,177,91,154,76,182,67,203
20,49,271,17,242,0,199,22,160,55,143,4,141,2,82,3,46,7,16,35,143,32,75,32,35,34,0,66,157,69,135,54,174,46,199,94,179,91,156,76,184,67,204
20,49,270,16,241,0,199,21,160,54,143,3,140,1,79,3,43,7,13,34,143,32,75,31,34,34,0,66,157,68,135,54,173,46,199,93,179,90,155,76,182,68,203
20,48,269,15,240,0,198,21,159,53,142,4,139,2,81,3,45,7,15,35,141,32,74,31,34,33,0,66,156,69,133,54,172,45,197,94,178,91,155,76,182,66,202
20,48,270,16,240,0,198,21,160,54,143,3,140,1,81,1,46,5,16,34,142,32,75,31,35,33,0,65,156,68,132,54,171,46,198,93,178,90,154,76,182,67,203
20,48,269,16,240,0,198,21,159,53,142,4,139,1,80,2,45,6,15,34,141,32,74,31,34,33,0,65,154,69,132,54,171,46,197,92,176,90,154,75,181,66,202
20,48,269,17,240,0,198,21,159,54,142,4,140,2,80,3,45,6,15,35,142,33,74,32,34,34,0,66,155,69,133,54,172,45,198,93,177,91,154,76,181,66,202
20,48,270,16,241,0,198,21,160,53,143,4,140,1,81,2,45,5,15,34,142,32,75,31,35,33,0,65,156,68,133,54,172,46,198,93,178,90,154,76,182,66,203
20,49,270,16,241,0,198,22,160,55,143,5,141,2,81,3,46,7,16,35,142,34,75,33,35,35,0,66,156,70,133,55,172,47,199,94,178,91,155,77,183,67,204
20,48,270,16,241,0,199,22,160,54,143,3,141,1,81,2,45,6,15,34,142,32,75,31,35,33,0,65,156,68,134,54,173,45,199,92,178,90,155,76,183,66,203
20,47,270,15,241,0,198,22,160,53,142,4,140,3,81,4,46,7,16,35,142,33,74,32,35,34,0,66,156,70,133,54,172,46,198,93,178,91,155,76,183,67,202
20,49,269,16,240,0,197,22,159,55,142,4,140,2,80,3,45,6,14,35,142,33,74,33,34,35,0,66,155,70,132,55,171,47,197,93,177,91,154,77,182,68,203
20,48,270,16,241,0,199,21,160,54,143,4,141,2,82,3,46,7,16,35,143,33,75,33,35,35,0,66,157,69,135,54,173,45,198,93,179,91,156,76,183,66,203
20,49,270,17,240,0,198,21,159,55,142,4,140,2,81,3,45,7,15,35,142,33,74,32,35,34,0,66,156,69,133,54,172,47,198,93,178,91,154,76,182,68,203
20,49,271,17,241,0,198,22,160,54,143,4,141,2,81,3,46,6,16,34,142,33,75,32,35,35,0,66,155,69,133,54,173,47,199,93,177,91,155,76,183,67,203
20,49,269,17,240,0,198,22,159,55,142,4,139,2,80,2,45,5,15,34,141,33,74,32,34,34,0,65,154,69,133,54,172,46,197,92,176,91,153,76,182,67,202
20,49,271,17,242,0,200,22,161,54,143,4,141,2,82,2,47,5,16,34,142,32,75,32,35,34,0,66,156,70,134,55,174,46,199,93,178,91,155,76,184,67,204
20,50,271,17,243,0,201,21,161,54,144,4,141,1,81,3,46,7,15,34,142,32,75,31,35,34,0,66,156,69,135,55,174,47,201,94,177,91,155,76,184,67,204
20,49,269,16,241,0,198,21,159,54,142,3,139,1,80,1,44,5,14,34,141,32,74,31,34,34,0,65,155,69,133,54,172,46,198,93,177,90,154,76,182,67,203
20,50,270,17,242,0,199,22,161,55,143,4,140,2,80,3,44,7,14,34,142,33,75,32,35,35,0,66,155,70,134,55,173,47,199,93,177,91,155,77,183,68,203
20,48,272,16,243,0,200,21,161,54,143,3,141,1,81,1,45,5,15,34,143,31,76,31,35,34,0,65,156,69,134,54,173,46,200,92,178,90,156,76,184,66,205
20,49,272,16,243,0,200,22,161,55,144,4,142,1,83,3,46,7,16,34,144,33,77,32,36,35,0,66,158,70,135,55,174,47,200,93,180,92,156,77,184,68,205
20,49,271,17,242,0,200,22,160,56,143,4,141,2,81,2,45,6,15,35,143,33,75,32,35,35,0,66,156,71,134,55,174,47,200,94,179,92,156,77,184,68,204
20,49,271,17,241,0,198,21,159,54,142,4,141,1,81,2,45,5,15,34,142,32,75,31,35,34,0,66,156,69,132,55,172,47,199,93,177,91,154,76,182,68,203
20,50,270,17,242,0,199,22,160,55,142,4,140,2,81,2,46,6,15,35,142,32,75,32,35,34,0,66,155,70,133,55,173,47,199,93,177,91,155,76,184,67,204
20,48,269,16,240,0,198,21,160,54,143,4,140,1,81,1,46,4,16,34,141,32,75,31,35,33,0,65,155,68,133,54,172,46,198,93,176,90,154,76,182,67,202
20,50,269,17,241,0,198,21,159,55,142,4,140,1,81,2,45,5,15,34,141,32,74,31,35,33,0,65,155,69,133,54,172,46,197,92,177,90,155,75,183,66,202
20,48,269,16,241,0,199,21,159,54,142,3,140,0,81,1,45,5,15,33,141,31,74,30,35,33,0,64,154,68,131,54,172,46,198,91,175,89,153,75,181,67,202
20,48,269,16,240,0,198,21,159,54,141,3,140,0,81,1,45,5,15,33,141,30,74,29,35,32,0,64,154,68,131,54,171,46,197,92,176,89,154,75,182,66,202
20,48,268,16,239,0,197,22,159,54,142,4,139,2,80,2,45,5,14,34,141,32,74,32,34,34,0,65,154,69,132,55,171,47,197,92,177,91,153,76,181,67,201
20,49,270,16,241,0,199,22,159,54,142,4,141,2,81,3,46,6,16,35,142,32,75,32,35,34,0,66,156,69,133,54,171,46,198,93,178,91,154,76,181,67,202
20,49,269,17,241,0,199,22,160,54,143,4,140,2,81,3,45,6,15,34,141,33,75,32,35,35,0,66,155,69,133,55,172,46,199,93,176,91,154,76,183,67,203
20,48,270,16,241,0,199,21,160,54,143,3,140,1,81,1,45,4,15,34,142,31,74,30,35,33,0,65,155,69,133,54,173,46,198,92,177,90,154,76,183,66,202
20,48,270,16,241,0,198,22,160,54,142,3,140,1,80,1,45,4,15,34,141,32,74,31,34,33,0,65,155,68,132,54,171,47,197,93,176,90,153,76,182,67,202
20,49,269,16,241,0,198,22,160,54,143,4,140,1,81,2,45,5,15,34,141,32,74,32,34,34,0,66,155,69,133,54,171,45,197,93,176,91,153,76,181,67,202
20,49,268,16,240,0,198,21,160,54,142,3,139,0,80,1,44,5,14,34,140,32,74,31,34,34,0,65,154,69,132,53,171,45,196,92,176,90,153,75,182,66,201
20,48,268,16,239,0,197,22,159,55,142,4,140,1,81,1,46,4,16,34,141,33,74,31,35,33,0,66,154,69,132,54,171,46,197,93,176,90,153,76,182,67,202
20,48,270,16,241,0,199,21,160,53,142,3,140,1,82,2,46,5,16,34,141,32,75,31,35,34,0,65,155,69,134,54,172,45,198,92,177,90,155,75,183,66,203
20,49,269,17,240,0,198,23,160,55,143,4,140,2,81,2,46,5,15,35,141,33,75,33,35,35,0,66,155,70,133,55,172,46,197,93,176,91,154,77,182,67,202
20,49,271,17,243,0,200,22,161,55,144,4,141,2,82,2,46,5,16,35,142,34,75,33,35,36,0,66,156,70,134,55,173,47,199,94,178,91,156,77,184,68,204
20,48,269,16,241,0,199,22,161,54,143,4,139,1,80,2,45,5,14,34,140,32,74,31,34,34,0,65,154,70,132,54,171,45,197,92,176,91,154,76,182,66,203
20,48,269,16,241,0,199,22,160,55,143,4,139,2,80,2,44,5,14,34,141,34,75,33,35,36,0,66,155,70,133,55,172,46,198,93,177,91,154,77,183,67,203
20,49,270,16,241,0,199,22,161,55,144,3,140,1,81,1,45,5,15,34,142,33,75,32,35,35,0,65,155,70,134,55,174,47,199,92,177,91,155,77,183,68,203
20,49,270,17,242,0,199,22,161,55,144,4,141,1,82,2,46,5,15,34,142,32,75,32,35,34,0,66,155,70,133,55,173,46,199,93,177,91,155,77,184,67,204
20,48,269,16,240,0,198,22,161,55,144,4,140,1,81,1,45,5,15,34,141,33,74,32,34,35,0,66,154,69,133,54,172,46,197,93,176,91,155,76,183,66,203
20,50,270,16,242,0,200,22,161,54,144,5,141,2,82,2,46,5,15,35,142,33,75,32,35,35,0,67,155,71,132,56,172,47,198,94,177,92,154,77,182,68,203
20,50,271,17,245,0,202,22,163,54,145,4,142,1,82,1,46,4,16,35,142,32,75,32,35,35,0,66,155,71,133,56,173,47,199,94,176,91,155,77,185,68,205
20,50,271,17,243,0,200,22,161,54,144,4,141,1,82,2,47,5,16,35,142,33,75,32,35,34,0,67,155,70,135,55,174,47,200,94,176,91,156,76,185,67,204
20,50,271,17,244,0,202,21,163,54,145,4,141,1,82,1,46,5,15,35,142,32,75,31,35,34,0,67,155,70,134,55,174,47,200,94,176,92,156,77,185,68,205
20,50,271,17,244,0,202,21,163,54,145,3,141,0,83,1,47,5,16,34,141,32,75,31,35,34,0,66,154,70,135,55,175,46,200,93,175,90,158,75,187,65,206
20,50,270,17,243,0,201,22,161,54,143,5,140,1,81,2,46,5,16,36,141,33,74,32,34,35,0,67,154,70,133,56,173,48,199,95,175,91,156,76,186,67,205
20,50,271,17,243,0,201,22,162,55,144,4,141,1,82,2,47,5,16,35,141,33,75,32,35,35,0,67,154,71,134,55,174,47,200,94,176,92,157,77,186,66,205
20,50,271,16,244,0,202,22,163,54,146,4,142,1,84,2,49,5,18,35,142,33,76,32,36,34,0,67,156,70,135,55,174,46,200,94,177,91,158,76,186,66,206
20,49,268,17,242,0,200,21,161,53,143,4,139,1,81,1,46,4,15,35,139,32,74,32,34,34,0,66,152,70,132,55,172,47,198,94,173,91,155,76,184,66,204
20,49,269,16,242,0,199,21,161,53,144,4,140,2,82,3,47,6,16,35,141,33,74,32,34,33,0,67,154,69,134,54,172,46,198,94,176,90,156,75,184,66,204
20,49,269,16,242,0,200,21,161,53,144,4,139,1,81,1,46,4,15,34,140,33,74,32,34,34,0,66,153,69,133,55,173,46,198,93,175,91,155,76,184,67,203
20,50,269,16,242,0,199,22,161,53,143,5,140,2,82,2,47,6,16,35,141,33,74,31,35,34,0,67,155,70,133,55,172,47,198,95,177,91,155,76,183,66,203
20,49,271,16,243,0,201,21,162,53,145,3,140,0,82,1,47,4,17,34,141,32,74,31,35,33,0,66,154,69,133,55,173,46,199,93,175,90,155,76,185,66,204
20,50,271,17,243,0,200,21,162,54,145,4,140,1,81,1,46,4,16,34,141,32,75,31,35,34,0,65,154,70,134,55,174,46,199,93,175,90,156,76,185,66,205
20,49,270,16,242,0,199,22,161,54,144,4,140,1,81,1,46,4,16,35,141,32,74,32,35,34,0,66,154,70,132,55,172,47,199,94,176,91,154,76,184,67,204
20,50,269,17,242,0,199,21,161,53,143,4,139,1,81,2,46,5,16,35,140,32,74,32,34,35,0,66,153,70,133,55,173,47,198,94,174,91,155,76,184,66,204
20,50,270,17,243,0,201,21,162,53,144,4,140,1,82,1,46,5,16,35,141,33,75,32,35,34,0,66,154,70,133,55,173,47,199,94,175,91,156,76,185,67,205
20,51,271,18,244,0,201,22,162,55,145,4,141,1,82,2,46,6,15,34,142,32,75,31,35,34,0,66,155,70,134,55,174,47,200,94,176,91,157,77,186,67,205
20,49,269,17,242,0,201,20,161,52,143,3,140,0,82,1,47,4,16,33,140,30,74,30,35,32,0,65,153,68,133,54,173,46,199,92,174,89,155,75,184,66,203
20,49,270,17,244,0,201,20,162,51,144,3,140,0,81,0,46,3,16,33,140,30,74,30,35,33,0,65,153,69,133,54,173,46,199,92,175,90,155,75,184,66,204
20,50,268,17,242,0,200,20,160,52,142,3,139,0,81,1,46,5,16,33,139,30,74,29,35,32,0,65,152,69,132,54,173,46,198,93,173,89,155,75,184,66,203
20,50,269,18,243,1,200,20,161,52,143,3,140,0,82,1,47,5,16,33,140,30,75,29,36,32,0,65,153,69,132,55,173,46,199,92,174,90,156,75,185,66,204
20,50,269,17,242,0,200,20,161,52,143,3,140,0,82,1,46,5,16,33,141,30,75,29,35,32,0,65,154,69,132,54,173,46,199,92,175,89,155,75,184,66,204
20,51,268,18,242,0,199,20,160,53,143,3,139,0,81,0,46,4,16,33,140,30,74,29,35,32,0,65,153,69,132,54,172,46,198,92,174,89,154,75,183,66,203
20,51,269,17,242,0,200,20,160,52,143,4,140,0,82,0,47,4,16,34,140,30,74,29,35,32,0,65,153,69,131,55,172,46,198,92,174,89,154,75,183,67,203
20,51,269,17,242,0,199,21,160,54,144,4,140,1,82,1,46,4,16,34,141,31,75,30,35,33,0,66,153,69,133,55,173,47,199,93,174,89,155,75,184,67,204
20,50,269,17,243,0,201,20,162,52,144,4,140,0,81,1,46,4,16,34,140,31,74,30,35,32,0,66,152,69,132,55,172,46,199,94,173,90,154,76,184,67,204
20,50,269,17,243,0,201,20,161,53,144,4,140,1,82,1,47,5,16,34,140,30,74,30,35,33,0,66,152,70,130,55,171,47,197,93,173,90,154,76,184,67,203
20,50,269,17,243,0,200,21,161,52,144,4,139,1,82,1,46,4,16,34,140,30,74,29,35,32,0,66,153,70,131,55,171,46,198,93,174,90,154,75,184,66,204
20,50,269,17,243,0,201,20,162,52,145,4,139,1,81,1,46,4,16,35,140,31,74,31,35,34,0,66,153,70,132,55,172,47,199,94,175,90,156,76,185,67,204
20,50,269,17,243,0,201,21,161,53,144,4,139,1,81,1,45,4,15,34,140,31,74,31,35,33,0,66,153,70,132,55,173,46,199,94,173,90,155,76,184,67,204
20,50,269,17,242,0,199,21,161,54,145,5,140,2,81,2,45,6,15,35,140,32,75,32,36,34,0,67,153,70,133,55,174,46,199,95,175,90,155,75,185,67,205
20,50,268,18,243,0,200,20,161,53,144,4,139,1,81,1,46,4,16,35,139,31,74,30,35,32,0,67,152,70,130,56,171,47,197,94,174,90,155,76,185,67,204
20,51,268,18,242,0,200,20,160,53,144,3,139,0,81,1,46,5,16,34,139,30,74,29,35,32,0,66,152,69,132,55,172,46,198,93,173,89,156,75,185,66,204
20,51,268,18,242,0,200,19,161,51,143,3,139,0,81,1,46,5,15,33,139,30,75,29,35,32,0,65,152,69,132,54,173,46,199,93,173,89,156,75,185,65,204
20,51,267,18,241,0,199,20,160,52,143,4,138,1,81,1,46,5,16,35,139,30,74,29,35,32,0,66,151,69,131,55,172,47,198,94,173,89,155,75,185,66,204
20,49,268,17,242,0,200,20,161,52,143,3,139,0,81,0,47,3,16,34,139,31,74,29,35,32,0,65,152,68,130,54,172,46,198,92,173,88,154,74,184,65,204
20,50,269,18,243,0,201,20,161,51,144,4,139,1,81,1,47,4,16,34,139,31,74,29,35,31,0,66,152,69,131,55,172,47,198,94,173,89,155,75,184,66,204
20,50,267,18,241,0,199,21,160,53,143,4,138,0,80,0,45,3,15,35,139,31,73,30,35,32,0,66,151,69,131,55,172,47,197,94,172,89,155,75,184,67,203
20,51,267,18,242,0,200,20,161,52,143,4,139,0,81,0,47,3,16,35,139,31,74,30,35,32,0,66,151,69,130,55,172,47,198,94,173,90,155,75,185,67,204
20,51,269,18,243,0,201,20,162,52,143,3,140,0,82,0,48,3,17,34,140,30,75,28,36,31,0,65,152,69,131,55,173,47,199,93,173,89,156,75,186,66,205
20,50,268,18,243,0,201,20,162,51,143,4,140,0,82,0,47,3,16,34,140,30,75,28,35,31,0,65,153,69,131,54,172,46,198,93,174,89,155,75,185,66,204
20,52,269,18,243,0,201,20,161,53,144,4,140,1,82,1,46,5,16,35,140,30,75,29,35,31,0,66,153,69,131,55,172,47,199,94,175,89,155,75,185,67,205
20,52,269,18,243,0,201,21,161,52,143,4,139,0,81,1,46,4,15,34,139,30,74,28,35,31,0,66,152,70,131,55,172,48,198,94,173,89,155,75,185,67,204
20,51,268,18,243,1,201,21,162,52,144,4,140,0,82,1,46,4,16,35,139,30,75,29,36,32,0,66,152,70,131,56,172,48,198,94,173,90,155,75,185,67,204
20,51,268,18,243,1,201,20,161,51,143,4,139,0,81,0,46,3,15,34,139,30,74,29,35,31,0,66,152,70,130,55,171,47,198,94,173,89,155,75,185,66,205
20,51,269,18,243,1,201,20,162,51,144,4,139,0,82,1,46,4,16,35,140,31,74,29,35,31,0,66,153,70,130,55,172,47,198,94,175,90,155,75,185,67,205
20,51,269,18,243,1,201,20,161,52,144,4,140,0,82,0,47,4,17,34,140,30,75,28,36,30,0,66,153,69,131,55,172,47,199,93,175,89,155,75,185,67,205
20,51,269,19,244,1,202,20,162,51,144,4,140,0,83,1,48,4,17,34,140,29,75,28,35,30,0,66,152,69,130,55,172,47,199,93,173,89,156,74,186,65,206
20,51,267,18,242,0,200,20,160,50,143,4,139,0,81,0,46,3,16,34,139,30,74,28,35,30,0,65,152,69,130,54,171,46,197,93,173,88,154,74,184,65,204
20,51,268,19,243,1,202,20,162,51,144,4,140,0,82,1,47,4,16,34,139,30,75,28,36,31,0,66,152,70,131,55,172,47,199,94,172,90,156,75,186,66,205
20,50,268,17,243,0,201,20,161,52,143,4,140,0,82,0,47,2,17,34,140,30,74,28,35,30,0,66,153,69,129,54,171,46,198,93,175,89,154,74,185,66,205
20,50,268,18,244,0,201,19,161,50,143,3,139,0,81,0,47,3,16,34,139,30,74,28,35,29,0,65,151,69,130,54,172,46,198,93,172,88,154,74,185,65,205
20,50,269,18,244,0,202,20,162,51,144,3,139,0,82,0,47,3,16,34,139,30,74,29,35,31,0,65,152,69,131,55,172,47,199,93,173,89,156,74,187,65,206
20,51,269,18,244,0,202,19,162,51,143,3,140,0,82,0,46,4,16,34,140,30,74,28,35,30,0,65,153,69,131,54,172,47,199,93,174,89,156,74,186,66,205
20,51,269,18,244,1,203,19,162,49,143,3,140,0,83,0,48,4,17,34,140,29,75,27,36,29,0,66,153,68,132,54,173,47,199,93,173,88,155,74,185,66,205
20,50,269,17,243,0,202,19,162,50,144,4,140,0,82,0,47,3,17,34,140,30,75,28,36,30,0,66,153,69,128,54,170,47,198,94,175,89,155,74,185,66,204
20,52,269,19,244,1,202,20,162,52,144,4,140,0,83,1,47,4,17,35,140,30,75,28,36,30,0,66,153,69,130,55,172,47,199,94,174,90,155,75,185,67,204
20,51,268,19,243,1,201,20,161,51,142,4,139,0,81,1,46,5,15,34,140,30,74,28,35,31,0,65,152,69,130,55,172,47,198,93,174,89,155,75,185,66,204
20,50,269,17,243,0,200,20,161,51,144,3,140,0,82,0,47,4,17,33,140,30,74,28,35,30,0,65,153,68,133,53,173,45,198,92,174,88,157,73,186,65,204
20,51,268,18,242,1,200,21,160,52,142,4,140,0,81,0,46,2,16,34,140,30,74,28,35,30,0,66,153,69,129,56,169,48,196,94,175,89,154,75,183,67,203
20,52,267,19,242,1,201,20,161,51,142,4,139,1,81,0,46,3,16,35,140,30,74,29,35,31,0,66,152,70,128,56,170,48,196,94,174,90,154,76,183,68,203
20,50,268,17,242,0,200,19,161,50,143,3,139,0,82,0,47,3,17,33,140,30,74,28,36,30,0,65,152,69,130,54,171,46,197,93,173,88,155,74,184,66,203
20,52,268,19,242,1,201,20,161,52,143,4,140,0,82,1,48,4,17,35,140,30,74,28,36,31,0,66,153,69,129,55,171,47,197,94,174,89,155,75,184,67,204
20,51,269,18,244,0,201,19,161,51,143,3,140,0,82,0,47,3,17,33,140,29,74,28,35,29,0,65,153,69,130,54,171,46,197,93,174,88,155,74,185,66,204
20,51,268,18,243,0,200,19,160,52,142,3,140,0,82,0,46,2,16,34,140,30,74,28,35,30,0,65,153,69,130,54,171,47,197,93,175,89,155,74,184,66,204
20,52,269,19,244,1,202,20,161,52,143,4,140,0,82,1,47,4,16,34,141,30,74,29,35,31,0,66,154,70,129,55,170,48,197,94,175,90,155,76,184,67,204
20,51,268,18,243,0,201,20,160,51,143,4,140,0,82,0,47,3,16,34,141,30,74,29,35,31,0,66,154,70,128,55,169,47,196,93,175,89,154,75,183,66,204
20,50,269,17,243,0,201,20,160,52,144,3,140,0,82,1,47,5,16,34,141,30,74,29,35,30,0,66,154,69,130,55,171,47,197,94,175,88,154,74,184,67,204
20,52,269,18,243,0,201,20,161,52,144,4,140,0,82,1,47,5,17,35,141,30,75,28,35,30,0,66,154,70,130,56,171,48,197,94,175,89,155,75,185,67,204
20,51,270,18,244,1,201,20,161,52,144,4,140,0,83,0,48,3,17,35,141,30,74,29,36,31,0,66,154,70,129,55,170,47,197,94,176,89,154,75,184,67,204
20,51,268,18,242,0,200,20,160,51,142,3,139,0,81,0,47,3,16,33,140,29,74,27,35,29,0,65,152,69,129,54,170,46,196,93,174,88,153,74,183,66,203
20,51,268,18,243,0,202,19,161,50,143,3,140,0,82,0,47,4,17,33,140,30,74,28,35,30,0,65,153,69,130,55,171,47,197,93,174,88,155,74,184,66,204
20,51,268,18,243,0,201,19,161,51,143,3,140,0,82,0,47,3,17,34,140,29,74,28,35,29,0,65,152,69,131,54,171,46,198,93,173,89,154,75,184,66,204
20,52,269,19,243,1,201,19,161,51,143,4,139,0,82,1,47,5,16,34,140,30,74,29,36,31,0,66,153,69,130,55,171,47,198,94,174,89,156,75,185,66,204
20,54,268,20,243,2,201,21,160,52,142,5,140,0,83,0,48,3,17,35,140,30,74,28,36,30,0,67,153,71,128,56,170,49,196,95,174,90,154,76,184,69,203
20,52,266,20,242,2,201,21,161,51,142,5,139,0,82,0,46,3,16,35,139,29,73,27,35,29,0,67,151,70,127,56,169,48,196,95,172,89,153,75,184,67,204
20,53,268,21,244,2,203,20,162,51,143,5,140,0,82,0,47,3,17,35,140,29,74,27,35,29,0,66,153,70,129,56,171,48,197,94,174,90,155,76,185,68,204
20,52,267,20,242,2,201,20,161,51,142,5,140,0,81,0,46,4,15,35,140,29,74,27,35,29,0,66,153,69,129,55,171,47,197,94,174,90,153,76,183,68,203
20,52,268,19,242,2,200,22,161,53,142,5,140,0,82,0,47,3,17,35,140,30,74,29,36,31,0,67,152,70,129,56,170,48,197,95,174,90,154,76,184,68,203
20,51,268,18,242,1,200,20,160,51,142,3,140,0,82,0,47,3,16,33,140,29,74,27,35,29,0,65,152,69,130,54,171,46,197,93,173,88,154,74,184,66,203
20,51,269,19,244,1,202,20,162,51,143,4,141,0,83,0,47,3,17,34,141,29,75,28,36,30,0,66,153,68,129,54,170,47,196,94,175,88,155,75,184,67,204
20,52,269,20,243,2,202,20,162,52,143,4,140,0,83,1,47,4,17,35,140,30,75,28,36,30,0,67,153,70,130,56,171,48,197,95,174,89,156,76,186,68,205
20,51,268,18,242,1,201,20,161,51,143,4,140,0,82,0,47,3,16,34,140,29,74,27,35,29,0,65,153,69,129,55,170,47,196,93,174,89,154,75,183,67,202
20,51,269,17,243,1,201,21,161,51,143,4,140,0,82,0,47,3,17,34,140,30,75,28,36,30,0,66,153,70,129,55,170,47,197,94,175,89,155,75,184,67,204
20,51,269,18,243,1,201,21,160,52,143,4,140,0,82,1,47,4,17,34,141,30,74,29,35,30,0,66,154,69,129,55,170,47,196,93,175,89,154,75,184,67,203
20,50,269,17,243,0,202,20,162,50,144,3,140,0,82,0,47,3,17,34,141,29,74,27,35,30,0,65,154,68,130,54,170,46,196,93,175,88,154,74,184,65,203
20,50,268,17,243,0,201,20,161,51,143,3,140,0,83,0,48,4,17,33,140,29,75,27,36,30,0,65,152,69,132,54,173,46,198,92,173,88,156,73,186,65,205
20,51,268,18,243,1,202,21,162,51,144,4,140,0,83,0,48,3,17,34,140,30,75,28,35,30,0,66,152,70,130,55,171,48,198,94,174,89,155,75,186,67,205
20,50,268,18,244,1,202,20,162,51,144,3,140,0,83,0,48,3,17,34,140,30,74,28,36,30,0,66,153,69,130,54,171,46,197,94,175,89,156,75,186,66,205
20,52,269,19,245,2,203,21,164,51,145,4,141,0,83,1,47,4,16,35,141,30,75,28,36,30,0,67,154,70,133,55,174,46,199,95,175,90,158,75,187,66,206
20,50,269,18,244,1,202,20,163,50,144,3,140,0,83,0,48,3,17,34,140,29,74,28,36,30,0,66,153,68,131,54,172,46,198,93,174,89,156,75,186,66,205
21,68,299,37,266,30,225,62,192,97,172,30,151,14,90,6,49,0,16,68,150,78,81,90,36,101,0,100,169,110,163,95,197,83,220,125,197,132,190,112,214,94,234
21,67,298,37,266,29,224,62,192,97,172,30,150,14,90,6,49,0,15,68,150,78,81,90,36,101,0,100,168,110,163,94,198,82,221,124,196,131,191,111,215,93,235
21,68,300,37,267,29,226,62,193,97,173,31,151,14,90,5,49,0,15,68,151,78,81,90,36,101,0,101,169,110,163,94,197,82,220,126,198,131,192,110,217,92,236
21,68,298,37,266,29,224,63,191,98,171,30,149,14,88,6,47,0,14,68,148,77,80,89,36,101,0,101,166,110,161,94,196,83,220,126,195,131,191,111,215,93,235
21,68,301,37,269,29,228,62,195,97,175,30,152,14,91,5,51,0,17,68,151,78,82,90,37,101,0,101,169,110,164,94,198,83,221,126,198,130,194,110,219,93,238
21,67,301,37,268,29,226,63,192,97,172,31,151,14,90,6,49,0,15,68,150,77,81,89,36,101,0,101,169,108,164,93,198,81,220,125,198,130,192,110,216,92,236
21,68,300,38,267,29,225,63,192,98,172,31,151,14,90,6,49,0,16,69,150,78,81,90,36,102,0,101,169,109,163,93,198,82,221,126,198,131,192,111,216,93,236
21,68,300,37,267,30,225,64,193,98,173,31,151,15,90,6,50,0,16,69,150,78,81,90,36,101,0,101,167,110,163,94,197,83,220,126,196,131,192,111,217,93,237
21,67,298,37,266,29,225,63,192,98,172,31,150,14,89,6,48,0,15,69,149,78,80,90,35,101,0,101,167,110,162,94,197,82,220,125,195,131,191,110,216,92,235
21,66,299,35,267,27,226,60,193,96,173,29,151,13,89,5,49,0,15,67,150,77,81,89,36,100,0,100,168,109,162,93,197,81,220,125,196,130,191,110,216,92,236
21,68,301,37,269,29,228,63,195,98,175,30,153,13,92,5,51,0,17,68,152,78,82,89,37,101,0,101,170,110,164,94,199,83,222,126,199,131,193,111,218,93,238
21,66,299,35,266,28,224,62,191,97,172,30,149,13,88,5,48,0,14,68,149,77,79,89,35,101,0,101,168,109,162,92,195,81,218,125,197,130,191,110,215,92,235
21,68,301,37,269,30,227,63,194,98,174,30,153,14,92,6,51,0,17,68,152,79,82,91,37,102,0,101,170,110,164,94,198,83,221,126,199,131,193,111,218,94,238
21,69,299,38,265,31,223,63,190,97,170,31,149,14,88,6,48,0,14,69,149,78,80,90,35,102,0,101,166,110,162,95,196,83,219,126,194,132,190,112,214,94,234
21,68,300,37,267,30,225,63,192,97,173,31,150,14,90,6,49,0,15,68,150,78,81,90,36,101,0,101,168,110,162,94,196,82,220,126,197,131,191,111,216,93,235
21,68,299,37,266,30,224,63,191,98,172,31,150,14,89,6,49,0,15,69,150,78,81,91,36,102,0,102,168,110,162,94,196,82,219,127,197,131,191,111,216,93,236
21,68,302,37,269,30,226,63,193,98,174,31,152,14,92,6,52,0,18,69,152,79,82,91,37,102,0,101,171,109,164,93,198,82,221,126,200,130,193,110,217,93,237
21,68,303,37,269,31,226,65,193,100,174,32,152,15,92,7,51,0,18,69,152,79,82,91,36,102,0,102,170,110,165,94,200,83,223,126,199,131,194,111,219,94,239
21,67,302,37,269,30,227,63,194,98,174,31,153,14,91,6,51,0,17,69,152,79,82,90,37,101,0,102,170,110,164,95,197,84,220,127,199,131,194,111,218,93,237
21,67,299,36,266,29,223,64,190,99,172,31,150,14,89,6,49,0,16,69,150,78,80,90,36,102,0,102,168,110,162,93,196,82,218,126,198,131,192,111,215,93,233
21,68,300,37,266,31,224,65,191,99,171,32,151,14,90,6,49,0,15,69,150,79,80,92,35,103,0,102,168,110,163,94,197,83,220,127,197,132,192,112,216,93,236
21,69,300,37,267,30,224,65,192,99,172,32,150,16,90,7,50,0,16,71,149,80,81,92,36,103,0,103,168,111,163,95,197,84,220,128,198,133,192,112,216,94,235
21,68,300,36,266,30,223,64,190,99,171,31,149,14,88,6,48,0,14,69,148,79,79,91,35,103,0,102,167,110,162,94,196,83,219,127,195,131,192,111,216,93,235
21,68,300,36,267,30,225,63,193,98,173,31,150,14,90,6,50,0,16,69,150,79,81,90,36,101,0,101,168,109,163,93,196,82,219,126,197,131,192,110,217,93,236
21,67,299,36,265,29,223,63,190,97,171,32,149,15,89,6,49,0,15,69,149,79,80,90,35,101,0,102,168,109,162,93,195,82,218,126,196,130,191,110,215,93,234
21,66,299,36,266,29,223,64,191,98,171,31,151,14,90,6,50,0,16,68,150,78,81,90,36,102,0,101,168,109,162,93,196,82,219,126,197,130,192,110,216,92,235
21,67,298,36,266,29,223,62,190,96,171,30,150,13,90,5,50,0,16,68,150,78,81,90,36,102,0,100,169,108,162,92,196,81,219,125,198,130,191,110,215,92,235
21,66,297,35,263,29,221,63,188,96,170,31,147,14,87,6,48,0,15,69,148,78,78,89,34,100,0,101,167,108,159,92,192,81,215,125,196,130,189,109,213,91,232
21,68,296,36,263,29,221,62,189,96,171,32,148,15,88,6,48,0,15,69,148,78,79,90,35,100,0,101,166,108,160,93,193,82,216,125,195,130,189,110,212,93,231
21,68,297,37,264,30,223,63,190,98,171,31,149,14,89,6,49,0,16,69,148,78,80,90,36,101,0,101,166,109,161,93,195,82,218,125,195,130,189,110,213,93,233
21,68,296,37,265,29,223,62,191,97,172,31,150,14,90,6,50,0,17,69,149,78,80,89,35,100,0,101,167,110,161,94,195,83,217,126,195,131,191,111,214,92,233
21,69,297,37,265,29,223,63,190,98,171,31,151,14,90,6,50,0,17,69,150,79,81,91,36,102,0,102,168,109,161,93,195,82,219,127,196,131,189,111,213,93,233
21,68,296,37,263,29,221,62,188,97,170,31,149,14,89,5,49,0,16,68,148,78,80,90,36,101,0,101,167,109,161,93,194,82,217,126,195,130,190,110,214,92,233
21,66,294,35,262,27,220,61,188,97,170,31,149,14,90,6,50,0,17,68,149,77,80,88,36,99,0,100,167,109,160,93,193,82,217,125,196,129,189,109,212,91,231
21,69,296,39,263,31,222,64,189,98,169,33,149,16,89,7,49,0,16,70,149,79,80,91,36,102,0,103,167,110,160,95,193,84,216,128,196,132,189,111,212,93,231
21,67,294,36,262,28,221,61,189,96,170,31,148,15,88,6,48,0,15,69,146,77,79,88,35,99,0,101,164,110,158,94,192,83,216,125,193,131,187,110,211,92,230
21,69,295,37,262,29,220,63,187,97,168,31,148,15,88,6,49,0,16,69,147,78,79,89,35,100,0,101,166,109,159,93,192,82,215,126,194,131,187,111,210,93,229
21,70,296,39,264,30,223,63,190,98,171,32,149,15,89,6,50,0,17,70,148,80,80,92,35,103,0,103,166,111,159,95,192,84,215,127,194,132,190,112,213,94,232
21,70,299,38,267,29,225,61,192,96,173,32,151,15,90,6,51,0,17,70,150,79,81,91,36,103,0,102,168,111,162,95,196,83,219,127,197,132,192,111,216,93,235
21,70,299,38,266,30,223,64,191,99,173,32,150,15,90,7,50,0,17,70,150,80,81,92,36,103,0,102,168,111,161,95,195,83,218,127,196,132,191,111,214,93,233
21,69,298,38,266,29,224,63,191,98,172,32,150,15,91,7,51,0,18,70,150,79,82,91,37,102,0,102,168,110,162,94,196,83,219,127,197,132,192,111,215,93,234
21,70,300,37,267,29,224,63,191,98,173,31,152,15,91,6,52,0,18,69,151,79,82,91,37,102,0,102,170,110,164,94,197,82,219,127,199,131,193,111,216,93,235
21,70,300,38,266,31,223,64,190,99,171,32,150,15,90,7,50,0,17,70,149,81,80,92,35,103,0,103,167,110,162,94,195,83,217,128,196,131,192,110,216,92,235
21,69,301,36,267,29,224,62,191,97,173,31,151,14,91,6,51,0,17,69,151,78,81,90,36,102,0,102,169,109,164,93,198,82,221,127,197,130,192,110,216,92,235
21,69,301,37,268,28,226,62,193,97,175,30,152,14,92,6,52,0,18,69,151,79,82,90,37,102,0,102,169,109,164,92,198,81,221,127,198,130,193,109,217,92,236
21,70,301,38,267,31,224,64,191,100,173,32,150,15,90,7,50,0,17,71,150,80,81,92,36,104,0,104,169,111,163,93,196,81,218,129,197,131,193,110,217,92,235
21,68,302,37,268,30,226,63,192,98,173,31,152,14,91,6,52,0,18,69,152,79,82,90,36,101,0,102,171,109,164,93,198,83,221,127,200,131,192,111,217,93,237
21,70,302,39,269,31,227,63,194,98,174,32,152,15,91,7,52,0,18,70,152,80,82,91,37,101,0,103,171,110,164,93,197,82,218,129,200,131,195,111,218,93,237
21,70,301,38,268,30,225,64,192,99,174,32,151,15,90,7,50,0,17,70,151,80,81,91,36,102,0,103,171,110,163,93,196,82,218,128,200,132,193,111,216,93,234
21,69,301,37,268,29,225,63,192,98,173,31,152,14,91,6,51,0,18,69,151,78,81,90,37,102,0,102,170,109,163,93,197,82,220,127,200,131,192,111,217,93,236
21,70,302,37,268,29,226,62,193,98,175,32,151,15,91,6,51,0,18,70,152,79,81,91,36,102,0,103,171,110,164,93,197,82,220,128,200,131,192,110,216,93,235
21,68,302,36,268,29,225,62,192,98,174,31,152,15,91,6,51,0,17,69,151,79,82,91,37,102,0,102,170,109,164,93,198,81,220,127,199,131,193,110,216,93,235
21,69,302,37,269,29,227,62,194,98,175,30,152,14,91,6,51,0,18,69,152,79,83,91,37,102,0,102,170,109,165,92,199,80,221,127,199,131,194,110,218,92,237
21,70,302,37,270,29,228,63,196,98,178,31,154,15,93,7,53,0,19,69,153,79,83,90,38,101,0,102,172,109,165,93,199,81,221,127,202,131,196,110,220,92,238
21,68,301,36,267,28,225,61,191,97,172,30,152,14,91,6,51,0,17,68,152,78,82,90,36,100,0,101,171,108,163,91,196,80,219,126,200,130,193,109,217,91,235
21,68,301,36,268,28,225,62,191,97,173,31,152,15,90,6,51,0,17,69,152,78,82,90,37,100,0,102,171,107,163,91,196,80,219,127,199,129,192,108,216,92,235
21,70,303,38,271,29,228,63,195,99,176,32,153,15,92,6,52,0,19,70,153,79,83,91,37,102,0,103,172,110,164,93,199,82,222,127,201,131,193,111,218,93,237
21,69,302,37,268,29,225,63,192,99,174,32,151,15,91,7,51,0,17,70,151,80,82,92,37,104,0,103,170,110,163,93,197,82,220,128,199,131,192,110,216,92,235
21,67,301,36,267,27,224,61,191,97,172,30,151,14,90,6,50,0,16,68,151,78,81,89,36,101,0,101,170,108,162,91,196,80,218,126,198,129,191,109,215,91,234
21,70,301,38,268,29,225,63,193,98,174,32,152,15,91,7,51,0,18,69,152,80,82,91,37,102,0,102,170,110,164,93,197,82,219,127,199,131,193,111,217,92,235
21,67,301,35,267,27,225,62,193,98,175,31,151,14,90,6,50,0,17,69,151,79,82,91,37,102,0,101,170,108,164,91,197,79,218,126,199,129,194,108,217,90,234
21,68,301,37,267,29,224,63,191,99,174,31,150,15,89,7,49,0,16,69,150,80,81,92,36,103,0,102,169,109,164,92,197,80,218,127,198,130,193,109,217,91,235
21,68,300,36,266,27,224,61,192,97,174,31,150,15,89,6,50,0,16,69,150,79,81,91,36,102,0,101,170,108,163,91,196,79,218,126,199,129,192,108,215,90,233
21,69,299,37,266,28,224,62,191,98,172,33,150,16,90,7,50,0,17,71,150,81,81,92,36,103,0,103,169,110,161,92,194,81,216,128,198,131,191,109,215,90,233
21,67,299,35,266,28,223,62,190,97,172,31,150,14,89,6,49,0,16,69,150,79,80,91,35,102,0,101,169,109,163,92,194,80,215,126,199,129,194,108,216,89,233
21,66,301,35,266,27,223,61,191,97,173,30,150,14,89,6,50,0,17,68,151,78,81,90,36,102,0,101,170,108,164,91,197,80,218,125,199,129,193,108,216,90,234
21,68,299,36,265,28,222,61,189,96,171,31,149,15,89,6,49,0,16,69,150,79,81,92,36,103,0,101,169,109,163,92,196,80,217,126,198,130,191,109,214,91,232
21,66,297,35,264,27,221,61,188,96,170,31,148,14,88,6,48,0,15,69,148,78,79,90,35,102,0,101,168,109,161,91,194,79,215,126,197,129,190,107,213,89,231
21,66,297,35,264,27,221,60,188,94,170,32,148,15,88,6,48,0,15,69,149,78,79,90,35,102,0,101,168,109,160,92,193,81,215,125,198,129,189,108,212,90,231
21,67,299,36,265,27,222,61,189,97,170,31,149,15,89,6,49,0,16,68,149,79,80,91,35,102,0,101,168,107,162,90,194,78,216,126,196,128,192,106,215,88,232
21,67,301,35,268,26,225,60,191,96,173,30,152,14,91,6,51,0,18,68,152,78,82,90,37,100,0,101,171,107,163,90,197,79,219,125,201,129,192,107,216,89,234
21,69,300,37,266,28,223,62,190,98,171,32,150,16,90,7,51,0,18,70,151,80,81,91,36,101,0,102,171,108,162,91,195,79,217,127,201,130,192,109,214,90,233
21,69,301,37,267,28,224,61,190,97,172,31,151,15,90,6,51,0,17,69,151,80,81,91,36,102,0,102,170,109,162,91,196,80,218,127,198,130,192,109,215,91,233
21,68,298,36,265,27,223,61,191,97,173,31,149,15,89,6,49,0,16,69,149,79,80,90,36,101,0,102,168,109,162,92,195,81,217,126,197,130,192,108,215,89,232
21,67,299,35,266,26,223,60,190,96,172,30,150,14,89,6,50,0,16,68,150,78,81,90,36,101,0,101,169,108,162,91,195,80,217,126,198,130,191,108,214,90,232
21,66,299,34,266,27,223,60,191,96,173,30,150,14,89,6,49,0,16,68,150,79,81,91,36,103,0,100,169,107,162,89,195,78,217,125,199,128,192,107,215,89,233
21,66,300,35,266,27,224,61,191,96,173,30,150,15,90,6,50,0,17,68,150,78,81,90,36,101,0,101,169,108,163,91,196,79,218,125,199,129,192,108,215,89,233
21,67,299,35,265,27,222,60,189,96,171,30,149,15,88,6,49,0,16,68,149,79,80,90,35,101,0,101,169,107,162,90,194,78,216,125,198,129,191,108,214,89,231
21,67,300,35,267,26,225,60,192,96,173,29,150,14,89,6,50,0,16,67,150,78,81,89,36,100,0,100,169,106,164,88,196,77,217,125,198,127,193,106,216,88,233
21,69,300,37,267,28,225,62,192,98,173,30,151,14,90,6,51,0,17,68,151,79,82,91,37,102,0,101,170,107,163,90,196,79,218,126,199,128,193,107,217,89,235
21,67,299,35,265,27,222,61,189,97,172,30,150,14,89,6,50,0,16,68,150,79,81,90,36,101,0,101,168,106,164,89,195,77,216,126,196,126,195,105,218,88,235
21,66,298,34,264,26,221,60,188,96,171,29,149,13,88,6,49,0,16,67,149,77,80,88,35,99,0,100,167,106,162,88,194,77,215,124,196,125,193,104,216,87,233
21,67,298,35,264,27,221,62,189,97,170,30,150,15,89,6,50,0,17,68,149,79,81,90,36,101,0,100,168,107,162,90,194,78,215,125,197,128,193,106,216,88,233
21,67,298,35,265,26,223,60,190,96,172,30,150,14,89,6,50,0,16,68,150,78,81,90,36,101,0,101,168,106,162,89,194,78,215,126,197,127,193,105,216,87,234
21,66,299,35,266,26,223,61,191,97,173,29,150,14,89,6,49,0,16,67,150,78,81,89,36,100,0,100,169,106,162,88,196,77,217,125,197,126,194,105,218,88,235
21,64,297,33,263,26,219,60,187,95,170,29,148,13,87,6,48,0,15,67,148,78,80,89,35,100,0,100,167,106,162,88,194,77,216,125,196,126,193,104,216,86,233
21,66,298,35,264,28,220,62,188,97,171,30,149,14,88,6,49,0,16,68,149,79,81,91,36,101,0,101,169,107,163,89,195,78,216,125,198,126,195,105,217,87,234
21,65,298,33,264,25,221,59,189,95,173,29,149,14,88,6,49,0,15,67,149,78,81,89,36,100,0,99,167,106,163,88,195,76,216,124,196,126,196,103,218,85,235
21,64,298,33,263,26,220,60,187,95,170,28,148,13,87,6,47,0,13,67,148,78,80,90,36,102,0,99,166,105,163,88,195,76,216,124,195,125,194,103,217,86,234
21,64,298,33,264,25,221,59,188,94,171,28,149,13,88,6,48,0,14,66,149,78,81,91,36,102,0,99,168,105,163,88,196,76,218,124,196,126,193,105,217,87,234
21,65,299,33,265,26,222,59,190,94,173,29,149,14,88,6,48,0,15,67,150,78,81,89,36,100,0,100,169,105,164,87,196,76,217,124,198,126,195,104,218,86,235
21,66,300,35,266,27,222,61,189,96,172,30,150,15,89,7,49,0,16,68,150,80,81,92,36,103,0,100,170,107,164,89,197,76,218,124,199,127,195,105,219,86,236
21,63,297,32,263,24,221,58,190,94,172,29,147,14,87,7,47,0,14,67,149,78,80,90,36,101,0,99,168,105,162,87,195,75,217,123,198,125,193,103,216,85,234
21,64,296,33,262,25,219,59,188,95,172,29,147,13,86,6,47,0,14,67,147,78,80,90,35,102,0,99,166,105,161,87,193,75,213,124,195,124,193,102,216,85,232
21,64,298,33,263,25,220,60,188,95,170,28,148,13,87,6,48,0,15,66,148,78,80,91,36,102,0,99,167,104,162,86,195,74,216,124,195,125,194,103,217,85,234
21,63,298,32,264,25,221,59,190,94,172,28,148,13,88,6,49,0,16,66,148,78,80,91,36,102,0,99,166,105,163,87,195,74,216,124,194,125,195,103,218,85,234
21,65,297,34,263,27,220,61,188,96,171,29,148,14,88,6,48,0,15,67,148,79,81,91,36,102,0,100,167,106,161,88,194,76,216,125,195,127,192,105,216,87,233
21,65,295,34,261,26,219,60,188,95,170,30,145,14,85,6,46,0,12,67,146,79,78,91,35,101,0,100,165,105,161,87,194,76,215,124,194,126,191,105,214,87,232
21,65,297,33,264,25,222,59,190,95,173,30,148,13,87,6,48,0,14,67,149,78,80,90,36,101,0,99,168,105,163,87,195,75,216,124,197,126,193,104,216,86,233
21,65,297,34,263,26,221,60,189,95,172,30,147,14,86,6,46,0,12,68,148,79,80,91,35,102,0,100,167,106,162,88,195,76,217,124,195,126,193,104,217,86,235
21,65,296,34,261,27,219,61,187,96,170,29,147,14,85,6,46,0,12,67,147,80,80,92,36,104,0,100,166,106,162,87,194,74,215,125,194,125,194,103,217,86,234
21,63,298,32,263,25,221,58,189,93,170,28,148,13,87,5,47,0,14,66,148,78,80,91,35,102,0,99,168,105,162,86,194,74,216,124,196,125,193,103,217,85,234
21,64,297,34,262,26,220,59,188,95,171,29,147,14,87,6,47,0,14,67,147,79,80,91,36,102,0,100,166,106,163,87,194,75,215,125,195,125,195,103,217,85,233
21,65,295,34,261,26,219,60,187,94,169,30,146,15,86,6,47,0,14,68,147,79,79,91,35,102,0,100,167,105,160,88,192,76,213,124,196,127,190,105,212,86,230
21,64,298,33,264,25,221,59,189,95,171,28,149,13,88,6,48,0,15,66,149,78,81,90,36,101,0,99,167,105,162,87,195,75,216,124,196,125,194,103,217,86,234
21,64,296,33,262,25,219,58,188,94,170,28,148,13,87,5,48,0,15,66,148,77,80,89,36,100,0,98,166,103,161,85,192,73,213,123,195,122,194,100,216,82,232
21,65,297,34,263,25,221,59,189,94,171,28,148,13,87,6,48,0,15,66,148,78,80,90,36,101,0,99,167,105,161,87,193,75,214,123,195,125,193,103,216,84,232
21,66,298,35,265,26,222,60,190,95,173,29,149,14,88,6,48,0,15,67,149,79,80,92,36,103,0,99,167,106,163,88,194,75,215,124,196,125,196,103,219,85,235
21,64,296,33,263,25,219,60,188,96,171,30,147,14,87,6,47,0,14,67,148,79,80,92,35,103,0,99,167,106,161,88,194,77,215,124,196,126,192,104,215,87,233
21,64,297,32,264,24,221,58,189,94,172,29,149,14,88,6,48,0,15,67,148,79,81,92,36,104,0,100,167,105,163,87,195,75,215,124,196,124,195,102,218,85,234
21,65,296,34,262,25,220,58,188,94,170,28,147,13,86,6,46,0,12,67,148,80,80,93,35,105,0,99,167,106,162,86,194,74,214,124,196,125,194,102,216,84,232
21,64,296,33,262,24,220,58,188,94,172,29,148,14,87,7,47,0,14,68,149,81,81,92,36,103,0,100,168,106,162,88,192,76,213,125,198,126,193,104,215,86,232
21,62,294,31,260,24,217,58,186,94,169,28,146,13,84,6,44,0,11,66,146,79,78,92,34,103,0,98,165,103,161,85,192,72,213,122,194,123,192,101,214,84,231
21,64,293,33,260,25,218,58,187,93,169,28,146,13,84,6,45,0,11,66,146,80,79,93,35,104,0,98,164,104,160,86,192,74,213,123,192,123,192,102,215,84,231
21,64,294,33,260,24,217,58,186,94,170,28,146,14,85,6,46,0,12,66,146,79,79,92,35,102,0,99,165,104,161,85,192,73,212,124,193,122,195,99,217,82,232
21,65,296,34,262,25,220,59,189,95,172,29,149,14,88,7,48,0,14,67,149,80,81,92,36,104,0,99,168,105,162,86,194,74,215,124,197,124,196,101,218,83,234
21,65,296,35,263,26,221,59,189,95,172,30,149,14,88,7,49,0,16,67,149,80,81,92,37,104,0,100,168,105,163,86,193,74,214,125,197,124,196,102,218,84,234
21,65,295,34,262,25,219,59,187,95,171,29,147,14,86,6,47,0,14,67,147,80,80,92,36,103,0,99,165,105,161,87,192,75,212,124,194,123,195,101,217,84,233
21,64,296,33,262,26,219,59,187,95,171,29,147,14,86,6,47,0,14,67,147,79,79,92,35,103,0,100,167,104,162,86,192,74,213,125,196,124,195,102,217,84,234
21,63,297,32,263,24,220,58,189,94,172,28,148,13,87,6,47,0,14,66,148,79,80,92,36,104,0,98,167,103,164,84,194,72,214,123,196,122,197,100,219,83,235
21,64,295,33,262,25,220,59,188,94,171,28,148,14,86,6,46,0,12,66,147,79,80,92,36,103,0,99,166,105,161,86,193,73,214,124,194,123,194,101,217,84,233
21,64,296,33,263,25,221,59,190,95,173,29,148,14,88,7,48,0,15,67,149,80,81,94,36,105,0,99,168,105,163,86,194,73,214,123,197,123,195,102,218,84,234
21,62,294,31,260,24,219,58,188,92,171,28,146,13,86,6,46,0,12,66,147,78,80,91,35,102,0,98,166,104,160,86,192,73,213,122,194,124,191,102,214,84,231
21,63,295,33,261,26,220,59,189,94,171,29,147,14,86,6,47,0,13,67,148,80,80,93,35,105,0,99,166,106,161,88,193,76,214,123,195,124,194,102,217,85,234
21,64,295,33,262,25,220,58,189,93,173,29,148,13,87,6,47,0,14,67,148,80,81,93,36,105,0,98,167,105,162,87,193,74,213,123,195,124,194,102,217,84,233
21,64,295,34,262,25,222,58,190,93,172,29,148,13,88,6,48,0,15,66,148,79,81,92,36,103,0,98,166,105,163,87,194,74,215,123,195,124,195,102,218,84,234
21,64,294,33,261,25,219,58,188,94,170,29,147,14,87,6,47,0,14,67,147,80,80,92,36,103,0,99,166,105,160,87,192,74,213,124,195,125,193,102,216,84,232
21,64,294,33,261,24,219,59,188,95,170,29,147,14,87,6,48,0,15,67,147,80,81,92,36,103,0,100,166,105,161,87,192,75,213,124,195,124,193,102,215,84,232
21,63,294,32,260,24,218,58,187,94,170,28,147,13,86,6,47,0,13,66,147,79,80,92,36,104,0,99,166,104,161,85,192,72,213,124,195,123,194,100,217,82,233
21,64,294,33,261,25,219,59,187,95,170,29,146,14,86,6,46,0,13,67,147,81,80,93,35,105,0,99,165,106,160,87,192,74,212,123,194,124,193,102,216,84,232
21,63,292,32,259,24,217,58,185,94,168,28,145,13,84,6,45,0,12,66,145,79,79,91,35,102,0,98,164,104,160,85,191,72,211,123,193,123,193,100,215,82,231
21,64,292,33,259,26,218,59,186,94,168,29,145,14,85,6,45,0,12,67,146,80,79,93,35,104,0,99,165,106,160,87,192,74,212,123,193,125,191,103,213,85,230
21,63,294,33,260,26,218,60,187,94,171,30,147,14,87,7,47,0,14,67,147,79,80,91,36,102,0,99,167,104,161,86,192,74,213,123,196,124,193,102,215,84,232
21,62,292,32,258,24,216,57,185,93,168,28,144,13,84,5,45,0,12,66,146,78,78,90,35,101,0,98,166,103,160,84,191,72,212,121,195,123,190,101,212,83,229
21,62,294,32,260,24,219,57,188,93,171,27,146,13,86,6,46,0,13,65,147,78,80,91,36,102,0,97,167,103,162,85,193,72,214,122,196,124,192,102,214,83,231
21,62,296,32,262,23,220,58,190,94,173,29,149,14,88,6,49,0,15,67,150,79,82,91,37,102,0,99,170,104,163,85,194,73,215,124,200,123,196,100,218,82,235
21,63,295,32,260,24,218,58,186,94,169,29,147,14,86,6,47,0,13,67,147,79,79,90,35,100,0,99,166,103,160,85,191,73,211,124,195,123,193,100,215,82,232
21,64,294,33,259,24,216,59,185,95,167,28,146,13,85,6,46,0,13,66,146,79,79,91,35,102,0,98,165,103,159,85,190,73,211,123,194,122,193,100,215,82,231
21,64,294,33,261,25,218,58,186,94,169,28,146,13,86,6,46,0,13,66,146,79,79,91,35,102,0,99,165,104,160,85,192,74,212,123,194,123,193,101,215,83,232
21,65,293,34,259,24,217,58,186,94,169,29,146,14,85,6,46,0,12,67,146,80,79,93,35,105,0,99,164,105,160,85,192,73,213,123,193,123,193,101,216,83,232
21,64,294,34,260,25,218,58,187,94,170,28,147,13,85,6,46,0,12,67,146,80,79,92,35,103,0,99,165,104,161,85,192,72,212,125,194,122,196,99,218,81,234
21,65,295,34,261,25,219,59,188,95,171,29,146,14,85,6,46,0,12,68,147,80,79,93,35,103,0,100,165,105,160,87,192,74,212,126,195,125,194,102,217,84,232
21,64,295,33,261,25,219,58,188,94,171,29,148,14,86,6,47,0,13,67,148,80,80,92,36,102,0,99,167,104,161,86,192,73,213,124,195,123,195,101,217,83,234
21,64,295,34,262,25,220,58,189,94,171,29,147,14,86,6,46,0,13,67,147,81,79,94,35,104,0,99,166,105,161,87,193,74,214,124,195,124,195,102,218,84,234
21,62,297,31,263,23,221,56,190,93,173,27,148,13,87,6,47,0,14,66,149,80,81,92,37,103,0,99,168,104,162,85,193,73,214,124,197,122,197,99,219,81,235
21,62,294,32,260,24,218,57,187,94,171,28,146,14,85,6,45,0,12,67,146,80,79,93,35,104,0,99,165,104,161,85,192,73,212,123,194,122,195,100,217,82,233
21,61,294,32,260,23,219,57,188,93,171,28,146,13,86,6,46,0,12,66,146,79,80,92,36,103,0,98,165,103,162,84,193,72,213,122,194,121,195,99,218,82,233
21,62,295,31,260,22,217,57,187,93,171,28,147,14,85,6,46,0,12,67,147,80,80,93,35,104,0,98,166,104,161,86,192,73,213,123,195,122,194,100,217,82,233
21,64,292,34,258,24,216,57,185,94,169,30,144,15,83,7,44,0,11,68,144,81,77,93,34,105,0,101,163,105,159,86,189,74,209,125,192,123,194,100,216,83,232
21,63,291,33,258,24,216,57,186,92,168,29,144,14,83,6,44,0,11,67,144,80,78,92,35,103,0,99,163,104,159,85,190,73,210,123,192,122,193,100,216,82,231
21,62,293,31,260,22,217,56,186,92,169,27,146,13,84,6,45,0,11,66,146,79,79,91,35,101,0,98,164,102,160,83,191,71,211,123,193,121,195,97,218,79,233
21,64,290,34,257,24,216,56,185,93,167,29,142,14,82,6,43,0,10,67,142,80,77,92,34,103,0,99,161,105,156,86,188,74,208,124,190,124,190,101,213,83,229
21,62,294,31,260,22,218,56,188,92,171,27,146,13,85,6,46,0,12,66,146,79,79,92,35,103,0,98,165,103,161,85,192,72,212,122,194,122,194,100,217,81,233
21,63,295,33,261,24,219,57,188,93,171,28,146,14,86,6,47,0,13,67,146,80,80,92,36,103,0,99,166,104,161,85,192,73,213,124,195,122,196,100,218,82,234
21,64,295,33,261,24,218,58,187,94,171,30,147,15,86,7,47,0,13,67,147,81,80,93,36,105,0,100,166,105,160,85,191,73,212,124,194,124,193,101,216,83,232
21,63,296,33,262,24,219,58,188,95,172,30,147,14,87,6,48,0,14,68,148,81,81,93,36,104,0,100,167,105,162,86,193,74,214,125,196,124,195,101,217,83,234
21,64,296,33,262,24,220,57,189,94,172,29,147,14,86,7,47,0,14,67,148,80,80,93,35,104,0,100,167,105,161,86,193,74,214,124,196,124,194,102,216,85,233
21,63,295,33,262,23,220,56,189,93,171,29,147,14,87,6,48,0,15,67,148,80,80,92,36,103,0,99,167,104,161,85,192,73,213,123,197,122,195,100,217,83,233
21,63,296,33,262,24,220,57,188,93,171,28,147,14,87,6,48,0,15,67,148,80,80,92,35,103,0,99,167,103,162,84,193,72,213,123,195,122,195,99,218,82,234
21,63,294,33,261,23,218,57,187,93,169,28,146,13,86,6,47,0,14,66,147,79,80,91,36,102,0,98,165,103,160,84,191,72,211,123,194,122,194,99,216,81,232
21,63,294,33,260,24,219,58,187,94,170,28,146,13,86,6,47,0,14,66,147,79,80,91,36,101,0,98,166,103,160,85,191,74,212,123,195,123,193,100,216,83,232
22,71,294,41,267,33,229,67,201,101,182,27,156,12,98,6,62,0,29,60,150,58,83,60,38,61,0,89,164,106,116,115,76,123,39,115,190,114,186,98,209,84,229
22,71,294,41,267,33,228,67,201,101,182,27,156,12,97,6,61,0,29,61,149,58,82,60,38,61,0,90,162,106,115,115,75,123,39,115,189,113,185,97,208,83,229
22,71,294,41,267,34,228,68,201,102,182,27,156,13,98,6,62,0,29,61,149,58,83,60,38,61,0,89,162,106,115,115,75,123,39,115,189,113,184,97,207,83,227
22,72,295,42,268,34,231,67,202,101,182,28,157,13,99,6,63,0,30,62,150,59,83,61,38,62,0,91,163,107,115,116,75,124,39,116,189,115,184,98,207,84,227
22,72,294,43,267,36,228,69,202,102,183,29,156,14,99,7,63,0,30,62,150,59,83,61,38,62,0,91,163,107,116,116,76,124,40,116,190,113,187,97,209,83,230
22,71,294,42,267,35,228,68,201,101,183,29,157,13,99,6,63,0,30,62,150,59,83,61,38,62,0,91,164,107,116,116,76,124,40,116,190,113,185,96,207,81,227
22,71,295,41,267,34,229,68,202,102,183,28,157,13,100,6,64,0,30,61,150,58,84,61,38,61,0,90,164,107,116,116,76,123,39,116,190,114,185,97,208,82,227
22,70,294,40,268,33,229,66,202,101,183,27,156,13,99,6,63,0,30,61,149,58,83,60,38,61,0,90,163,107,115,116,75,123,39,115,190,113,185,97,208,83,228
22,70,294,40,267,33,229,67,202,100,183,27,156,12,99,6,62,0,29,60,150,57,83,60,38,61,0,89,163,106,116,116,75,124,39,114,190,112,186,96,208,82,229
22,71,294,41,267,34,229,69,203,103,185,28,156,13,99,6,63,0,29,61,149,58,83,61,38,62,0,90,163,106,116,116,76,124,40,115,189,113,185,97,207,83,228
22,71,295,40,268,32,230,67,203,100,185,28,157,13,100,6,64,0,30,62,150,59,84,62,39,62,0,91,163,108,116,116,76,123,40,116,190,114,185,97,208,81,228
22,72,296,41,268,33,230,66,202,100,184,28,157,13,99,6,63,0,30,62,150,59,83,62,38,62,0,91,164,108,116,116,76,124,39,116,190,114,186,97,208,81,229
22,71,294,41,267,32,230,66,203,100,184,28,157,13,99,6,63,0,30,62,150,60,83,62,38,62,0,91,163,108,116,116,76,123,39,116,190,113,186,96,209,80,228
22,71,294,40,267,33,229,68,203,101,185,28,157,13,99,7,63,0,30,62,150,60,83,62,38,63,0,91,164,108,117,117,77,125,40,116,191,114,186,97,208,83,227
22,70,295,41,267,34,229,68,203,101,185,28,158,13,100,6,65,0,32,61,151,59,85,62,40,63,0,90,165,107,119,117,78,124,41,115,192,114,187,97,210,82,229
22,69,294,39,267,32,229,66,203,99,185,27,157,12,100,6,64,0,31,60,150,58,84,61,39,62,0,89,164,107,117,116,77,124,41,114,190,113,187,95,210,80,230
22,69,294,40,266,35,227,69,200,101,182,28,157,13,99,6,63,0,31,61,150,60,84,62,38,63,0,90,164,108,117,117,77,125,40,115,190,113,187,96,210,81,231
22,69,294,39,268,31,229,65,202,99,183,26,157,12,100,6,64,0,30,60,150,58,84,60,39,61,0,89,163,106,117,115,78,123,41,114,190,112,186,96,209,81,229
22,69,294,39,267,32,228,66,201,100,182,27,156,12,99,6,63,0,30,60,150,59,84,61,39,62,0,89,163,106,117,115,77,123,40,114,189,112,186,95,209,79,229
22,74,293,43,265,36,228,69,201,102,183,30,156,14,99,7,64,0,31,63,150,60,83,63,39,63,0,92,163,109,117,118,78,125,41,117,190,115,186,98,206,83,225
22,71,293,41,266,32,228,66,201,100,183,28,156,13,99,6,63,0,30,62,149,59,83,62,39,63,0,91,163,108,116,117,77,125,41,116,190,115,186,98,207,83,227
22,71,295,40,267,32,228,66,201,100,183,28,157,13,100,6,64,0,30,62,150,59,84,62,39,63,0,91,164,108,117,116,78,124,41,116,191,113,186,95,208,80,228
22,71,294,41,266,33,227,67,200,101,182,28,156,13,99,6,64,0,31,62,150,60,84,62,39,64,0,91,163,108,117,117,77,125,40,116,190,115,186,98,208,83,228
22,71,292,41,265,31,228,64,202,99,184,29,155,14,99,6,63,0,31,63,148,60,83,62,38,63,0,91,162,108,115,117,76,124,39,116,188,114,184,97,206,82,226
22,70,293,40,267,31,229,64,203,99,185,28,157,13,99,6,64,0,31,61,149,59,84,61,39,62,0,90,163,107,116,116,76,123,40,115,189,113,186,95,208,80,229
22,71,291,41,265,32,226,66,199,101,182,29,155,14,98,7,62,0,30,62,148,60,82,62,38,63,0,91,161,107,115,115,75,123,38,116,187,112,184,95,207,81,227
22,70,293,40,266,32,227,66,201,100,184,27,156,13,99,6,63,0,30,60,149,58,83,60,38,61,0,89,162,105,115,113,76,121,39,114,189,111,185,95,208,81,228
22,71,291,41,264,32,226,66,200,99,182,27,155,12,97,6,62,0,29,60,147,58,82,60,38,60,0,89,161,104,115,113,76,120,39,114,188,111,185,94,207,80,226
22,71,292,41,265,33,226,67,200,100,182,29,155,14,98,7,62,0,30,62,149,59,83,61,38,62,0,90,163,105,117,113,77,120,40,115,189,111,188,94,210,80,229
22,71,291,41,265,33,226,66,201,99,183,28,155,13,98,6,62,0,29,61,148,59,82,61,37,61,0,90,162,106,115,114,75,121,39,115,188,111,186,95,208,81,228
22,71,292,41,265,33,227,66,201,100,183,29,155,14,98,7,62,0,29,62,148,60,82,62,38,63,0,91,162,106,116,114,76,122,40,116,189,112,186,95,208,81,228
22,70,292,40,265,32,227,65,200,99,182,27,155,12,98,6,62,0,29,60,148,58,82,60,37,61,0,89,162,104,115,111,75,119,39,114,188,109,186,93,209,79,229
22,71,292,41,265,33,225,66,199,100,180,28,154,13,98,7,62,0,29,62,148,59,82,61,37,62,0,91,161,105,115,112,75,119,39,116,188,111,186,94,208,80,228
22,70,292,41,265,33,226,66,199,99,181,27,155,13,98,6,62,0,29,61,149,59,83,60,38,61,0,90,163,104,117,111,77,117,41,115,189,111,186,93,208,79,226
22,70,292,40,265,33,226,66,200,100,182,29,155,14,98,7,62,0,29,62,149,59,83,60,38,61,0,90,162,105,116,112,76,119,39,115,189,111,186,94,209,79,229
22,70,291,40,264,33,225,66,199,99,181,27,154,13,97,6,61,0,28,61,148,59,82,61,37,62,0,89,161,104,115,111,75,117,39,115,188,111,185,93,207,79,227
22,71,291,42,264,34,226,68,200,101,182,28,156,13,98,6,62,0,30,61,149,59,83,61,38,62,0,90,164,104,117,111,78,117,41,115,190,112,187,94,208,80,227
22,70,291,41,264,33,226,67,200,101,181,28,155,13,98,6,62,0,29,61,148,59,82,61,38,61,0,90,162,104,115,111,76,118,40,115,188,111,184,95,207,81,227
22,71,291,42,263,34,223,68,197,101,180,29,155,13,98,6,62,0,30,62,148,59,82,61,38,62,0,90,162,105,115,112,75,119,38,116,188,112,186,95,208,81,229
22,70,292,40,264,33,225,66,199,100,181,28,155,13,98,6,62,0,30,61,148,59,82,61,38,61,0,90,162,105,115,112,75,118,39,115,188,110,185,93,208,79,228
22,72,291,43,264,35,225,69,199,102,181,29,155,14,97,7,62,0,29,62,148,60,82,62,37,63,0,91,162,105,115,112,75,118,39,117,189,113,186,95,208,81,228
22,71,292,40,266,32,227,66,201,99,182,28,156,13,99,6,63,0,30,61,149,59,83,61,38,61,0,90,162,105,116,111,76,118,40,115,188,111,186,93,208,79,228
22,71,292,41,264,33,225,67,199,100,182,28,155,13,98,6,62,0,30,61,149,59,82,60,38,61,0,89,162,104,117,111,77,118,40,115,189,110,187,93,209,79,229
22,72,292,42,265,34,226,67,200,100,182,30,155,14,98,7,63,0,30,63,149,60,83,61,38,62,0,91,162,106,117,112,77,118,41,117,189,113,187,95,210,80,229
22,72,292,42,264,34,226,68,201,101,183,30,155,14,98,7,62,0,30,63,149,61,82,63,38,63,0,92,163,107,117,114,77,122,41,118,189,114,186,96,208,82,227
22,71,293,42,265,34,227,68,201,101,182,30,155,15,98,7,63,0,30,63,149,61,82,62,38,63,0,91,162,107,116,114,77,121,41,117,189,113,186,96,208,81,228
22,71,293,41,265,34,227,67,201,100,182,29,155,14,98,7,63,0,30,63,149,60,83,63,38,63,0,91,163,107,117,115,77,122,40,117,189,114,186,97,208,82,228
22,70,294,40,266,33,228,67,202,101,183,29,156,13,99,6,64,0,31,62,150,59,84,61,39,62,0,90,163,106,117,115,77,122,41,115,189,113,186,97,208,82,229
22,70,295,40,268,32,230,65,204,99,184,28,157,13,100,6,65,0,32,62,150,60,84,62,39,62,0,90,164,107,118,115,78,123,41,115,190,113,187,97,210,83,231
22,70,294,40,267,32,229,66,202,100,183,28,157,13,100,7,64,0,31,62,150,60,83,62,39,62,0,91,163,107,118,115,78,123,41,116,189,113,187,96,210,81,231
22,70,293,40,267,31,230,65,204,99,185,28,157,13,100,6,64,0,31,61,151,60,84,62,39,63,0,90,165,106,120,115,80,123,43,115,190,113,188,97,210,82,231
22,71,294,41,267,32,229,66,203,100,184,29,157,13,100,6,65,0,32,63,150,60,83,62,38,63,0,92,164,108,118,116,79,123,42,117,190,114,188,97,210,82,229
22,71,293,42,266,35,228,69,202,102,184,29,156,14,99,7,64,0,31,62,150,60,83,63,39,64,0,91,164,107,119,115,79,123,43,117,190,115,186,98,208,83,227
22,71,292,41,265,34,227,68,200,102,181,29,155,14,98,7,63,0,30,63,148,61,82,63,38,64,0,91,162,107,116,115,76,123,40,116,188,114,184,98,207,85,227
22,71,293,40,265,33,227,67,201,101,183,29,155,14,98,7,63,0,30,63,149,61,82,63,38,64,0,92,162,108,117,116,77,124,40,117,188,114,185,97,208,82,228
22,74,291,44,263,36,224,70,199,104,182,30,154,15,98,7,63,0,31,64,148,62,82,64,37,65,0,92,162,107,116,114,77,122,41,118,188,114,185,98,208,84,227
22,73,293,43,266,35,227,68,201,102,183,31,156,15,99,7,64,0,31,64,150,62,83,64,38,65,0,93,163,108,118,115,78,122,42,118,190,114,188,96,210,82,230
22,73,293,42,265,35,226,69,200,102,182,29,155,14,98,7,62,0,30,63,148,61,82,63,38,64,0,92,162,107,117,114,78,120,42,117,189,114,186,97,208,82,228
22,72,294,42,267,34,229,67,202,100,184,28,156,13,99,6,63,0,31,62,149,60,83,62,38,64,0,90,163,105,116,113,77,121,41,116,189,113,186,96,209,83,229
22,73,293,43,265,34,227,67,200,102,182,30,155,14,98,7,62,0,29,63,148,61,81,63,37,64,0,92,161,108,116,115,76,122,40,118,187,113,185,96,208,83,227
22,73,293,43,265,36,226,68,200,100,182,30,155,14,98,7,62,0,29,63,148,61,82,63,37,65,0,92,161,108,116,115,76,122,40,117,188,113,187,95,210,81,229
22,73,292,43,265,36,225,70,200,102,182,31,155,15,98,8,62,0,29,64,148,62,82,64,37,65,0,93,162,108,116,115,77,122,40,118,189,114,185,96,207,81,226
22,74,292,43,265,35,226,69,200,102,182,31,154,15,98,7,62,0,30,64,148,63,82,65,37,66,0,93,161,109,116,116,76,123,39,119,187,114,185,97,208,82,228
22,72,293,43,265,36,226,69,199,102,181,29,156,14,98,6,63,0,30,63,149,60,82,63,38,64,0,91,162,107,116,114,76,122,40,117,188,112,186,96,208,82,228
22,73,292,44,264,36,225,69,198,103,180,31,155,15,98,7,63,0,31,64,148,62,82,64,37,65,0,93,162,107,117,114,77,122,40,118,187,114,186,97,208,84,228
22,74,293,44,265,36,226,68,200,101,182,30,155,15,99,7,63,0,31,64,149,62,82,65,38,66,0,93,162,108,117,115,78,123,42,118,188,114,186,97,208,84,227
22,72,294,43,266,36,227,69,201,102,183,30,157,14,100,6,65,0,32,63,150,61,84,64,39,66,0,91,163,107,117,115,78,123,41,117,189,113,187,97,210,83,229
22,73,292,43,265,35,227,68,201,102,183,31,155,15,99,7,64,0,31,64,149,62,83,64,38,66,0,92,162,108,117,116,77,124,40,118,188,115,186,98,208,84,228
22,72,292,43,265,35,227,68,200,101,182,29,155,14,99,7,63,0,30,63,149,61,83,63,38,65,0,91,163,106,118,113,78,120,41,117,188,114,185,98,207,84,226
22,72,291,42,264,35,224,69,199,102,181,30,155,14,98,7,63,0,30,63,148,61,82,63,38,65,0,92,161,106,116,112,76,119,40,117,187,113,185,96,208,82,227
22,72,290,42,263,34,225,66,199,100,180,29,154,13,98,6,63,0,30,63,148,61,82,63,38,65,0,92,161,106,116,112,76,119,39,117,187,113,184,96,207,83,227
22,75,291,46,265,37,226,70,198,104,179,32,155,15,99,7,63,0,31,65,148,63,82,65,38,67,0,94,161,108,116,114,76,120,40,120,187,115,186,97,209,83,229
22,73,291,45,264,37,225,69,199,102,181,32,155,16,99,8,64,0,31,65,149,63,83,66,38,67,0,94,163,107,119,114,78,121,41,120,189,114,188,97,210,83,230
22,73,291,44,263,37,225,70,199,103,181,31,154,15,98,7,62,0,30,65,148,63,82,66,37,68,0,94,162,108,117,114,77,120,41,119,188,115,185,98,208,83,227
22,72,290,43,263,36,225,69,199,102,180,31,154,14,98,7,63,0,31,64,149,62,82,64,38,66,0,93,162,107,118,113,77,120,40,118,188,115,186,97,209,82,228
22,72,290,44,262,35,224,67,199,100,181,30,154,14,97,7,62,0,31,63,148,62,81,65,37,66,0,93,162,106,118,113,78,119,42,118,189,112,187,94,208,81,227
22,72,289,44,262,37,224,70,199,103,181,31,155,15,99,8,64,0,32,64,149,63,83,65,38,67,0,93,163,107,118,114,78,120,40,118,189,112,187,94,210,80,229
22,73,290,44,261,37,222,70,196,102,178,31,154,16,99,8,64,0,32,64,148,63,82,65,37,66,0,94,162,107,116,114,76,120,40,119,188,115,184,97,206,83,225
22,73,291,44,263,37,225,69,199,100,181,31,155,15,100,8,65,0,33,64,149,62,83,65,38,66,0,93,163,106,118,112,78,118,41,118,189,114,185,96,207,82,226
22,73,289,44,261,36,223,68,199,101,183,30,155,15,100,8,65,0,33,63,149,61,82,64,37,66,0,92,163,105,117,112,78,118,41,118,189,113,185,96,206,82,225
22,72,289,44,262,36,223,69,196,102,178,30,155,14,100,7,65,0,33,62,149,61,82,64,38,65,0,91,162,104,116,110,76,117,38,116,188,112,186,95,209,82,228
22,73,290,44,262,36,222,70,197,103,180,31,154,15,99,7,65,0,33,64,148,61,81,64,37,66,0,92,162,105,115,111,76,117,40,118,188,113,184,95,205,82,224
22,72,291,43,263,35,224,67,198,99,181,30,155,14,100,7,65,0,33,62,149,61,82,63,38,64,0,91,163,104,117,109,76,115,39,116,189,111,187,94,207,82,226
22,72,290,43,262,36,222,68,197,99,180,29,155,14,99,7,64,0,33,62,149,60,82,63,38,64,0,91,163,104,117,109,76,115,40,117,190,112,187,94,208,82,228
22,70,292,41,264,34,224,67,197,99,179,28,156,14,100,7,65,0,34,61,149,60,83,63,38,64,0,90,163,103,116,109,76,115,39,115,189,112,185,95,207,82,227
22,71,292,42,264,33,226,64,199,96,181,28,155,13,100,7,64,0,33,61,149,60,83,63,38,64,0,90,163,103,117,109,77,116,39,116,190,111,185,94,207,81,226
22,70,292,41,263,34,223,67,196,100,178,27,155,13,100,7,65,0,33,60,149,58,83,61,39,62,0,89,163,102,118,108,78,114,41,114,189,111,185,93,207,78,227
22,71,290,42,262,34,222,67,195,100,178,29,155,13,99,7,64,0,32,62,148,60,82,63,37,64,0,91,161,104,114,110,74,116,37,117,186,112,183,94,206,81,226
22,74,291,44,263,37,222,69,196,102,180,30,154,15,99,8,64,0,33,63,148,62,82,64,37,65,0,92,162,105,115,111,75,116,38,118,188,113,186,96,207,82,227
22,72,290,43,263,35,222,67,196,100,179,30,154,14,99,7,64,0,33,63,148,61,82,63,37,65,0,91,161,105,114,111,74,117,38,117,186,113,184,96,207,82,228
22,73,291,42,263,34,224,67,197,100,180,29,155,15,100,7,65,0,34,63,149,61,82,63,38,64,0,91,163,104,116,110,76,115,40,117,189,112,185,95,207,81,227
22,74,290,44,263,35,224,67,197,101,179,31,155,15,100,7,65,0,33,64,148,62,81,64,37,66,0,92,162,105,115,111,75,116,39,117,188,114,183,97,206,83,225
22,75,290,45,263,35,223,66,196,100,178,31,154,15,100,7,65,0,34,63,147,61,81,64,37,65,0,92,160,104,114,110,74,116,38,118,186,111,183,96,206,83,227
22,74,290,44,263,35,223,67,196,102,178,31,155,15,100,8,65,0,34,64,148,62,81,64,37,66,0,92,161,105,115,110,74,116,38,118,187,113,185,96,207,83,228
22,77,291,46,264,36,223,69,197,103,180,32,157,16,102,8,67,0,36,65,151,63,84,66,38,67,0,95,164,106,117,111,76,115,39,121,190,114,187,97,210,83,230
22,77,292,47,265,37,225,70,197,104,180,33,157,16,101,8,66,0,34,66,151,62,83,64,38,66,0,94,164,106,117,111,76,117,39,120,190,114,186,98,208,86,229
22,76,292,46,264,36,224,69,197,103,181,33,156,16,100,8,65,0,33,66,150,63,82,65,37,66,0,95,163,107,116,112,75,117,38,120,189,115,185,100,207,87,228
22,76,292,46,266,35,227,67,199,101,182,32,156,16,101,8,66,0,34,65,150,62,83,64,38,65,0,93,163,105,117,110,76,115,38,119,190,113,186,97,209,85,229
22,75,292,45,265,35,225,67,197,101,180,31,155,15,100,7,65,0,33,64,149,61,82,63,38,64,0,92,162,104,116,109,75,114,38,117,188,113,185,96,207,83,228
22,75,292,45,265,35,225,68,198,102,180,31,156,15,101,8,66,0,34,64,149,61,82,63,37,65,0,92,163,104,116,109,75,115,38,117,188,112,185,97,208,84,229
22,75,292,44,265,36,225,68,198,102,180,31,156,15,101,7,65,0,33,64,150,61,82,64,38,65,0,93,163,105,117,110,76,115,38,118,189,114,186,98,209,85,229
22,76,292,46,264,37,225,69,198,103,180,33,156,17,100,8,65,0,32,66,150,63,82,66,37,67,0,95,164,107,117,112,77,117,40,121,189,115,187,99,210,86,230
22,77,292,47,263,38,222,69,196,102,181,33,156,16,100,8,64,0,33,66,150,63,83,65,38,66,0,95,164,107,118,112,78,117,41,121,190,115,188,98,211,86,231
22,77,293,47,266,38,226,70,199,104,182,33,157,17,101,8,66,0,34,66,151,63,83,65,38,66,0,95,165,107,119,111,78,117,41,120,191,115,189,98,211,85,231
22,77,293,47,266,37,225,69,200,104,184,34,158,16,101,8,66,0,33,67,152,63,84,64,39,66,0,95,165,107,120,112,79,118,42,121,191,115,189,99,213,87,234
22,77,293,47,265,38,224,70,198,103,182,34,158,17,102,8,66,0,34,67,152,63,84,65,38,66,0,96,165,107,120,112,79,118,41,122,191,115,190,98,213,85,234
22,79,291,48,264,38,224,71,198,105,181,35,157,18,101,9,65,0,33,68,150,65,82,66,37,67,0,97,163,110,117,115,77,120,41,123,189,117,188,100,211,87,232
22,78,291,48,264,37,225,69,199,102,181,34,156,17,99,9,64,0,32,68,150,64,82,65,38,66,0,97,163,109,118,114,79,119,43,123,189,116,186,99,208,85,227
22,77,291,46,264,36,224,69,197,103,180,32,156,16,100,7,65,0,33,65,149,62,82,65,37,66,0,94,163,107,117,112,77,117,41,120,189,115,186,98,209,85,229
22,75,292,45,265,35,225,68,198,102,180,32,157,16,101,7,65,0,33,65,151,62,83,64,38,65,0,93,164,106,118,110,77,116,40,119,190,114,186,98,209,85,229
22,76,293,46,266,36,226,68,198,102,181,32,157,15,101,7,66,0,34,65,151,62,83,65,38,67,0,94,164,106,118,112,77,118,40,119,191,114,187,98,209,85,229
22,75,294,45,267,36,226,69,199,103,181,32,157,16,102,8,66,0,34,65,150,63,84,65,39,66,0,94,164,107,117,112,77,118,40,119,189,113,187,97,210,84,230
22,74,294,43,266,35,227,68,201,102,184,31,157,15,101,8,66,0,33,64,151,62,84,65,39,66,0,93,165,107,118,113,78,119,41,119,190,114,186,98,209,84,229
22,72,291,42,263,35,223,70,196,103,179,29,155,13,98,7,63,0,31,63,149,60,82,63,38,64,0,92,162,107,117,113,77,120,40,118,188,114,184,97,206,82,226
22,71,292,42,263,35,222,69,196,103,179,28,156,13,99,7,64,0,32,62,150,60,83,63,38,65,0,92,163,107,118,114,78,120,41,118,190,115,186,97,208,81,228
22,71,292,42,265,34,226,67,199,100,181,28,156,14,100,7,65,0,32,62,150,61,83,64,38,65,0,91,163,107,118,114,78,120,42,117,189,115,186,97,209,83,229
22,72,292,42,264,35,225,69,200,102,183,28,157,14,100,7,65,0,32,62,151,60,84,64,39,66,0,92,165,105,120,112,80,118,44,118,191,114,186,97,207,83,226
22,71,290,41,262,32,224,66,198,100,180,27,155,13,99,7,64,0,32,61,149,60,83,63,38,65,0,91,163,105,118,112,79,119,43,116,188,113,183,96,205,81,224
22,70,290,41,263,33,224,66,196,100,178,27,155,12,98,6,63,0,31,61,149,60,82,63,38,66,0,90,163,105,118,113,78,119,41,116,188,114,184,97,206,82,225
22,71,291,42,263,34,223,68,195,102,178,27,156,12,100,6,65,0,32,61,151,60,83,63,39,65,0,90,165,105,119,112,79,118,42,116,190,112,187,95,209,80,229
22,73,291,44,263,36,221,68,194,102,178,29,155,14,99,7,64,0,32,62,149,60,82,63,37,65,0,92,163,105,118,111,78,117,42,118,188,113,185,96,207,82,226
22,74,291,46,263,38,222,70,195,104,179,30,156,15,100,8,64,0,33,63,151,61,83,64,37,66,0,93,165,106,118,111,78,118,42,119,190,114,185,97,207,84,226
22,73,291,44,263,36,222,69,195,103,178,29,156,14,100,7,65,0,33,63,150,61,83,64,38,65,0,92,164,105,118,111,78,117,41,118,190,113,185,96,207,83,227
22,75,290,45,261,36,221,69,193,104,177,30,154,15,98,8,63,0,31,63,148,62,81,65,37,67,0,93,162,106,116,111,77,117,42,119,187,114,184,97,205,84,225
22,76,290,45,262,36,223,67,196,100,178,30,155,15,99,7,64,0,32,64,149,62,82,65,37,67,0,93,162,105,117,109,77,115,41,119,188,112,187,95,208,82,228
22,74,292,44,265,34,224,67,197,101,180,28,157,14,101,7,66,0,34,62,151,60,84,63,39,65,0,91,164,103,119,108,78,114,42,117,189,112,187,95,209,82,229
22,75,291,45,264,35,223,68,196,103,179,31,156,15,100,8,65,0,33,64,149,63,82,66,38,68,0,93,162,106,117,111,77,117,40,119,187,114,186,97,209,83,229
22,75,292,45,265,34,223,67,195,103,178,32,156,16,101,8,65,0,34,65,149,63,83,66,38,68,0,94,162,106,116,111,76,116,38,120,188,114,186,97,210,83,230
22,75,293,44,266,33,226,65,198,100,180,30,157,15,101,7,66,0,34,64,150,62,83,64,38,66,0,93,164,106,118,111,77,116,40,119,189,114,188,97,211,83,232
22,75,292,44,265,34,225,66,197,102,180,31,157,15,101,8,66,0,34,64,150,62,83,64,38,66,0,93,163,106,118,112,78,118,41,119,189,114,186,97,209,84,229
22,74,293,44,265,34,224,68,197,103,180,30,157,15,101,8,66,0,34,64,151,63,84,66,39,68,0,93,164,106,119,112,79,118,42,119,189,115,187,98,210,83,230
22,75,292,44,265,35,225,67,198,101,180,31,156,15,101,8,65,0,33,64,149,63,83,66,37,68,0,94,163,107,117,112,78,118,43,120,189,114,187,97,209,83,229
22,76,291,47,262,38,221,69,195,102,180,31,155,15,99,8,64,0,33,65,150,64,82,67,37,69,0,95,164,107,119,112,79,118,42,121,190,114,189,97,211,84,230
22,74,291,45,263,35,224,67,196,101,179,30,156,15,100,8,65,0,33,64,150,62,83,65,38,67,0,94,164,106,117,112,77,118,40,120,189,114,186,97,208,85,229
22,76,292,46,265,36,224,68,197,102,180,32,157,16,101,8,66,0,34,66,151,63,83,66,38,67,0,95,164,107,119,112,79,118,43,121,190,115,188,98,210,85,230
23,29,173,6,150,0,116,25,87,44,65,15,44,20,2,36,0,54,15,44,56,76,54,56,95,40,98,70,71,95,78,73,113,57,111,92,90,112,98,92,121,74,120
23,30,173,5,150,0,114,26,83,43,62,12,44,18,2,35,0,53,13,42,56,74,51,55,93,39,96,67,71,94,76,71,112,56,108,91,90,111,96,91,119,74,118
23,29,171,6,150,0,117,23,88,39,65,13,44,19,3,35,0,54,15,42,55,74,53,55,94,40,98,68,70,94,78,72,112,57,110,91,90,111,97,92,119,74,118
23,32,172,8,152,0,119,23,88,41,64,14,44,20,1,37,0,56,16,43,54,75,54,56,96,41,97,68,69,95,78,73,113,59,108,92,88,111,97,93,120,76,118
23,32,174,7,152,0,117,24,87,41,64,14,47,20,2,36,0,54,13,43,57,75,54,56,96,41,99,68,72,94,79,73,114,58,111,92,91,112,98,93,121,76,120
23,31,174,7,152,0,119,24,89,40,66,14,47,20,3,36,0,53,16,44,58,75,56,57,97,40,100,69,73,95,80,73,115,57,112,92,92,112,99,93,121,76,120
23,30,170,6,148,0,115,23,87,39,65,13,44,19,3,34,0,52,13,43,55,75,53,56,94,41,98,68,71,95,79,73,113,58,109,91,90,111,98,92,120,74,118
23,31,173,6,150,0,115,25,85,42,63,13,45,18,2,33,0,52,13,43,56,74,53,55,94,40,97,68,70,94,77,72,112,57,109,92,90,111,97,92,119,74,118
23,29,172,6,150,0,117,22,88,39,65,13,44,19,2,35,0,53,16,43,54,75,54,56,96,40,99,69,69,95,79,73,113,58,110,92,89,112,98,93,121,75,118
23,30,172,6,149,0,116,23,86,39,64,14,45,19,3,34,0,51,14,44,55,75,53,57,95,42,99,69,71,94,78,73,113,59,110,92,90,111,98,93,120,76,119
23,32,173,7,150,0,117,24,87,39,65,15,46,20,4,36,0,53,14,45,56,76,53,58,95,43,100,70,72,96,78,75,113,60,111,94,92,113,98,94,121,77,120
23,29,173,5,151,0,117,23,86,40,64,11,46,18,2,33,0,52,13,40,57,73,53,54,96,39,99,66,71,93,78,70,113,55,110,90,90,110,97,90,121,72,119
23,29,174,6,152,0,118,23,88,40,65,11,45,17,3,32,0,50,13,41,55,73,54,54,96,39,99,67,70,93,79,71,114,56,111,91,90,110,98,90,121,73,119
23,30,172,6,150,0,116,23,86,39,63,13,45,19,3,34,0,51,13,43,56,74,52,55,94,40,98,68,71,94,78,72,112,58,109,92,91,111,97,92,120,75,118
23,32,173,7,151,0,116,23,86,39,62,13,46,19,4,33,0,51,11,44,57,75,52,55,95,41,99,70,73,95,77,72,112,58,110,93,92,113,98,93,120,75,119
23,34,173,9,152,0,118,23,87,40,65,14,48,18,5,32,0,50,11,44,59,75,53,55,95,41,99,70,75,95,77,73,112,58,110,93,94,113,97,94,120,77,119
23,33,171,8,149,0,116,23,86,40,63,14,46,19,5,32,0,49,9,44,56,76,51,56,93,41,98,71,71,96,77,73,111,58,109,94,90,114,96,94,119,76,117
23,32,170,8,151,0,117,22,86,37,62,13,46,18,5,32,0,50,12,43,56,75,51,55,94,41,99,69,71,95,77,73,112,58,110,92,90,113,97,93,120,75,119
23,31,172,8,151,0,118,21,87,35,63,12,46,17,4,31,0,48,13,43,57,74,53,55,95,40,99,69,73,94,78,72,112,57,110,92,92,112,97,93,119,75,118
23,31,171,7,150,0,116,22,85,37,61,12,45,18,3,33,0,50,14,42,56,73,50,55,93,41,99,68,71,92,76,71,111,57,110,91,91,110,95,91,119,74,119
23,28,171,5,151,0,116,23,86,40,63,12,44,19,0,36,1,54,17,42,55,75,54,54,96,38,98,67,70,94,78,71,114,55,109,89,89,110,97,91,120,73,119
23,29,172,6,152,0,118,23,88,41,64,13,45,19,0,36,0,55,17,42,54,75,55,55,97,39,98,68,69,95,79,72,115,56,110,91,88,110,98,91,122,74,119
23,31,171,7,151,0,118,22,88,39,63,14,44,20,1,36,0,54,16,44,53,76,55,56,96,41,98,69,69,95,80,72,113,58,110,92,89,111,99,92,121,75,118
23,29,174,5,151,0,115,23,85,41,64,12,47,18,3,33,0,50,16,42,58,73,54,54,95,38,100,67,74,93,79,70,113,54,112,90,94,109,99,89,122,71,122
23,30,169,6,148,0,115,23,85,38,63,14,44,19,3,33,0,51,13,43,55,75,51,56,93,42,98,69,70,94,77,72,111,58,109,91,90,111,97,91,120,74,118
23,31,172,7,150,0,116,22,85,37,62,13,45,18,4,32,0,49,11,43,56,75,52,56,93,41,96,68,72,94,77,73,110,58,109,91,91,111,96,92,118,74,118
23,30,173,6,151,0,116,23,86,40,65,13,47,18,5,32,0,49,12,44,58,75,53,55,94,40,98,69,74,94,77,72,112,57,110,92,93,111,98,92,120,74,119
23,29,171,7,149,0,115,23,85,41,63,13,45,19,5,32,0,50,9,43,56,75,52,55,92,40,96,69,72,95,77,71,111,57,109,92,92,112,97,91,119,73,118
23,30,172,6,150,0,116,22,87,38,64,12,45,18,3,32,0,49,12,41,55,73,52,56,93,41,98,67,70,93,77,72,112,57,109,90,89,109,96,91,119,74,118
23,30,171,6,150,0,115,22,86,37,63,11,44,17,2,33,0,51,12,40,54,73,51,55,93,40,96,65,68,93,76,72,111,56,107,89,86,109,95,91,119,74,117
23,31,172,7,150,0,115,22,85,37,63,13,45,19,2,34,0,52,15,42,56,73,52,55,93,40,97,66,71,93,77,71,112,56,109,90,91,109,96,91,119,74,118
23,31,171,7,150,0,117,22,87,38,64,14,45,19,2,35,0,53,15,43,55,75,53,57,95,42,99,68,70,95,78,73,113,58,110,90,89,111,97,92,121,75,119
23,30,172,6,151,0,117,21,87,36,63,12,46,18,4,33,0,51,12,41,56,75,52,57,93,41,98,66,71,94,78,72,113,57,111,88,90,109,97,91,120,74,120
23,31,170,8,149,0,116,22,86,39,62,13,45,20,3,34,0,52,12,43,55,75,51,57,93,42,97,68,70,94,78,72,112,58,110,90,90,110,96,91,120,74,118
23,30,172,6,150,0,115,22,85,38,62,11,45,17,3,32,0,50,12,40,55,74,51,55,93,39,97,65,70,93,77,71,112,55,109,88,88,109,96,90,119,72,118
23,27,170,5,151,0,115,24,86,44,67,13,48,21,8,33,0,49,8,41,56,80,50,63,89,47,98,65,72,96,80,74,113,58,112,86,93,108,101,89,123,72,121
23,17,169,0,149,2,114,28,85,48,63,14,43,27,0,45,1,65,16,41,56,79,53,60,92,44,98,63,72,93,81,68,115,52,112,82,91,103,102,83,124,65,120
23,17,168,0,148,1,113,26,86,45,63,15,43,28,0,46,0,65,17,43,55,80,54,59,92,43,99,65,72,93,83,68,114,51,112,84,91,105,104,84,124,65,120
23,19,170,0,149,1,112,29,84,49,62,14,45,26,0,45,0,65,15,41,56,80,51,62,91,45,100,64,70,94,80,70,114,53,112,83,88,105,102,84,124,65,120
23,19,170,0,149,0,115,25,87,45,65,16,44,27,0,45,2,64,19,43,55,79,57,58,97,42,102,65,71,93,84,68,117,52,115,85,90,105,104,83,126,65,122
23,19,170,0,149,0,114,26,86,44,64,15,46,27,0,45,1,64,17,42,56,79,56,58,96,42,102,65,71,94,83,69,116,52,114,84,90,105,103,84,124,66,121
23,21,170,1,150,0,116,24,89,44,65,17,45,29,0,46,2,65,19,44,56,80,57,60,97,44,104,66,72,94,84,69,117,53,115,86,91,106,104,85,126,67,121
23,22,167,2,148,0,114,25,86,44,62,15,44,28,0,46,1,65,15,43,54,81,55,60,95,45,101,65,69,95,82,70,116,54,112,85,87,106,102,85,123,68,119
23,19,165,0,146,0,110,26,81,45,59,14,43,26,1,43,0,61,12,41,53,79,51,58,91,42,97,64,69,94,80,69,113,53,110,84,87,105,99,85,121,67,118
23,21,167,2,149,0,115,24,86,45,62,12,43,24,0,42,1,63,16,40,52,78,52,57,93,41,96,63,67,94,80,69,115,53,109,83,85,104,99,84,122,67,118
23,21,168,1,149,0,115,24,87,43,64,14,45,26,0,43,2,61,17,41,55,78,55,57,95,40,101,64,70,93,82,68,116,51,113,84,89,104,102,83,124,64,121
23,20,167,2,148,0,114,23,85,41,63,13,44,25,0,42,1,60,15,40,53,78,56,57,95,40,99,62,68,93,83,68,116,51,112,81,86,104,102,84,123,66,120
23,19,168,1,148,0,114,23,85,42,63,14,44,25,0,43,1,61,17,41,55,77,56,56,95,39,100,64,72,93,84,67,116,51,113,83,91,104,103,83,124,65,121
23,22,168,2,148,0,114,23,85,42,62,15,43,24,0,41,0,59,14,42,52,77,57,55,97,39,99,65,67,94,81,69,115,54,110,85,86,106,101,85,123,67,120
23,23,168,3,149,0,115,24,85,42,61,15,43,24,1,41,0,60,14,42,53,78,54,56,95,41,96,65,69,95,81,69,116,54,110,85,87,106,101,86,124,68,119
23,25,168,4,148,0,114,24,86,44,64,16,43,23,2,39,0,57,12,43,53,79,55,57,94,41,95,66,68,96,81,71,115,55,109,86,88,108,101,88,123,70,119
23,25,169,4,148,0,115,23,87,40,64,14,45,22,4,36,0,53,10,42,55,77,54,57,95,41,99,66,70,95,81,71,116,55,112,86,89,107,101,87,124,70,121
23,25,167,5,148,0,115,23,87,40,64,16,44,24,3,38,0,54,10,44,54,79,55,57,95,42,97,67,69,96,82,71,116,56,110,87,89,108,101,87,124,70,120
23,22,168,3,148,0,115,23,87,40,64,15,43,23,2,38,0,55,12,42,53,77,55,55,95,39,97,65,69,94,82,69,116,53,110,84,88,106,101,86,123,68,120
23,24,168,3,150,0,115,23,86,39,64,14,45,23,5,36,0,53,8,42,55,78,54,57,94,42,97,65,70,94,81,69,115,54,111,85,90,106,101,86,124,68,121
23,22,171,1,149,0,114,24,85,42,64,13,45,20,5,35,0,54,9,40,55,77,55,56,95,40,98,64,71,94,82,69,116,53,112,84,90,106,102,85,124,68,121
23,24,168,3,148,0,114,23,86,38,64,15,43,23,3,37,0,53,10,42,53,78,54,56,95,40,97,64,68,94,82,70,116,54,110,84,87,106,101,86,124,68,120
23,23,168,3,149,0,114,22,85,39,62,14,43,22,3,36,0,53,11,41,53,79,55,56,96,40,98,64,68,95,82,70,117,54,111,84,87,106,101,86,124,69,119
23,24,170,3,150,0,115,22,86,38,64,13,45,20,4,34,0,51,11,41,56,77,54,56,95,39,98,64,71,94,81,70,116,54,112,85,90,107,101,87,124,70,122
23,25,169,4,149,0,114,24,86,41,65,15,43,22,1,37,0,54,12,42,53,79,56,57,96,40,96,65,68,95,82,70,116,54,110,85,88,106,102,86,124,68,120
23,24,168,4,148,0,114,23,86,40,63,14,43,22,4,37,0,54,11,42,54,79,54,57,95,41,98,65,69,96,81,71,115,56,111,86,89,108,101,88,123,70,120
23,25,168,4,149,0,114,23,85,39,62,14,44,22,3,37,0,55,11,41,54,78,54,56,94,40,97,65,69,95,81,71,115,55,110,85,89,107,101,87,124,70,120
23,26,168,4,148,0,114,22,86,38,63,15,43,21,3,36,0,53,12,41,54,77,53,57,93,41,96,64,70,94,81,70,115,55,110,85,90,106,101,86,123,69,120
23,25,166,3,147,0,113,21,86,37,63,13,44,20,5,35,0,52,10,41,54,77,52,56,93,40,98,64,70,94,79,70,113,55,110,84,89,106,99,87,121,69,119
23,26,167,3,147,0,112,23,84,39,63,14,45,22,6,35,0,50,8,42,55,79,53,59,93,42,97,65,71,94,81,70,115,55,112,85,91,106,101,86,124,69,121
23,24,168,3,148,0,114,21,85,36,63,13,45,20,6,33,0,48,8,40,54,77,53,59,94,42,99,63,69,94,80,71,115,55,112,83,88,106,100,87,123,69,121
23,28,166,4,147,0,112,22,83,39,62,14,44,22,4,36,0,52,10,42,55,79,51,59,92,42,96,65,70,95,79,71,114,55,111,86,89,107,100,87,123,69,120
23,26,169,4,148,0,114,23,86,40,64,15,45,22,5,36,0,52,11,42,55,78,54,58,94,42,98,66,71,95,81,71,116,56,112,87,90,108,101,88,124,70,121
23,23,166,2,144,0,110,23,83,39,63,13,42,21,3,35,0,52,10,40,53,77,51,56,91,40,96,63,69,93,78,69,112,54,108,84,88,106,98,86,120,68,118
23,25,166,4,146,0,112,21,84,37,62,14,43,21,3,35,0,52,11,41,54,76,53,56,92,40,95,64,70,92,80,69,113,54,109,84,89,105,99,86,121,69,118
23,29,167,5,147,0,112,22,84,40,63,14,44,22,4,36,0,52,10,42,54,79,51,60,90,43,95,65,69,96,79,72,113,56,110,86,88,108,98,89,121,72,119
23,28,166,5,146,0,111,23,83,39,60,13,43,21,4,37,0,54,11,42,53,79,50,60,91,43,96,65,69,95,78,72,113,56,110,86,88,108,98,89,121,71,119
23,26,164,4,144,0,111,21,83,36,61,14,42,21,3,36,0,52,12,42,53,77,51,57,92,41,96,65,69,94,78,71,112,55,108,85,89,106,98,88,121,71,118
23,27,166,4,145,0,110,22,82,40,62,14,44,21,3,36,0,53,11,41,55,77,51,57,92,41,97,65,70,94,78,71,113,55,110,85,89,107,98,88,121,71,119
23,28,165,5,144,0,111,23,83,38,62,15,42,22,2,37,0,54,13,42,52,78,51,59,91,42,95,65,68,95,78,72,112,56,108,85,87,107,98,89,120,71,117
23,27,165,4,144,0,111,22,83,38,61,14,42,21,2,36,0,52,12,42,53,77,50,57,91,40,95,65,68,94,78,70,112,54,108,86,87,106,98,87,120,70,118
23,27,167,4,146,0,111,21,82,36,61,13,43,20,3,35,0,52,12,40,54,77,51,56,92,39,97,63,70,93,79,70,113,54,109,84,89,105,99,86,121,68,119
23,28,165,5,147,0,113,22,85,38,63,12,43,21,5,35,0,51,9,41,53,78,50,58,91,42,96,65,69,95,79,71,113,56,110,86,88,108,98,88,121,71,119
23,26,166,4,146,0,111,22,83,39,61,12,42,20,4,34,0,51,10,40,52,77,52,56,92,39,95,64,68,94,79,70,113,54,109,84,88,106,99,86,121,69,118
23,29,167,5,146,0,111,23,83,40,61,15,44,21,5,36,0,51,10,43,54,78,50,59,91,42,95,67,70,95,78,72,112,57,109,88,89,108,98,89,121,72,119
23,29,166,5,146,0,113,23,85,40,63,15,44,22,5,36,0,52,11,43,55,78,51,59,92,43,97,67,70,95,80,72,113,56,110,87,90,108,99,89,122,71,119
23,27,165,4,145,0,110,22,82,38,60,12,43,20,5,34,0,50,8,41,53,77,50,57,90,41,93,64,68,93,78,70,112,54,108,85,88,106,97,87,120,70,117
23,29,166,5,146,0,112,23,83,40,61,14,44,22,6,36,0,51,9,42,54,79,51,60,91,43,95,66,68,95,79,72,113,56,109,87,87,108,97,89,120,71,118
23,27,166,5,146,0,112,22,84,37,61,13,44,21,5,35,0,50,11,41,54,77,53,58,93,42,97,64,69,94,80,72,114,55,110,85,89,107,98,88,121,70,119
23,27,165,5,145,0,112,21,84,36,62,12,44,20,6,33,0,48,9,41,54,76,51,57,91,41,96,64,69,93,78,71,113,55,109,86,89,106,98,88,121,71,118
23,28,165,5,144,0,110,23,81,40,60,14,42,21,2,36,0,52,11,42,53,79,48,59,90,42,94,66,68,96,76,73,111,57,107,86,88,108,97,90,120,72,117
23,28,165,4,146,0,111,21,82,36,62,13,43,20,2,34,0,49,11,40,54,78,50,58,90,40,93,64,69,94,77,71,112,55,108,85,89,107,97,88,120,71,117
23,30,166,6,147,0,113,22,85,38,62,14,44,22,6,35,0,49,8,42,54,79,51,60,91,43,93,66,69,95,79,73,113,57,108,87,88,108,98,90,120,72,117
23,28,166,5,145,0,111,22,83,37,61,13,43,21,1,36,0,51,13,41,55,77,50,58,90,41,95,65,71,94,78,71,112,55,109,86,91,107,98,88,120,71,119
23,29,166,5,145,0,111,23,82,39,60,14,42,21,1,36,0,52,13,42,52,78,50,58,91,41,94,65,67,95,78,72,112,56,108,86,87,108,98,89,120,71,118
23,28,166,5,146,0,113,22,85,39,63,15,43,23,4,36,0,52,12,43,53,78,52,58,92,42,95,66,69,95,79,72,113,56,108,87,89,108,99,89,121,72,118
23,29,167,6,149,0,115,21,85,37,61,12,47,19,9,32,0,46,6,40,55,76,51,59,91,42,96,63,69,93,80,71,114,56,110,84,88,105,98,87,121,70,119
23,29,168,5,146,0,111,23,81,41,60,13,43,21,3,37,0,53,12,41,55,77,49,59,90,42,93,64,70,94,77,72,111,56,107,86,90,107,97,89,120,72,118
23,29,166,5,145,0,110,23,81,40,59,13,41,21,2,36,0,53,10,41,52,78,49,59,89,42,93,65,68,95,76,72,111,56,107,86,88,107,97,89,120,72,118
23,27,168,5,147,0,112,22,83,36,62,11,43,19,4,33,0,49,11,39,55,76,50,57,90,40,93,62,70,92,79,70,113,54,108,83,89,105,99,87,121,69,118
23,26,169,5,146,0,112,21,83,37,60,12,43,20,3,36,0,51,12,40,55,75,51,57,91,40,96,64,71,92,78,70,113,54,110,85,91,105,99,87,122,69,120
23,27,168,5,146,0,112,22,84,39,63,14,43,21,3,36,0,52,12,41,55,78,51,58,91,42,95,65,71,94,79,71,113,55,109,86,90,107,99,87,121,70,119
23,28,167,5,146,0,111,22,82,38,61,13,44,21,1,36,0,51,15,41,56,77,50,59,90,41,94,64,72,94,79,70,113,54,110,85,91,106,99,88,121,70,119
23,29,167,5,145,0,110,22,80,38,58,13,41,21,2,36,0,51,13,41,53,77,49,58,89,41,93,65,69,94,77,71,111,54,108,86,88,107,97,88,119,70,117
23,27,167,5,145,0,111,22,83,38,62,13,42,21,0,37,0,52,15,41,54,76,50,56,90,39,92,64,69,93,77,70,112,53,107,85,89,106,98,87,120,69,118
23,28,167,5,146,0,111,22,81,39,60,13,41,22,1,37,0,52,14,41,52,77,49,58,90,40,92,64,68,94,77,71,112,55,107,86,87,107,98,88,120,71,117
23,27,169,5,148,0,114,21,84,37,61,11,43,20,2,35,0,50,15,39,54,75,52,56,92,39,94,63,70,92,79,70,113,53,108,84,90,105,99,87,121,69,119
23,25,167,3,144,0,107,23,77,41,58,10,42,18,2,32,0,47,9,38,54,74,47,54,87,38,90,61,69,91,74,68,110,51,105,82,89,104,95,85,118,67,117
23,25,169,3,146,0,109,22,80,39,59,9,43,19,2,33,0,49,12,37,56,73,49,54,89,37,93,61,71,90,77,67,112,51,107,82,90,103,98,84,121,66,119
23,28,168,5,148,0,112,22,82,39,60,12,45,21,6,33,0,48,7,39,54,77,49,58,89,42,92,63,69,93,77,70,112,54,108,84,88,105,97,86,120,70,118
23,28,168,5,148,0,113,21,82,37,61,12,46,21,6,34,0,48,8,40,57,77,50,59,89,42,94,63,71,93,78,71,112,55,109,84,91,106,98,88,120,70,119
23,28,167,5,148,0,113,21,84,38,62,12,46,20,8,32,0,46,6,40,55,78,50,59,90,42,94,63,70,94,79,70,113,55,110,84,89,105,98,87,120,70,119
23,26,169,4,146,0,111,22,82,38,62,11,43,21,2,36,0,52,12,39,55,77,52,57,94,39,96,63,70,94,78,70,114,54,110,84,89,106,99,87,122,69,120
23,24,168,2,145,0,106,25,76,43,58,11,44,20,4,35,0,50,9,39,56,76,48,56,88,39,92,62,72,92,78,68,113,52,109,83,91,104,99,84,121,66,119
23,24,168,2,145,0,109,23,79,40,58,11,43,21,3,35,0,52,10,38,55,77,49,56,88,40,93,62,71,92,78,67,112,51,109,82,91,103,99,83,121,65,119
23,24,168,2,145,0,109,23,81,39,62,11,43,20,2,34,0,50,11,38,55,77,51,57,90,39,95,61,71,92,80,68,114,51,110,81,90,103,100,84,122,67,120
23,29,166,5,147,0,111,22,83,38,64,15,44,23,2,36,0,50,11,42,56,79,51,59,91,41,93,65,71,94,80,70,114,55,109,86,90,106,100,87,122,69,119
23,26,166,3,144,0,107,23,79,41,60,12,42,21,2,35,0,52,11,40,54,77,49,57,89,39,92,63,70,93,77,69,112,53,107,84,89,105,98,86,120,68,118
23,27,167,5,145,0,111,21,82,38,62,13,44,21,4,34,0,49,9,40,55,77,49,58,88,41,92,63,70,93,77,70,111,54,108,84,89,105,97,86,120,69,119
23,27,166,4,145,0,110,22,80,38,60,12,44,21,4,33,0,46,8,40,56,77,48,58,87,41,91,63,72,92,77,69,112,54,108,84,91,104,98,85,120,68,119
23,26,167,4,145,0,110,22,82,37,62,13,44,21,6,34,0,48,8,40,55,78,50,58,89,41,94,64,70,93,78,70,113,54,110,84,90,105,99,86,121,68,120
23,26,167,3,145,0,109,22,80,40,60,12,42,20,3,34,0,50,10,39,54,77,50,57,89,40,93,62,69,93,77,70,112,53,108,83,89,105,98,86,120,68,119
23,28,169,5,146,0,111,22,82,39,61,12,44,21,3,35,0,50,12,40,56,76,50,57,90,41,95,63,72,92,79,70,113,54,110,84,92,104,100,85,123,68,121
23,25,169,3,146,0,108,24,78,42,60,10,43,19,4,34,0,49,10,38,55,76,49,56,88,39,92,61,71,92,78,68,113,52,109,82,92,103,99,85,121,67,120
23,24,166,3,144,0,109,22,80,36,61,11,43,20,2,35,0,50,10,38,56,75,50,56,89,39,93,61,72,91,79,68,112,51,108,80,92,102,99,84,121,66,119
23,25,167,3,144,0,108,23,80,39,62,13,44,23,4,36,0,52,8,41,55,78,51,58,90,41,94,64,71,94,79,70,113,54,110,84,91,105,100,86,122,68,119
23,23,167,2,145,0,109,23,81,41,61,13,41,23,1,37,0,54,12,41,53,77,52,55,91,39,95,64,70,93,80,67,114,52,109,85,90,104,101,84,123,66,121
23,24,167,2,144,0,109,23,81,39,63,13,42,23,2,37,0,52,11,41,55,77,51,56,90,39,95,64,72,92,79,68,113,51,110,84,92,104,101,84,123,65,121
23,25,170,3,147,0,111,23,81,40,60,13,43,23,2,38,0,53,12,40,56,78,52,57,91,39,94,63,72,93,81,68,115,51,111,84,92,104,102,84,124,65,122
24,165,216,105,176,64,112,33,60,0,28,125,77,133,44,125,88,119,123,163,83,169,54,150,107,139,144,200,92,209,63,183,111,165,146,233,104,262,56,284,29,303,0
24,162,215,103,174,63,110,32,58,0,26,125,76,134,43,125,87,118,121,164,82,171,52,150,106,139,143,200,91,210,62,184,110,165,145,233,104,263,57,285,29,305,0
24,162,215,102,174,63,110,33,59,0,27,125,76,134,42,124,87,117,121,163,82,170,53,149,106,137,143,200,92,209,63,182,111,163,145,232,104,262,57,285,29,304,0
24,160,216,100,174,61,110,31,58,0,26,122,76,133,42,125,86,118,119,161,82,169,53,148,106,136,141,197,91,208,63,181,111,161,145,230,104,261,57,284,29,304,0
24,160,214,101,172,61,110,31,58,0,25,124,75,133,42,123,86,117,119,162,81,168,53,147,105,136,141,198,91,207,63,181,110,162,144,230,103,261,57,283,29,303,0
24,161,215,101,174,61,111,31,59,0,26,123,77,133,43,124,86,118,120,162,83,169,55,148,107,136,143,198,92,208,65,181,112,162,146,231,104,262,57,284,29,304,0
24,163,215,102,173,62,109,31,57,0,24,126,75,134,42,125,86,119,120,164,82,171,54,150,106,137,143,201,92,211,65,183,112,164,145,233,104,264,58,286,30,305,0
24,161,216,101,174,61,110,30,57,0,24,124,75,134,42,125,87,118,120,163,82,170,54,148,106,137,142,199,92,210,64,182,111,163,145,232,105,263,58,285,30,305,0
24,162,216,102,174,62,110,31,57,0,24,125,75,135,42,125,87,118,120,164,82,171,54,149,107,137,142,200,92,211,65,183,112,163,146,233,104,263,58,286,30,305,0
24,163,214,102,173,62,110,31,57,0,23,125,75,135,42,126,86,119,120,164,81,171,53,150,106,137,142,201,91,211,64,184,112,164,145,233,103,264,57,286,30,306,0
24,163,213,102,171,63,108,32,55,0,22,127,74,136,41,127,85,120,118,166,80,172,53,150,106,138,141,202,91,213,64,184,111,164,144,234,103,265,57,287,30,307,0
24,162,214,101,172,62,108,31,56,0,22,126,74,135,40,126,84,119,118,165,81,172,53,149,106,137,141,201,91,212,64,183,112,163,145,233,103,264,57,286,29,306,0
24,163,214,102,173,62,110,32,57,0,24,127,75,136,42,127,86,120,120,166,81,172,54,151,107,138,143,202,91,212,65,184,112,164,146,234,104,265,58,287,30,307,0
24,164,214,103,173,62,111,31,59,0,25,127,75,136,42,127,86,119,120,166,82,172,54,150,107,137,143,202,91,212,65,184,112,163,146,234,104,265,58,287,30,306,0
24,163,213,103,172,63,109,32,58,0,25,127,73,137,40,127,83,120,117,166,80,173,52,151,104,138,140,202,90,213,63,184,110,165,143,234,103,265,57,286,29,306,0
24,162,214,102,173,61,110,30,58,0,24,124,74,134,41,125,84,118,118,163,81,171,53,149,106,136,142,200,91,210,64,182,111,162,145,232,103,263,57,285,29,305,0
24,163,213,102,172,62,109,31,57,0,24,127,74,135,41,126,84,119,117,165,80,171,53,149,105,137,141,201,90,211,64,183,111,163,145,233,103,263,57,286,29,306,0
24,162,212,102,172,62,109,31,56,0,23,126,74,136,40,127,84,120,118,165,80,172,53,150,106,137,141,201,90,212,63,184,111,164,144,233,103,265,57,287,30,307,0
24,162,213,102,171,62,107,31,56,0,23,127,72,136,39,127,82,120,116,166,79,172,53,150,105,138,141,202,90,212,64,184,111,164,144,234,102,265,57,287,29,306,0
24,165,212,104,171,64,108,33,56,0,23,129,73,138,40,128,83,121,116,168,80,174,52,152,105,140,140,204,90,214,64,186,111,166,144,236,102,267,57,289,30,308,0
24,165,213,104,171,64,108,32,57,0,24,129,73,139,41,129,84,122,117,168,80,175,53,153,106,140,141,204,90,214,65,186,112,166,145,236,103,267,57,289,30,309,0
24,164,214,104,172,64,109,32,57,0,24,129,72,138,38,129,83,122,116,168,79,174,53,152,106,139,141,203,90,214,65,185,112,165,144,235,103,266,57,288,30,308,0
24,163,213,103,171,63,109,32,57,0,25,128,73,137,39,127,83,120,117,167,80,174,54,151,107,138,142,203,90,214,65,185,112,164,145,235,103,266,57,288,30,307,0
24,164,214,103,172,64,109,32,57,0,25,129,73,138,39,128,83,121,117,167,80,174,54,152,106,139,142,203,91,214,64,185,111,165,144,235,103,266,58,288,30,308,0
24,163,212,104,172,64,110,32,58,0,25,129,74,138,41,127,85,120,118,167,81,174,54,151,107,138,142,203,91,214,64,185,112,165,144,235,104,265,58,287,30,307,0
24,163,211,103,170,63,108,32,57,0,25,129,73,138,40,127,83,120,117,167,80,174,52,151,105,139,141,203,90,214,63,185,110,165,144,234,102,265,57,287,29,307,0
24,163,211,103,170,63,108,32,57,0,24,128,73,137,40,127,83,120,116,166,80,173,53,151,106,138,141,202,90,212,64,184,111,164,144,233,102,264,57,285,30,305,0
24,162,211,102,170,62,108,32,57,0,24,127,73,136,40,126,83,119,116,165,80,172,52,150,105,137,140,201,89,211,64,183,111,163,143,232,102,263,57,285,30,305,0
24,162,211,102,170,62,108,32,56,0,24,127,72,137,40,126,84,118,117,166,80,172,52,149,105,136,141,201,90,212,63,183,111,163,144,233,103,263,57,285,30,304,0
24,161,211,102,170,62,107,31,56,0,23,126,72,136,39,126,83,118,116,165,79,172,51,150,105,137,140,201,90,212,62,183,110,163,143,232,103,264,57,285,30,305,0
24,162,210,102,169,62,108,31,56,0,24,127,73,136,39,126,82,118,116,165,80,172,52,150,105,137,141,201,90,212,63,183,110,163,144,233,103,264,57,286,30,306,0
24,162,212,102,170,62,107,31,55,0,23,126,71,136,38,126,82,119,115,165,78,172,52,150,105,137,140,201,88,212,64,183,111,162,144,233,102,265,56,287,29,307,0
24,162,212,103,170,63,108,32,56,0,24,128,72,137,39,126,83,118,116,166,79,173,52,150,105,137,141,202,90,213,64,184,111,163,144,234,103,264,57,286,30,306,0
24,162,210,102,169,62,107,31,55,0,23,128,71,137,38,126,81,118,115,166,79,173,51,150,104,137,139,202,89,213,63,183,110,163,143,234,102,265,57,287,30,307,0
24,161,211,102,169,62,107,31,55,0,22,128,71,137,37,126,81,118,115,166,79,173,51,150,104,136,140,202,89,213,63,184,111,163,144,234,102,265,57,287,29,306,0
24,161,212,102,170,62,108,31,56,0,23,127,71,136,36,126,80,119,114,165,78,173,50,150,103,136,139,201,89,212,62,183,109,163,142,233,102,264,57,286,29,307,0
24,162,210,103,168,63,106,32,55,0,23,129,70,138,37,127,81,120,114,167,78,174,51,151,102,138,138,202,88,214,62,185,109,164,141,234,101,265,56,287,29,307,0
24,162,211,102,169,62,107,31,56,0,24,128,71,137,38,126,82,119,116,166,78,173,50,150,103,137,139,202,88,212,62,183,109,163,143,234,101,265,56,286,29,306,0
24,162,211,103,169,63,107,32,56,0,24,128,71,137,38,127,81,119,115,166,79,173,51,150,103,137,139,202,89,213,62,184,108,164,141,233,102,264,56,286,29,305,0
24,163,211,104,170,64,108,32,58,0,26,129,71,137,38,127,82,121,116,168,79,174,51,151,104,139,140,203,89,213,63,185,110,165,144,235,102,265,57,287,30,306,0
24,164,210,105,168,66,106,33,56,0,26,131,70,139,37,130,80,123,114,169,77,176,51,153,103,140,139,205,88,215,62,186,109,166,142,236,101,267,56,288,29,308,0
24,164,211,105,169,65,107,33,57,0,26,131,70,140,37,130,81,123,115,169,77,176,49,154,102,141,138,205,88,215,61,186,108,166,141,236,101,267,56,289,29,309,0
24,164,212,105,170,65,107,33,57,0,27,131,71,140,38,129,81,122,115,169,78,176,50,153,103,140,139,205,89,216,62,187,109,166,143,237,102,267,57,289,30,308,0
24,166,212,107,171,67,109,34,58,0,27,131,72,140,39,131,82,124,115,170,78,177,51,154,104,141,139,206,88,217,61,188,109,168,142,237,101,269,56,291,29,311,0
24,166,212,107,170,66,108,33,58,0,28,132,71,141,39,132,83,126,116,171,78,177,51,155,104,143,140,207,89,217,63,188,111,168,144,238,102,269,57,291,30,310,0
24,165,210,107,169,66,107,33,58,0,28,132,70,140,38,130,81,124,114,170,77,176,50,153,103,141,138,206,88,216,62,187,109,167,142,237,102,268,57,289,29,309,0
24,166,211,108,169,67,108,34,58,0,27,133,71,142,38,132,81,125,114,171,78,178,51,156,104,143,139,207,89,218,63,189,110,168,143,239,102,269,57,291,30,310,0
24,165,209,107,168,66,106,33,56,0,26,132,70,141,37,131,79,124,112,170,77,177,50,154,102,141,137,206,88,217,61,188,108,167,141,238,101,268,56,290,29,309,0
24,166,210,107,169,67,107,33,57,0,27,133,70,142,37,131,80,124,113,170,78,177,51,154,103,141,137,206,88,216,62,187,109,167,141,237,101,267,56,288,29,308,0
24,165,209,107,168,66,107,34,57,0,27,131,70,140,37,130,80,124,113,169,77,176,50,154,102,141,138,205,87,215,61,187,108,167,142,236,101,267,56,288,29,308,0
24,164,208,105,168,65,106,33,57,0,27,130,71,137,36,128,79,121,113,168,78,174,50,152,102,139,137,203,88,214,61,185,107,165,140,235,101,265,56,286,29,305,0
24,161,206,104,165,64,105,33,56,0,27,129,69,137,36,128,78,122,111,166,77,173,50,151,101,138,137,201,87,212,61,183,107,164,140,233,100,263,56,284,29,303,0
24,160,206,102,166,63,106,31,57,0,28,127,70,135,37,125,79,119,111,164,77,170,50,148,101,136,135,199,87,209,61,181,106,161,138,230,100,260,56,280,29,299,0
24,159,202,101,162,62,104,32,56,0,27,126,68,134,37,124,78,117,110,163,75,169,50,147,100,134,134,197,84,207,60,179,105,160,136,228,96,257,53,277,28,296,0
24,159,203,101,164,61,105,31,57,0,29,125,70,133,38,124,78,118,110,161,76,167,50,146,100,134,134,195,86,205,61,177,106,158,137,226,98,255,55,276,29,294,0
24,158,203,101,164,62,105,31,57,0,28,126,68,133,36,124,77,118,110,162,76,168,49,146,99,134,135,196,86,206,60,178,105,159,137,227,98,256,55,276,28,294,0
24,158,204,100,165,61,105,31,57,0,29,124,69,132,37,124,78,118,111,161,76,167,49,146,100,134,135,195,85,205,60,178,105,160,137,226,98,255,54,275,28,293,0
24,160,202,102,163,63,105,32,57,0,29,126,70,134,37,125,78,119,111,163,77,169,50,148,100,136,136,198,86,207,60,181,105,162,138,228,98,257,54,277,28,295,0
24,160,204,102,164,63,105,31,58,0,30,126,70,134,37,125,78,119,109,162,77,168,50,147,100,135,134,197,87,206,61,179,106,161,138,227,99,257,55,277,29,295,0
24,160,204,102,165,62,106,31,58,0,29,125,71,134,37,125,78,118,111,162,78,169,50,148,100,135,135,197,87,207,60,180,105,161,138,228,99,257,55,277,29,294,0
24,160,203,103,163,63,104,32,56,0,28,126,70,135,37,126,77,120,110,163,76,170,48,149,98,137,134,198,86,208,59,181,104,162,137,228,98,258,54,278,28,296,0
24,159,203,102,164,63,105,32,57,0,29,126,70,135,37,126,77,119,109,163,76,170,49,148,99,136,135,198,86,208,60,180,105,161,138,228,99,257,55,277,29,295,0
24,159,204,102,164,63,106,32,58,0,29,126,70,134,38,126,78,120,110,163,77,169,49,148,100,136,135,197,86,207,60,180,105,161,138,228,99,257,55,277,28,295,0
24,159,203,102,164,62,105,31,57,0,28,126,70,135,37,126,78,119,110,163,77,169,50,148,100,135,135,197,86,207,60,180,105,160,137,228,98,257,55,278,29,296,0
24,160,203,102,164,63,105,32,57,0,28,126,69,136,37,127,78,121,110,163,76,171,49,149,99,137,133,198,85,209,59,181,105,162,137,228,97,258,54,279,28,297,0
24,159,204,102,165,62,106,32,58,0,29,124,70,134,37,127,77,121,110,162,77,169,49,148,100,137,135,197,86,208,59,181,104,162,137,228,98,258,55,279,28,297,0
24,161,204,103,164,62,106,32,57,0,28,126,70,135,38,127,78,121,110,163,77,171,50,150,100,137,135,198,86,208,60,182,105,163,137,229,97,258,54,279,28,297,0
24,159,202,102,163,62,104,31,56,0,28,125,69,134,36,126,76,120,108,162,75,170,48,149,98,137,132,197,84,208,58,181,103,162,135,228,96,258,53,278,27,296,0
24,159,202,102,162,63,103,32,55,0,26,127,67,135,35,127,74,121,107,164,74,170,48,149,97,137,133,198,84,208,57,181,102,162,135,229,96,258,53,278,27,296,0
24,161,205,103,165,63,105,32,57,0,29,127,70,134,37,126,76,120,109,164,76,170,49,149,98,138,134,198,85,207,58,181,103,164,136,229,98,258,54,277,28,295,0
24,161,206,104,166,64,106,32,58,0,29,128,70,137,37,128,76,122,110,165,77,172,48,151,98,139,134,200,86,211,59,184,104,165,137,231,98,259,54,279,28,297,0
24,163,206,105,167,64,106,33,58,0,29,128,72,137,38,128,78,122,111,165,78,173,49,151,99,139,135,201,87,211,59,184,105,166,138,232,99,261,55,280,28,299,0
24,163,205,104,166,64,106,32,57,0,28,128,71,137,37,128,77,121,110,165,77,172,50,150,100,138,136,200,86,210,59,183,105,164,138,232,99,261,55,282,28,300,0
24,163,206,105,166,65,106,33,56,0,27,130,71,138,36,130,77,123,110,167,78,174,49,153,99,140,136,202,87,212,60,185,106,166,139,233,99,263,55,283,28,302,0
24,163,206,104,166,64,106,33,57,0,27,130,71,137,38,128,78,122,111,167,78,173,49,152,99,139,135,202,87,212,60,184,106,165,139,234,99,263,55,284,29,302,0
24,162,208,104,168,64,107,32,57,0,28,129,72,138,38,128,79,122,112,167,78,174,50,151,100,139,136,202,88,212,60,184,106,165,140,233,100,263,55,284,29,303,0
24,163,206,104,166,64,104,33,55,0,26,130,69,139,36,129,76,123,110,168,76,175,48,152,99,140,135,203,86,213,59,185,104,166,138,234,99,264,55,284,28,303,0
24,163,206,105,166,65,105,34,55,0,26,130,70,139,35,130,76,123,109,168,77,175,48,153,99,141,135,203,87,214,59,186,105,168,138,234,99,264,55,284,29,303,0
24,163,206,104,166,64,105,33,56,0,27,130,70,139,35,129,76,122,109,167,77,175,48,153,98,140,135,203,87,213,59,185,104,167,138,234,99,263,55,283,28,302,0
24,164,206,105,166,64,105,33,56,0,27,131,71,139,37,129,77,122,110,168,78,175,48,153,98,141,135,203,87,213,59,186,104,167,138,235,100,264,56,284,29,303,0
24,164,209,105,168,64,108,33,59,0,29,130,72,139,39,130,79,122,112,168,79,175,51,153,102,140,138,203,88,213,61,185,108,167,141,235,101,264,56,284,29,302,0
24,165,209,106,169,65,108,33,59,0,30,130,73,140,39,131,79,123,113,168,80,175,52,153,102,141,139,204,89,213,61,186,107,167,140,235,101,264,56,284,29,302,0
24,164,209,105,169,64,107,33,58,0,29,129,72,139,37,130,78,122,112,166,78,175,50,153,100,140,137,202,87,212,60,185,106,167,140,234,99,262,54,282,28,300,0
24,164,209,105,169,64,107,33,58,0,29,129,72,139,39,129,80,122,113,167,78,174,50,153,101,140,137,202,88,213,61,185,107,166,140,234,100,262,55,282,28,300,0
24,163,210,104,170,63,108,32,59,0,30,129,73,137,38,128,79,121,112,166,79,173,51,151,102,139,138,201,88,211,61,183,107,164,141,233,101,261,56,281,29,298,0
24,161,208,103,168,63,106,32,56,0,27,128,72,136,37,127,77,120,111,165,79,172,50,151,100,139,137,201,88,210,61,183,106,165,140,233,100,262,55,281,28,299,0
24,161,207,102,166,62,105,32,55,0,26,128,70,137,37,127,77,119,110,166,77,172,50,150,100,137,135,201,87,211,61,182,106,163,138,233,100,261,56,280,29,298,0
24,161,208,102,167,63,105,32,55,0,25,128,71,137,37,128,76,120,110,165,78,172,49,150,99,138,136,201,88,210,61,183,106,163,139,232,101,261,56,281,29,299,0
24,159,208,102,166,62,104,32,54,0,24,128,69,136,36,127,76,120,110,165,77,172,48,150,98,138,135,200,87,210,59,182,104,163,138,231,100,260,55,279,28,297,0
24,158,207,101,167,62,104,31,54,0,24,128,69,137,35,126,75,118,109,165,77,172,48,149,98,136,135,200,87,210,59,182,105,162,138,230,100,259,56,278,29,297,0
24,161,209,103,168,63,105,32,54,0,24,128,71,137,35,128,75,121,110,166,78,173,48,151,99,138,137,201,88,211,59,183,105,164,139,232,100,260,56,279,29,297,0
24,160,206,102,165,62,104,32,54,0,24,129,69,136,35,127,75,119,109,166,77,172,48,150,97,137,135,201,87,210,60,182,105,163,139,231,100,260,56,279,29,297,0
24,160,206,102,166,62,104,32,54,0,24,129,70,137,35,127,75,120,110,166,77,172,48,150,98,138,135,200,87,210,59,182,104,163,138,231,100,260,55,279,28,297,0
24,160,206,102,165,62,103,32,54,0,24,129,68,137,36,126,75,119,110,166,76,173,48,150,98,137,136,201,87,211,60,182,106,163,140,232,100,260,56,280,29,298,0
24,159,207,102,166,62,104,32,54,0,25,128,69,137,35,126,75,118,110,166,77,173,48,150,99,137,136,201,87,211,59,182,105,163,139,231,100,260,55,279,28,297,0
24,159,206,102,165,62,103,31,54,0,23,128,68,137,35,126,75,119,109,166,76,173,47,150,97,138,135,201,86,211,59,183,104,164,138,232,100,260,55,279,28,297,0
24,157,205,100,165,60,103,30,53,0,23,126,68,134,35,125,75,118,108,164,76,170,47,148,97,136,134,199,86,209,58,181,103,162,137,229,99,258,55,277,28,295,0
24,158,204,101,164,61,102,31,52,0,22,126,68,135,34,126,74,118,108,163,75,171,46,149,96,136,133,198,85,209,57,181,102,162,136,229,99,257,54,277,28,295,0
24,158,205,100,164,60,103,30,53,0,23,126,68,135,35,125,75,118,108,163,76,170,47,149,97,136,134,198,86,209,58,181,103,161,137,230,99,258,55,277,28,295,0
24,159,203,102,163,63,101,32,51,0,22,130,67,137,33,127,73,119,107,167,75,173,47,150,97,137,134,201,85,211,57,183,102,163,136,231,98,260,54,279,28,297,0
24,158,205,101,164,62,102,31,52,0,23,128,67,136,35,126,75,118,110,165,75,172,46,150,97,137,134,200,85,210,58,182,103,163,137,231,99,259,54,278,27,296,0
24,159,206,101,165,61,104,31,54,0,23,127,69,136,34,126,74,119,109,165,77,172,47,150,97,137,135,199,87,210,58,182,104,163,138,230,100,259,55,278,28,296,0
24,159,206,102,165,62,103,31,53,0,23,128,68,137,33,127,74,119,109,165,75,173,47,150,98,138,134,200,86,210,58,182,104,163,138,231,99,259,55,279,28,297,0
24,159,206,101,165,62,103,31,53,0,23,128,68,136,34,125,75,118,109,165,76,172,46,150,97,137,134,200,86,209,58,182,104,163,139,230,99,259,55,278,28,296,0
24,158,206,100,165,61,103,31,54,0,24,128,68,135,35,125,75,118,109,165,76,171,48,149,98,136,134,200,86,209,59,181,105,162,139,231,100,259,55,278,29,296,0
24,159,206,102,165,62,104,32,54,0,24,129,68,136,36,125,76,117,110,166,76,172,48,150,98,137,135,201,86,210,60,182,105,163,139,231,100,259,55,279,28,297,0
24,158,204,101,163,61,102,31,52,0,22,128,67,136,35,125,74,118,109,165,75,172,46,149,96,136,134,200,85,209,59,181,104,162,138,230,99,258,55,278,28,297,0
24,158,205,101,164,61,101,31,51,0,21,128,67,136,34,126,74,118,108,165,75,172,46,150,96,137,133,200,86,210,57,182,103,163,137,231,99,259,55,279,28,297,0
24,158,205,101,163,62,101,32,51,0,21,128,67,136,34,126,74,118,107,165,75,172,47,150,97,137,134,200,86,211,58,182,103,163,136,231,99,260,55,279,28,297,0
24,158,205,101,164,62,102,32,52,0,22,128,67,136,33,126,74,119,108,165,75,172,47,150,98,137,134,200,86,210,58,182,104,163,137,231,99,259,55,278,28,296,0
24,156,202,99,161,61,99,31,50,0,19,128,64,136,31,126,71,118,105,165,73,171,45,148,95,135,131,199,84,209,56,181,101,161,134,230,97,258,54,277,27,294,0
24,158,204,101,162,61,100,31,51,0,21,128,67,136,33,126,73,118,107,165,74,171,46,149,95,137,132,199,85,209,57,182,102,163,136,230,98,258,54,277,27,295,0
24,158,204,101,162,61,100,31,51,0,21,128,67,136,32,126,72,118,107,164,75,171,46,149,96,136,133,199,85,209,57,181,102,162,135,229,99,257,55,276,28,293,0
24,157,204,101,163,61,101,31,52,0,22,127,67,135,33,125,73,118,107,164,74,170,46,149,96,136,133,198,84,208,57,181,102,162,136,229,97,257,54,276,27,294,0
24,158,205,101,164,61,102,31,52,0,22,127,67,136,34,126,74,119,108,165,74,171,46,150,96,137,133,199,85,209,57,182,103,163,136,230,98,259,54,278,28,296,0
24,159,205,102,164,62,102,31,53,0,24,129,67,136,35,126,74,118,108,166,75,171,47,149,96,137,133,200,85,209,58,181,103,163,137,231,99,258,55,277,28,294,0
24,160,205,102,164,62,103,32,54,0,24,129,68,137,35,127,75,120,109,166,75,173,47,151,97,139,134,201,86,211,58,183,103,165,137,232,99,259,54,278,28,296,0
24,159,204,102,163,61,102,31,53,0,23,128,67,137,35,126,75,118,109,166,74,173,46,150,96,137,133,201,85,210,58,182,104,163,138,232,98,259,54,278,27,295,0
24,160,205,103,164,62,103,32,54,0,24,129,68,137,35,127,75,119,110,167,76,173,47,151,98,137,136,201,86,210,58,183,104,164,139,232,99,260,55,279,28,296,0
24,159,204,101,163,61,102,31,53,0,23,129,68,135,35,124,76,116,110,166,76,171,48,148,97,135,135,200,86,209,58,181,104,162,138,231,99,258,55,276,28,293,0
24,159,204,101,162,61,102,31,52,0,23,129,67,136,35,126,75,118,109,166,75,172,46,150,96,136,134,201,85,209,57,182,103,163,138,231,98,258,54,277,27,294,0
24,158,204,101,162,61,101,31,53,0,24,129,66,136,35,125,75,118,109,166,74,171,46,149,96,137,133,200,84,209,57,182,102,163,136,231,98,257,54,275,27,292,0
24,159,204,101,162,61,102,31,53,0,24,128,68,135,35,126,75,119,109,165,76,171,47,149,96,136,134,200,86,209,58,182,103,163,137,230,99,257,55,276,28,293,0
24,159,205,102,164,61,103,31,54,0,24,129,69,136,35,127,75,119,110,166,76,172,48,150,98,136,135,201,86,210,58,182,103,163,138,231,99,258,55,277,28,293,0
24,158,204,101,163,60,102,31,53,0,23,128,68,136,35,126,75,118,110,165,76,171,47,149,96,136,134,200,86,209,57,182,102,163,137,230,99,258,55,276,28,292,0
24,158,204,101,163,61,102,31,53,0,23,128,67,136,34,126,75,118,109,165,75,171,46,150,96,137,134,200,85,209,57,182,102,164,137,231,99,259,55,277,28,294,0
24,159,204,101,162,61,101,31,53,0,23,129,67,136,34,126,74,118,108,166,75,171,47,149,97,136,134,200,85,209,57,182,102,163,136,231,98,258,54,277,28,294,0
24,158,206,101,164,62,103,31,54,0,24,127,69,136,35,126,75,118,109,164,76,171,49,149,99,135,136,199,86,209,58,182,103,163,137,230,99,257,55,275,28,292,0
24,159,205,101,163,61,102,31,54,0,24,128,70,137,35,127,75,119,109,165,77,171,48,150,97,137,134,199,87,209,58,182,102,163,136,230,100,257,56,275,28,291,0
24,159,206,102,164,62,103,32,55,0,26,129,70,137,36,126,76,118,110,165,78,171,49,149,99,136,135,200,88,209,59,181,103,162,137,230,100,257,56,274,28,291,0
24,158,206,101,163,61,103,31,55,0,25,129,69,136,36,125,75,117,110,165,76,170,48,149,97,137,135,199,87,207,58,181,103,162,137,229,99,255,55,273,28,289,0
24,158,206,100,163,60,103,31,54,0,25,128,70,135,36,124,76,116,111,165,77,170,48,148,97,136,134,199,87,207,58,180,102,162,136,229,100,255,55,272,28,288,0
24,159,206,102,164,62,103,32,54,0,25,129,70,137,36,127,76,119,110,166,77,172,49,150,98,137,135,200,87,210,58,182,103,164,137,231,100,258,56,275,29,291,0
24,158,206,100,163,61,102,31,54,0,25,128,69,136,36,126,75,118,109,165,77,170,49,149,98,136,135,200,87,208,58,181,102,163,136,230,99,257,55,274,28,290,0
24,159,206,102,164,62,103,32,54,0,25,129,70,137,36,127,77,119,111,166,77,172,48,150,97,138,134,201,87,210,58,183,102,164,137,231,100,258,55,275,28,291,0
24,159,206,102,164,62,103,32,54,0,25,129,70,137,35,127,76,119,110,166,77,171,48,150,97,137,135,200,87,209,58,182,103,163,137,231,100,257,55,275,28,291,0
24,158,205,101,163,61,102,31,53,0,24,128,70,136,36,127,76,119,110,165,77,171,47,150,97,137,134,200,87,209,58,182,103,163,137,230,100,258,55,275,28,291,0
24,157,206,100,163,61,102,31,54,0,24,127,69,135,35,125,75,117,109,164,77,170,49,147,98,134,135,199,87,208,58,180,103,161,136,229,100,256,55,273,28,289,0
24,158,205,101,163,61,102,32,53,0,24,129,69,137,35,126,74,118,109,165,77,171,48,149,97,137,134,200,87,209,57,182,102,163,136,230,99,256,55,273,27,290,0
24,156,204,100,161,60,100,31,52,0,23,128,68,135,35,124,75,117,109,164,75,169,47,148,96,135,133,198,86,207,58,179,102,161,136,229,99,254,54,271,27,287,0
24,156,204,99,161,60,100,31,52,0,23,126,69,133,35,123,74,116,109,163,76,168,48,146,97,134,134,197,86,206,57,179,102,161,136,228,99,254,55,271,28,286,0
24,155,203,98,161,60,101,30,52,0,22,125,69,133,35,123,73,115,107,161,76,167,48,145,97,133,133,195,87,204,57,178,101,160,135,226,100,252,55,269,28,285,0
24,153,203,98,161,59,101,30,52,0,22,125,66,132,34,122,74,114,108,161,74,167,48,145,97,132,134,195,84,203,58,177,102,159,136,225,98,250,53,268,27,284,0
24,153,204,97,162,59,101,30,52,0,22,124,68,132,34,122,73,114,107,161,75,166,47,144,96,132,132,195,86,204,57,177,101,158,135,226,99,252,55,269,28,284,0
24,155,204,98,161,60,100,31,51,0,21,126,68,134,34,124,73,116,107,162,75,168,47,146,96,133,132,196,85,205,57,178,101,160,135,227,98,253,54,271,27,287,0
24,156,204,98,161,60,100,31,51,0,21,126,67,134,34,124,73,116,106,163,75,169,47,147,97,134,133,197,85,206,58,179,102,160,135,228,98,255,54,272,27,288,0
24,156,205,99,162,60,100,31,51,0,22,126,67,134,33,124,74,116,107,163,75,168,47,146,97,133,133,198,86,207,57,179,102,160,135,228,99,255,55,272,28,288,0
24,156,204,99,161,61,100,31,51,0,22,127,68,135,34,124,74,116,107,163,76,169,48,147,97,134,134,198,87,207,57,180,102,161,136,229,100,255,55,273,28,289,0
24,157,204,100,162,61,101,32,51,0,21,126,68,134,34,124,75,116,108,163,75,169,46,147,96,133,133,197,86,207,56,180,101,161,135,229,99,255,54,272,28,288,0
24,158,205,100,163,61,103,32,53,0,23,127,69,135,36,125,76,117,110,164,77,170,48,148,98,135,135,199,87,208,58,181,103,162,137,230,100,256,55,273,28,289,0
24,156,203,100,161,61,101,31,52,0,22,126,68,135,34,125,74,117,107,163,75,169,47,147,96,134,132,198,86,207,57,180,101,161,134,229,99,254,54,271,27,287,0
24,155,205,98,163,60,102,31,54,0,23,125,69,133,35,124,75,116,109,161,77,167,49,146,98,133,134,196,87,205,59,178,103,160,136,226,100,252,55,269,28,285,0
24,155,205,99,163,60,103,31,54,0,24,125,70,133,36,123,75,115,109,161,77,167,48,145,98,133,134,196,87,205,57,178,102,160,135,227,99,251,54,267,27,283,0
25,33,226,7,208,0,176,34,151,71,131,12,93,25,41,45,18,67,0,48,94,75,105,60,146,46,160,77,109,96,132,73,168,57,173,101,130,116,148,92,174,71,177
25,33,227,7,208,0,175,36,149,73,130,12,91,24,39,45,16,67,0,47,93,76,104,60,146,46,159,77,107,98,131,75,167,58,172,101,128,117,147,93,174,72,176
25,32,228,6,208,0,176,35,151,71,131,12,92,25,40,45,17,68,0,47,94,75,105,59,147,45,161,77,109,97,133,73,168,57,173,101,130,116,149,92,175,71,177
25,33,226,7,207,0,175,34,150,71,131,13,91,26,39,46,16,69,0,48,93,75,105,60,146,47,160,77,108,97,131,74,167,59,171,102,128,117,148,93,174,72,176
25,33,228,6,209,0,178,35,154,72,136,13,94,26,42,47,18,70,0,48,96,76,107,62,149,48,163,78,111,98,134,74,170,58,176,102,132,117,151,93,177,72,180
25,34,230,7,210,0,178,34,153,71,134,13,94,26,43,47,19,70,0,48,96,77,108,61,150,47,164,78,110,98,136,74,171,57,177,103,131,117,151,93,178,72,181
25,31,228,6,209,0,177,34,152,70,133,12,93,25,42,46,18,68,0,47,96,75,107,59,148,45,161,76,111,96,133,73,169,57,174,100,132,115,149,91,175,71,179
25,32,227,6,208,0,176,35,151,73,132,12,92,26,41,47,17,70,0,47,94,75,104,59,147,46,159,77,109,97,133,73,169,57,172,101,130,116,150,92,175,71,177
25,33,229,7,210,0,178,34,153,70,134,14,94,27,42,47,18,69,0,49,96,76,108,60,150,46,165,78,110,98,135,74,172,58,177,102,131,117,151,93,178,72,181
25,33,227,7,208,0,177,34,153,71,134,13,93,27,41,47,18,70,0,48,95,75,106,59,149,45,162,78,110,97,134,73,170,57,174,102,130,116,150,92,176,72,179
25,34,227,7,209,0,178,35,154,71,135,13,94,27,42,47,18,70,0,49,96,76,107,60,149,46,162,78,110,98,134,74,170,58,173,103,131,117,150,93,177,72,179
25,33,227,7,208,0,177,34,152,71,133,12,91,27,40,48,16,70,0,48,93,76,106,60,149,46,162,77,107,97,133,74,168,58,172,102,128,117,150,93,176,72,177
25,32,228,7,209,0,178,33,153,70,134,11,94,25,42,46,18,68,0,47,96,75,104,60,146,47,160,76,111,96,133,73,168,57,173,100,131,115,150,91,176,70,178
25,33,229,6,211,0,179,34,154,70,135,13,94,27,42,47,18,69,0,48,95,76,108,60,150,46,164,77,110,97,135,74,171,58,176,101,131,116,151,92,177,71,180
25,32,227,6,208,0,176,34,153,71,134,14,93,27,41,47,18,69,0,49,95,76,106,61,148,48,163,78,110,98,133,74,169,58,174,102,131,116,150,92,176,71,178
25,33,227,7,208,0,176,35,152,72,134,14,92,28,41,48,17,71,0,50,95,77,106,61,147,48,161,79,110,98,134,74,169,58,173,103,131,117,151,92,177,71,180
25,31,226,6,207,0,175,35,152,71,133,15,92,28,42,48,18,70,0,50,96,76,105,59,147,45,161,79,111,98,133,73,169,56,174,102,133,116,151,91,176,70,179
25,32,225,5,207,0,176,36,153,74,134,14,93,28,41,48,18,71,0,48,95,76,108,61,150,47,164,77,110,98,133,74,169,57,175,101,130,116,150,93,176,71,179
25,32,226,5,207,0,176,37,152,74,134,14,93,28,42,49,18,71,0,49,96,76,107,60,148,46,161,78,111,97,133,74,169,57,174,101,132,116,150,92,176,71,179
25,31,225,5,207,0,175,38,151,75,133,14,93,28,41,49,18,71,0,49,96,77,107,60,149,46,162,78,111,98,133,74,169,57,174,101,132,116,149,92,176,70,179
25,31,225,5,207,0,175,38,151,76,132,14,93,28,42,49,18,72,0,49,96,77,107,60,149,46,162,78,111,98,133,74,169,57,174,101,132,116,149,92,176,70,179
25,32,225,6,207,0,175,37,152,74,134,14,92,29,41,50,17,72,0,49,95,77,108,60,150,46,162,78,110,98,133,74,169,57,172,101,130,116,149,92,175,71,177
25,33,225,6,207,0,176,36,152,73,133,14,91,28,40,49,16,72,0,49,93,77,108,60,150,47,163,78,108,99,133,75,169,58,172,101,129,117,149,94,175,73,177
25,33,225,7,207,0,176,36,152,73,133,14,91,28,39,49,16,72,0,49,92,77,108,61,150,47,163,78,107,99,133,75,169,59,172,102,128,117,149,94,175,73,177
25,32,225,5,207,0,176,35,152,73,133,13,91,28,39,49,16,71,0,48,93,77,107,60,149,46,163,78,107,98,134,74,170,57,174,102,128,117,150,92,176,71,178
25,31,224,5,206,0,174,36,151,72,132,15,91,29,40,49,17,72,0,50,94,77,107,60,149,46,163,79,108,98,133,74,168,57,173,102,130,116,149,92,175,71,177
25,30,225,5,207,0,175,36,152,72,133,12,92,27,41,48,17,70,0,47,94,76,107,59,150,44,163,75,110,97,134,73,170,56,175,98,131,114,149,91,176,70,179
25,31,225,5,207,0,175,36,151,73,132,14,92,28,40,49,17,71,0,49,94,76,108,59,150,45,164,78,110,97,134,73,170,55,176,101,131,116,150,91,176,69,180
25,33,224,7,206,0,174,36,150,74,132,13,91,28,39,49,16,72,0,49,92,77,105,61,147,47,160,78,107,98,132,74,168,57,172,102,128,116,150,92,175,71,177
25,33,223,7,205,0,174,36,151,73,133,15,90,29,40,50,16,72,0,50,92,78,107,62,149,48,163,79,107,99,134,75,169,58,174,103,129,117,150,93,176,72,179
25,33,224,7,206,0,175,35,151,73,132,13,91,28,39,49,16,72,0,49,93,76,104,61,146,47,161,78,108,97,132,74,168,57,173,102,129,116,149,92,175,71,177
25,32,223,6,205,0,175,34,151,72,132,12,91,27,38,48,15,70,0,47,92,74,105,59,147,46,161,76,107,96,131,73,167,57,171,100,127,114,148,91,174,71,176
25,32,224,6,206,0,174,36,150,73,131,11,91,26,40,47,16,70,0,47,93,75,103,59,145,45,158,76,108,96,131,73,167,56,171,100,129,115,148,91,174,71,177
25,34,223,7,206,0,175,35,151,71,132,12,91,26,39,48,16,70,0,48,93,75,105,60,146,46,161,77,107,97,131,74,167,57,173,101,128,116,148,92,174,71,178
25,33,222,7,205,0,174,34,150,70,131,12,89,26,38,47,15,70,0,47,91,74,104,58,147,44,161,77,106,95,131,72,168,56,173,101,127,114,148,91,174,70,177
25,35,221,8,205,0,176,34,152,70,132,12,91,26,38,48,15,71,0,47,91,75,105,59,147,46,159,76,105,97,132,73,167,57,169,101,125,115,149,92,175,71,175
25,34,221,7,204,0,173,34,150,70,131,13,89,27,38,48,15,70,0,47,91,75,102,60,144,46,157,76,105,97,130,74,165,57,170,100,126,115,147,92,172,71,174
25,33,221,7,203,0,173,35,148,72,129,12,89,26,39,48,16,71,0,47,91,74,102,59,144,45,159,76,105,96,129,74,165,57,171,100,126,115,146,92,172,71,175
25,35,222,8,205,0,174,35,149,72,130,13,90,28,39,49,16,72,0,48,92,76,104,60,146,47,160,78,106,98,130,74,167,58,172,102,126,116,147,93,173,72,176
25,34,221,8,204,0,174,34,150,70,130,13,89,27,38,49,15,72,0,48,91,75,103,59,145,46,160,77,105,97,130,74,166,58,171,101,125,116,147,92,173,72,175
25,34,222,7,205,0,173,35,149,72,129,13,89,27,37,48,14,71,0,48,91,75,103,59,145,46,159,77,105,97,130,73,166,57,170,101,126,115,147,91,174,71,175
25,34,224,7,206,0,174,34,150,70,130,13,91,26,38,47,16,70,0,48,92,75,105,60,147,46,162,77,106,96,131,73,167,57,172,101,127,115,148,91,174,71,177
25,36,222,8,204,0,172,35,148,71,128,14,89,27,36,48,14,69,0,49,90,74,101,59,143,45,156,78,105,97,128,74,164,58,169,102,126,116,145,92,172,72,175
25,36,223,8,205,0,173,35,148,71,129,13,91,26,39,48,16,70,0,49,93,75,102,60,143,46,158,78,107,97,129,74,165,57,172,102,128,115,146,92,173,72,177
25,36,223,8,205,0,172,35,147,71,128,13,91,26,39,48,16,71,0,48,93,75,103,60,145,46,159,77,107,97,129,74,166,58,171,101,128,115,146,92,173,71,176
25,36,222,7,204,0,171,35,147,72,129,13,90,27,39,48,16,71,0,49,92,76,102,60,144,47,158,78,107,97,129,74,165,58,170,102,128,116,145,93,172,73,174
25,36,222,7,204,0,173,34,148,71,130,13,91,27,39,48,16,70,0,48,92,75,103,60,144,47,159,77,106,96,129,74,165,58,171,101,127,115,145,92,172,72,175
25,34,222,7,205,0,173,33,149,69,129,12,90,25,39,46,16,69,0,47,92,74,102,59,144,45,158,76,106,96,129,73,165,57,171,100,127,114,146,91,172,71,176
25,34,223,7,205,0,174,33,149,69,130,12,90,25,38,46,15,69,0,46,92,73,102,58,144,44,158,76,106,95,128,72,165,56,170,100,127,114,145,91,172,71,175
25,35,224,8,206,0,174,33,149,69,130,12,91,26,39,47,16,70,0,47,92,73,103,58,145,44,161,77,106,96,129,73,166,56,173,102,127,115,146,92,173,71,177
25,35,222,7,204,0,172,34,148,70,129,12,91,26,40,47,17,70,0,47,92,74,104,59,145,46,158,77,106,97,128,75,165,59,170,101,126,116,144,93,170,73,174
25,35,224,7,204,0,171,34,146,70,127,12,90,26,39,46,17,69,0,47,92,73,102,58,143,44,156,77,107,96,127,74,164,58,170,101,128,115,143,92,170,72,174
25,36,223,8,204,0,171,35,146,71,128,13,89,28,36,49,14,72,0,48,91,75,101,59,143,45,156,78,105,97,127,74,163,59,168,102,126,116,144,93,171,73,173
25,37,222,8,203,0,171,34,146,69,127,13,89,27,37,48,15,70,0,48,89,74,102,58,144,44,157,77,103,96,127,73,163,57,168,102,124,115,144,92,170,72,173
25,36,222,8,204,0,171,34,146,69,126,13,89,26,37,47,15,69,0,48,90,75,101,59,142,45,157,77,104,97,126,74,163,58,168,101,125,115,143,92,170,72,173
25,36,223,8,205,0,173,33,147,68,126,12,89,26,38,46,16,67,0,47,90,74,101,59,143,45,159,76,104,97,126,74,163,58,170,101,125,115,143,92,170,72,174
25,37,220,8,201,0,168,34,144,69,125,13,88,25,38,45,16,67,0,48,89,74,100,58,141,45,155,77,103,96,125,73,161,58,166,102,124,114,142,92,169,72,171
25,36,222,8,204,0,171,32,145,66,125,13,89,26,38,46,16,67,0,48,91,73,101,58,141,44,156,77,105,96,126,73,163,57,170,101,126,114,141,91,169,72,174
25,36,222,8,203,0,170,32,144,67,124,13,88,26,38,45,16,67,0,48,90,72,100,56,141,43,155,77,105,95,125,73,162,57,169,101,127,114,141,91,168,72,173
25,35,224,8,205,0,172,32,145,66,125,12,90,26,39,45,16,66,0,47,91,72,102,57,143,43,157,76,105,94,127,72,164,56,170,100,126,112,142,90,170,70,174
25,38,225,9,204,0,171,31,144,65,124,12,89,24,40,43,17,65,0,47,91,71,100,56,141,43,156,77,105,95,124,73,161,57,168,102,126,113,141,91,168,72,174
25,38,227,9,206,0,171,32,144,65,124,12,89,24,39,44,17,65,0,47,91,72,100,56,141,43,156,77,106,95,124,73,161,57,168,101,128,113,143,91,171,72,176
25,38,228,9,208,0,173,32,146,66,124,11,90,24,42,43,19,64,0,46,91,73,103,57,146,44,161,76,105,97,127,74,164,58,170,101,126,115,142,92,170,73,175
25,38,226,9,206,0,172,32,145,65,124,11,89,24,41,42,18,63,0,47,90,72,102,56,144,44,157,76,104,96,125,73,162,58,167,101,125,114,142,91,170,73,173
25,39,228,9,208,0,173,33,145,67,124,11,89,24,41,43,18,66,0,47,90,74,102,58,144,45,157,77,104,97,126,74,163,58,169,103,125,114,144,91,172,72,175
25,38,228,9,206,0,171,33,144,66,124,12,90,24,42,42,18,63,0,47,91,72,102,56,143,43,157,77,106,96,125,73,162,57,169,102,127,113,143,90,170,70,175
25,39,226,10,205,0,170,32,144,66,124,12,89,24,41,42,18,64,0,47,89,73,103,57,144,44,159,78,104,97,126,74,163,58,170,102,125,114,143,91,170,72,175
25,40,224,10,205,0,171,31,144,65,124,12,89,24,41,42,18,64,0,47,89,72,104,56,146,44,158,77,102,96,126,74,163,59,167,102,123,115,142,92,169,74,173
25,39,226,9,206,0,171,31,144,65,122,11,88,24,41,42,18,63,0,47,89,73,102,57,145,43,160,77,103,97,125,74,163,58,170,102,124,115,142,92,170,73,175
25,41,226,10,206,0,172,32,144,64,122,12,88,24,40,42,17,64,0,48,87,75,104,59,147,45,162,78,101,98,126,75,164,59,170,103,122,116,142,93,171,73,175
25,41,226,11,206,0,172,31,145,64,123,12,87,23,41,42,18,64,0,48,87,75,102,58,146,46,160,79,101,99,125,75,163,60,170,105,122,117,142,94,171,75,175
25,41,228,10,207,0,173,31,144,63,122,11,89,23,42,41,18,62,0,47,88,74,103,58,146,44,161,77,102,98,125,75,163,59,169,103,123,116,143,92,171,73,175
25,42,227,11,207,0,172,32,145,65,123,13,88,25,41,43,18,64,0,49,89,75,103,58,147,44,162,79,103,99,126,75,164,60,172,105,124,117,143,94,172,74,176
25,41,225,10,206,0,172,31,145,64,123,12,88,23,42,41,18,63,0,48,87,74,103,58,146,45,161,78,101,98,126,75,164,59,169,104,121,117,142,93,171,74,174
25,41,225,10,205,0,172,31,145,63,123,12,88,23,42,40,19,61,0,48,88,73,103,57,146,44,160,78,102,97,127,74,165,58,169,103,122,115,145,91,173,72,176
25,43,224,11,205,0,172,31,145,64,123,14,88,24,41,42,18,64,0,49,88,75,104,58,147,47,159,79,101,99,126,76,163,61,167,105,122,117,143,94,171,76,173
25,42,223,11,205,0,173,31,145,63,122,12,89,23,42,41,18,62,0,47,88,73,102,57,146,46,159,77,100,97,125,75,163,60,167,102,120,116,141,94,169,75,173
25,41,225,10,206,0,172,31,144,64,121,12,88,23,41,41,18,62,0,48,89,74,103,57,146,45,159,77,102,99,125,75,163,60,168,103,122,116,142,93,171,74,174
25,41,225,10,206,0,172,31,145,63,123,11,89,22,43,40,19,61,0,47,88,73,102,57,145,45,161,77,102,97,126,75,164,60,171,102,122,115,142,92,171,73,176
25,43,224,11,204,0,171,31,144,64,123,13,87,24,41,42,18,63,0,49,86,74,104,58,147,46,161,79,99,98,127,75,164,60,169,105,119,117,144,94,171,74,174
25,42,225,11,205,0,172,31,144,64,122,12,88,23,42,42,18,63,0,48,87,74,103,58,147,46,161,79,100,98,126,76,164,61,169,105,120,117,143,94,171,74,174
25,41,227,10,207,0,172,31,144,63,122,11,89,22,42,40,18,61,0,47,88,74,104,59,147,45,163,77,102,98,127,75,165,59,173,103,123,116,143,92,172,72,178
25,44,226,12,207,0,173,32,145,65,124,13,90,24,43,42,19,64,0,49,88,75,104,59,148,47,162,79,101,99,128,76,165,61,170,105,121,117,145,94,174,75,176
25,43,225,12,206,0,172,31,144,63,123,12,88,23,41,41,18,62,0,48,87,73,104,57,147,45,161,77,101,97,127,74,165,59,170,103,121,115,145,92,174,73,176
25,42,224,11,204,0,171,30,144,62,122,12,87,22,42,40,18,60,0,47,87,73,104,57,148,45,162,77,101,97,127,74,164,59,169,103,121,116,143,93,171,74,174
25,42,224,11,204,0,171,30,143,63,121,11,88,22,42,39,18,60,0,47,87,73,104,57,147,45,161,77,101,98,126,75,163,60,169,103,121,116,143,93,170,74,173
25,43,224,11,205,0,171,30,143,62,121,11,88,21,42,39,18,59,0,46,87,72,104,56,147,44,162,76,101,97,127,74,164,59,169,102,121,115,143,92,171,73,175
25,43,225,11,205,0,172,30,143,61,121,10,88,21,42,39,18,60,0,46,87,72,105,56,149,45,163,76,100,97,127,74,164,60,170,102,120,115,143,92,171,74,174
25,44,228,12,207,0,173,30,144,62,122,12,89,22,42,39,19,58,0,47,89,72,104,57,147,45,163,78,102,96,127,74,165,60,173,103,123,114,144,92,173,74,179
25,44,227,12,207,0,174,30,145,62,123,11,89,21,42,38,18,57,0,47,88,73,105,57,150,44,166,77,101,97,128,75,167,60,174,103,121,115,143,92,174,73,178
25,47,226,14,207,0,174,31,144,63,122,12,88,22,42,39,18,59,0,47,87,74,106,58,151,46,165,78,99,100,128,76,167,61,171,105,119,118,143,94,174,76,176
25,43,229,12,208,0,173,30,144,62,122,12,89,22,43,39,19,59,0,48,89,73,105,57,148,44,164,78,102,97,128,74,166,59,173,104,123,115,144,92,173,73,177
25,43,227,12,207,0,173,31,144,63,122,12,89,22,42,39,18,58,0,48,88,72,105,57,149,45,166,78,102,97,127,75,166,60,174,104,122,116,143,93,172,74,177
25,43,227,12,207,0,173,31,145,63,123,12,89,23,42,40,18,59,0,48,88,74,104,58,148,45,165,78,102,98,128,75,166,60,174,104,123,116,144,93,173,74,178
25,44,226,12,207,0,173,31,144,63,123,12,89,22,43,39,19,59,0,47,89,73,105,57,150,45,164,77,103,99,127,75,165,61,171,103,123,117,143,94,172,76,176
25,44,225,12,206,0,172,30,144,62,122,11,88,21,42,38,18,58,0,47,88,71,104,55,149,44,163,77,100,97,126,74,164,60,170,103,120,116,141,93,170,75,174
25,44,228,13,208,0,174,30,145,62,123,12,90,22,44,38,19,58,0,47,90,73,105,57,149,45,164,77,104,98,128,75,166,60,172,103,124,116,144,93,173,75,177
25,44,226,12,207,0,173,29,144,61,122,11,89,21,43,38,19,57,0,46,89,72,105,57,149,45,164,76,102,97,127,74,166,60,172,102,122,115,143,92,172,74,176
25,45,226,13,207,0,174,29,145,62,123,11,90,21,44,38,20,57,0,47,89,71,107,55,152,44,164,77,102,97,128,74,165,60,168,103,121,116,142,93,171,76,173
25,44,228,13,207,0,173,30,145,63,123,13,89,23,43,39,19,58,0,49,89,71,105,56,149,44,164,79,103,96,128,74,166,59,173,105,124,114,145,91,174,73,179
25,44,228,13,208,0,174,29,145,61,124,11,90,21,44,38,19,57,0,47,90,71,106,56,149,44,165,77,103,97,128,75,165,60,172,103,122,115,143,92,173,74,177
25,45,227,13,208,0,174,29,145,62,123,12,90,22,43,38,19,57,0,48,89,72,106,56,149,45,164,78,102,96,129,74,166,60,171,104,122,115,145,92,174,74,177
25,46,228,14,209,0,174,29,146,62,124,12,89,22,44,39,20,59,0,48,89,73,107,56,152,45,166,79,102,99,129,76,167,61,172,105,123,118,143,95,173,77,177
25,45,228,13,209,0,175,29,146,60,124,12,91,21,44,38,20,58,0,47,89,73,107,57,151,46,166,77,102,98,129,76,167,61,173,104,121,116,144,94,174,76,178
25,46,227,13,209,0,175,28,147,61,125,12,91,21,44,37,20,57,0,48,89,71,107,56,152,45,166,78,102,97,129,75,167,60,172,105,122,116,144,93,174,75,177
25,45,227,13,209,0,176,28,147,60,124,11,90,20,44,36,19,56,0,46,88,73,107,58,151,46,167,76,101,98,128,76,167,60,173,103,120,116,142,94,172,75,177
25,46,228,14,209,0,176,29,147,62,124,12,90,22,44,38,20,57,0,48,89,73,107,58,151,46,166,78,102,98,129,76,167,61,172,104,122,117,144,94,174,76,177
25,45,227,13,208,0,174,29,146,61,124,12,90,21,43,38,19,56,0,48,89,72,107,57,151,45,167,78,101,97,130,75,168,60,174,104,121,115,144,93,175,75,178
25,47,227,14,208,0,176,29,147,61,125,12,90,21,44,38,20,57,0,48,89,73,107,58,153,46,168,78,101,98,129,76,168,61,174,104,120,117,143,95,173,77,177
25,47,227,14,208,0,174,28,146,61,124,12,91,20,43,37,19,55,0,48,89,71,107,56,151,45,167,78,101,96,129,75,167,61,174,105,120,115,143,93,174,75,178
25,46,227,14,208,0,175,28,146,60,125,13,91,20,44,36,20,55,0,48,89,70,107,55,151,44,167,78,102,95,130,74,167,60,173,104,122,114,145,92,174,75,177
25,46,228,14,209,0,174,29,146,61,124,13,91,21,44,37,20,55,0,48,90,71,108,57,152,45,169,78,103,96,129,75,168,61,176,104,122,115,143,93,174,75,180
25,47,227,14,208,0,174,28,145,61,124,12,90,21,43,37,20,56,0,48,89,71,106,56,150,45,166,78,102,96,128,75,167,61,172,104,121,115,143,93,173,76,176
25,48,228,15,209,0,175,29,146,62,124,13,91,22,44,38,20,56,0,48,90,72,106,57,150,45,166,79,102,97,128,76,167,62,173,105,122,116,143,94,174,76,177
25,48,228,14,209,0,175,30,147,62,125,14,91,23,44,39,21,58,0,50,90,73,107,58,151,47,166,80,102,98,130,76,168,63,173,107,122,117,145,94,175,77,177
25,47,229,13,209,0,175,29,147,62,125,13,90,22,44,38,20,57,0,49,89,71,107,56,151,45,167,79,102,97,130,75,168,61,174,106,122,116,146,93,176,75,179
25,47,230,14,210,0,175,30,147,62,125,14,91,23,44,39,20,58,0,51,90,72,107,56,151,45,165,81,104,97,131,74,169,61,173,107,124,116,146,93,176,75,179
25,46,227,14,208,0,174,29,145,61,124,14,90,22,43,38,19,57,0,49,90,71,106,55,149,44,164,79,103,96,129,74,167,60,171,105,123,115,145,92,174,75,177
36,150,237,151,159,136,97,124,42,127,0,31,96,2,107,20,128,41,140,9,138,0,148,20,161,43,168,2,183,4,188,21,196,42,203,3,225,8,226,27,232,43,235
36,151,237,150,160,135,97,122,43,125,0,30,98,0,111,18,132,39,144,7,140,2,153,24,166,46,172,1,185,6,192,24,201,45,206,2,227,10,231,29,237,44,239
36,148,238,147,160,132,98,120,43,123,0,28,98,1,112,19,133,42,144,6,141,1,153,22,166,45,172,0,186,4,192,22,200,42,206,1,228,9,230,28,236,44,238
36,149,237,147,159,132,97,120,43,122,0,28,98,1,112,19,133,41,145,6,141,1,153,23,166,46,172,0,186,5,192,23,201,44,206,1,228,10,231,29,237,45,240
36,148,235,147,158,133,97,120,43,123,0,29,98,0,111,18,132,41,143,7,141,1,153,23,165,46,172,1,186,5,191,23,200,45,206,3,228,10,230,30,235,46,238
36,149,235,148,157,132,96,119,43,122,0,28,97,1,110,20,132,42,144,6,139,2,151,23,163,46,170,0,185,6,190,24,199,45,205,2,227,11,229,30,235,46,237
36,148,235,146,157,131,97,118,43,121,0,28,98,1,111,20,131,42,143,6,140,1,151,23,164,45,171,0,186,5,191,23,200,44,206,2,228,9,230,29,236,44,238
36,148,233,146,156,131,95,119,42,121,0,28,97,0,111,19,131,42,142,6,140,0,151,22,164,44,171,1,186,3,190,21,200,43,206,3,227,9,229,28,235,44,237
36,150,236,148,158,132,97,119,43,121,0,27,98,1,111,21,130,44,141,5,142,0,149,22,161,45,169,0,187,3,188,21,197,43,204,3,229,10,228,29,233,45,236
36,149,234,148,157,132,97,120,43,123,0,29,98,0,115,18,135,41,146,7,141,1,155,23,167,46,174,3,187,6,194,24,203,45,209,5,229,12,233,31,239,47,241
36,149,233,148,156,131,96,119,43,122,0,29,97,1,112,19,132,41,143,7,140,0,152,21,165,44,172,2,186,4,191,22,201,44,207,4,228,11,231,30,237,47,239
36,149,234,148,157,132,96,119,42,121,0,29,97,0,113,18,133,41,144,7,140,1,153,23,167,46,173,1,185,4,191,22,201,43,206,3,227,9,230,28,236,44,238
36,150,233,148,156,132,95,118,42,121,0,30,97,1,112,19,134,43,145,8,139,0,152,21,166,44,172,2,185,4,192,22,201,45,207,3,227,10,231,30,237,47,238
36,149,233,148,156,133,95,120,42,122,0,29,98,1,112,20,132,43,143,7,141,0,151,22,164,45,171,2,187,4,190,22,200,44,206,5,228,11,229,30,235,47,237
36,152,235,150,157,133,96,120,43,123,0,31,98,0,112,18,134,41,146,8,141,1,152,22,165,45,173,2,186,5,190,23,200,45,207,4,228,11,230,31,236,48,239
36,151,233,149,155,133,95,120,43,123,0,29,97,0,110,19,131,41,143,7,140,2,150,24,163,46,171,2,186,5,189,23,199,45,206,4,228,12,229,31,234,47,237
36,149,234,147,157,130,96,118,42,120,0,27,97,1,114,20,135,43,147,5,140,2,155,23,168,46,175,0,186,4,193,22,202,43,208,1,228,9,231,28,237,44,239
36,149,233,148,156,132,95,119,43,121,0,29,97,1,111,20,131,43,143,7,140,0,150,22,163,45,170,1,186,3,189,21,198,43,205,3,227,10,228,29,233,46,236
36,151,234,148,157,132,96,120,42,122,0,29,98,0,113,18,134,41,145,7,140,2,153,24,167,46,173,1,186,5,192,23,201,44,206,3,228,11,231,30,236,46,238
36,153,233,151,156,134,95,121,42,124,0,32,96,0,110,20,131,43,142,10,139,2,150,24,163,47,170,4,185,6,188,24,198,46,205,6,227,12,228,32,234,48,237
36,150,234,147,157,130,96,117,43,119,0,27,98,1,114,21,135,44,147,5,141,0,155,22,168,45,174,0,187,2,193,20,202,42,208,2,229,8,231,28,237,44,239
36,150,232,148,156,132,96,118,43,121,0,28,97,2,113,21,134,45,145,5,140,1,153,22,166,46,173,0,186,2,190,21,200,43,207,2,227,8,229,28,235,45,237
36,152,232,149,155,132,95,119,42,121,0,30,97,1,114,20,135,43,145,9,140,0,154,21,167,45,173,4,186,4,192,22,202,44,207,7,228,11,230,30,236,47,238
36,152,233,148,156,131,95,117,43,119,0,28,98,1,113,20,133,44,144,6,140,0,152,21,165,45,172,1,186,2,191,21,200,43,206,3,227,9,230,29,235,45,237
36,154,232,151,155,134,95,121,42,123,0,31,97,1,111,20,132,44,142,9,139,0,151,22,165,45,171,4,185,3,190,21,200,44,205,6,226,10,229,30,235,47,237
36,152,231,149,154,134,94,120,42,122,0,31,96,1,109,19,130,42,141,9,138,0,148,21,161,44,169,3,184,4,187,22,197,44,203,5,225,12,227,31,233,48,235
36,152,233,149,156,133,95,119,43,120,0,31,96,0,111,18,132,41,143,8,138,0,150,21,164,44,171,2,184,3,189,21,199,43,206,4,226,10,228,29,235,46,237
36,152,233,148,155,131,95,118,42,120,0,31,97,0,112,19,132,43,143,8,139,1,150,22,164,45,171,2,185,3,188,21,199,43,205,4,227,9,228,29,234,45,237
36,153,233,150,156,133,96,120,42,122,0,32,97,0,112,18,133,41,144,10,140,1,153,22,167,45,173,5,185,5,191,23,201,45,207,6,228,12,229,31,236,48,238
36,154,232,150,155,133,95,121,42,123,0,32,97,1,110,20,130,43,141,9,140,0,149,20,162,43,169,4,186,3,188,21,198,43,205,6,228,11,228,30,234,47,237
36,151,232,149,154,132,95,118,43,121,0,30,97,1,111,21,131,43,142,8,141,0,150,21,163,44,170,3,186,4,189,22,199,44,205,5,227,11,228,30,234,47,237
36,151,231,148,155,131,95,118,42,120,0,30,96,0,112,17,133,40,144,8,139,0,151,21,165,44,172,3,184,3,190,21,200,43,206,5,226,10,229,29,234,46,236
36,151,231,148,156,132,96,117,43,120,0,30,97,0,113,18,134,42,144,7,139,1,152,22,166,45,172,1,184,3,190,21,201,43,206,2,226,9,230,28,236,45,238
36,152,233,149,155,132,96,118,43,121,0,30,97,0,112,19,132,42,143,8,140,0,150,21,163,44,170,3,186,4,189,22,199,44,205,5,228,11,228,31,234,47,236
36,152,233,149,156,131,96,117,43,120,0,29,97,0,111,19,132,42,143,6,140,0,150,21,163,43,170,1,186,3,189,21,198,43,205,3,228,11,229,30,234,46,237
36,154,232,150,155,133,95,120,43,122,0,31,98,0,111,18,132,42,144,9,140,1,150,22,164,45,171,4,185,5,189,23,199,45,206,6,227,12,229,31,235,48,237
36,154,232,149,155,132,96,119,43,122,0,31,98,0,112,19,132,42,144,9,140,1,151,22,164,45,171,3,185,5,190,23,200,45,206,5,227,11,229,30,235,47,237
36,153,231,149,155,132,95,118,43,121,0,29,97,0,112,19,133,42,143,7,140,0,152,22,166,44,172,2,185,4,190,22,201,44,207,4,227,9,229,29,235,45,238
36,156,232,152,155,135,95,121,42,124,0,33,96,2,108,21,128,44,137,11,139,0,145,20,158,43,165,6,185,2,183,20,194,42,200,8,226,10,223,29,229,46,232
36,152,232,148,156,131,95,117,42,119,0,28,98,0,115,18,135,41,146,6,140,1,155,22,168,45,174,1,185,3,192,22,202,44,207,3,227,9,229,28,235,45,236
36,154,231,152,154,135,95,121,42,124,0,31,98,3,110,22,129,46,139,10,141,0,147,21,159,44,166,5,186,1,185,19,195,41,201,7,227,8,224,27,230,44,232
36,155,230,151,155,134,95,119,43,121,0,31,97,1,110,20,130,44,139,9,139,0,148,21,161,44,168,3,184,1,186,19,196,42,202,5,225,8,226,27,231,44,233
36,153,230,150,154,133,94,119,42,122,0,31,97,2,112,20,133,44,143,9,139,0,150,21,164,44,171,4,185,2,188,20,199,43,205,6,226,10,227,29,233,46,235
36,155,232,150,155,133,95,120,42,122,0,32,97,0,113,19,134,43,145,10,139,0,152,21,166,45,172,4,185,3,190,22,201,44,206,6,226,10,229,30,235,47,236
36,155,232,151,155,134,95,120,42,123,0,33,97,0,113,17,134,40,145,10,139,0,152,21,166,44,172,5,185,4,190,22,201,45,207,6,226,11,229,31,235,48,237
36,153,230,149,154,133,94,119,42,122,0,32,96,2,113,20,134,42,144,10,139,0,151,20,165,43,171,4,184,2,188,20,199,42,206,6,226,9,227,28,234,45,236
36,152,231,149,154,132,94,119,42,121,0,32,96,0,112,17,134,38,145,10,138,0,151,20,165,42,172,4,184,3,189,21,200,43,206,5,226,10,228,30,234,46,236
36,152,230,149,154,133,94,120,42,122,0,31,96,0,113,17,134,40,145,9,138,1,152,21,166,44,172,3,184,4,191,23,201,45,207,5,226,11,230,31,236,47,238
36,154,232,150,155,133,94,119,42,122,0,31,96,1,114,19,135,43,145,9,139,0,152,20,166,44,172,4,186,3,190,21,201,44,207,6,228,10,230,30,236,47,238
36,152,230,150,154,133,94,120,42,122,0,31,95,0,112,18,134,41,145,8,137,1,152,22,167,45,172,3,183,4,190,23,201,45,206,4,225,11,229,31,236,48,237
36,154,233,149,156,132,95,119,43,121,0,31,97,0,114,18,135,42,146,8,140,0,154,21,168,45,174,3,186,3,192,22,203,44,209,5,229,10,231,30,238,47,240
36,153,230,149,154,132,94,118,42,120,0,29,96,1,112,19,133,42,144,7,139,0,152,21,165,44,172,2,184,2,189,20,200,42,206,4,226,9,229,28,234,44,236
36,152,233,149,156,132,95,119,42,120,0,31,97,1,113,20,133,43,144,9,140,0,151,20,165,43,172,4,186,2,189,21,200,43,206,5,228,10,228,29,235,45,237
36,152,230,148,154,131,94,118,41,119,0,29,96,0,113,18,133,41,143,7,138,0,152,21,165,44,171,2,184,3,189,21,199,43,205,4,226,10,228,29,234,45,235
36,154,228,150,152,133,93,119,41,121,0,32,95,0,109,18,130,41,141,10,137,1,149,21,162,44,168,4,182,5,187,22,197,44,203,6,223,12,227,31,233,47,235
36,152,229,147,153,131,94,117,41,119,0,30,96,0,112,18,133,41,144,8,139,0,151,20,165,43,171,3,184,4,189,21,200,43,205,4,226,10,228,29,235,46,237
36,155,231,151,154,133,94,119,42,121,0,32,95,2,110,20,131,43,141,9,138,0,147,19,161,42,168,4,183,2,185,19,196,41,203,6,225,9,225,27,231,44,234
36,153,229,150,153,133,93,120,41,122,0,33,95,1,111,18,132,40,142,11,137,0,149,20,164,44,170,5,183,3,187,21,198,43,204,7,225,11,227,30,233,47,235
36,151,230,148,153,131,94,117,42,121,0,30,95,1,111,18,133,40,144,8,138,0,151,20,165,43,171,2,183,4,189,22,200,43,206,3,226,11,229,30,235,47,237
36,152,231,147,154,131,94,119,42,121,0,31,96,1,111,20,131,44,141,8,139,0,149,20,163,44,170,2,185,2,188,20,198,42,205,4,227,9,228,28,233,45,236
36,151,230,148,153,132,94,118,42,121,0,31,96,1,112,20,132,43,142,8,139,0,150,20,164,43,170,3,184,3,188,21,199,43,205,4,227,10,228,29,234,46,236
36,153,230,149,153,133,94,119,42,121,0,32,95,1,111,20,132,43,143,9,138,0,149,21,163,44,170,3,184,4,188,22,198,44,205,4,226,11,228,31,234,48,236
36,153,231,148,155,131,94,118,42,120,0,30,96,1,114,19,135,42,145,8,139,0,153,21,166,44,172,2,185,3,189,21,200,43,206,4,227,9,229,29,235,46,237
36,152,232,149,155,132,95,119,42,121,0,32,96,0,112,18,134,41,144,10,138,0,151,20,165,43,172,3,184,3,189,21,200,43,206,5,227,10,229,29,235,46,237
36,151,229,148,153,131,94,118,42,120,0,31,96,0,111,18,133,41,144,8,138,0,151,21,165,44,171,2,184,3,190,21,200,44,205,4,226,10,230,30,236,47,237
36,151,230,149,153,132,93,118,42,121,0,32,96,0,112,17,133,40,145,10,137,1,150,21,164,44,170,4,183,5,188,23,199,45,205,5,225,12,228,32,234,49,236
36,153,228,150,152,133,92,119,41,122,0,34,94,0,110,17,132,40,144,12,136,2,150,22,164,45,171,6,181,7,189,25,199,47,205,7,224,14,228,33,234,50,236
36,152,231,148,154,132,95,119,43,121,0,32,96,0,111,19,132,43,143,10,139,1,150,21,164,45,171,4,185,5,188,23,199,46,205,6,227,13,228,33,234,50,237
36,152,229,149,153,133,93,119,42,122,0,32,95,0,111,19,132,42,142,10,138,1,150,21,164,45,170,5,184,5,188,23,199,45,205,6,226,12,228,31,234,48,236
37,194,227,138,215,83,192,35,177,0,170,123,123,115,90,120,122,128,154,155,112,141,79,144,117,153,149,187,107,182,54,172,27,166,0,217,110,234,66,249,38,260,6
37,195,226,138,214,83,191,36,177,0,169,124,121,116,90,121,122,129,154,156,110,142,78,145,117,154,149,189,106,183,53,173,26,167,0,218,109,235,66,250,37,262,6
37,194,224,138,212,83,189,35,174,0,166,123,120,115,87,119,120,127,152,155,109,141,76,144,114,152,145,187,104,182,51,172,25,166,0,216,107,233,63,246,35,257,2
37,194,222,138,210,83,187,35,173,0,165,124,119,116,86,119,118,127,151,156,108,142,76,144,113,153,146,188,103,183,51,173,25,167,0,218,106,234,62,248,33,259,2
37,195,223,138,211,83,188,36,174,0,166,124,119,115,86,119,118,127,151,156,108,141,75,144,114,153,146,188,104,183,51,172,25,166,0,218,106,234,62,248,33,259,1
37,194,222,137,210,83,188,36,175,0,169,123,118,114,85,118,117,126,150,154,107,141,74,144,111,153,143,186,102,181,48,172,24,167,0,215,104,232,60,246,32,256,0
37,194,221,138,210,84,188,36,176,0,170,123,120,115,86,119,117,126,148,155,109,141,76,144,113,154,145,187,104,181,50,173,25,168,0,217,106,233,63,247,34,258,1
37,195,223,138,211,84,189,35,176,0,170,123,119,115,86,119,117,126,148,155,108,141,75,145,111,154,143,187,103,182,50,173,25,169,1,216,105,233,61,247,32,258,0
37,195,223,137,211,83,190,35,176,0,170,123,120,114,86,119,117,127,148,154,110,140,76,144,112,153,145,186,105,180,51,172,25,167,0,215,106,231,62,244,33,255,1
37,195,222,137,210,83,188,36,175,0,168,123,118,115,85,120,117,128,150,154,108,141,75,144,111,152,143,186,103,182,50,174,25,169,1,216,106,233,62,246,32,256,0
37,194,222,137,209,83,187,36,173,0,167,122,118,114,85,118,116,126,148,154,106,140,74,143,111,152,143,186,102,181,49,172,24,167,0,216,104,233,60,247,32,257,0
37,193,222,137,210,83,188,35,174,0,168,123,119,114,85,118,117,126,149,154,108,140,75,144,112,153,144,187,103,181,50,172,24,166,0,216,106,233,62,247,33,257,1
37,194,222,138,209,83,187,36,173,0,166,123,119,114,85,118,117,125,149,155,109,141,75,143,112,152,143,187,104,182,51,173,26,167,2,217,105,233,61,246,32,256,0
37,194,223,138,211,83,188,36,174,0,166,123,119,115,86,119,119,127,151,154,109,141,76,143,114,151,145,187,105,182,52,173,28,168,4,216,107,232,62,245,33,255,0
37,193,222,137,209,83,186,36,172,0,164,123,118,114,85,118,118,126,150,154,107,140,74,143,112,152,145,187,103,182,51,171,26,165,3,216,105,232,62,245,33,255,0
37,194,222,137,209,83,186,36,171,0,163,123,119,114,85,118,116,125,148,154,108,140,75,143,112,153,144,186,103,181,50,172,26,166,3,216,105,232,62,245,32,255,0
37,192,221,136,209,82,185,35,169,0,159,121,118,113,85,118,116,125,147,153,107,138,73,141,111,151,142,185,102,179,50,169,25,162,0,214,104,231,61,244,33,254,1
37,193,222,137,209,82,186,36,170,0,162,123,118,114,85,118,117,125,148,154,107,139,74,142,112,151,145,187,103,181,50,170,25,162,0,216,105,232,61,245,32,255,0
37,192,221,135,209,81,186,35,169,0,160,121,118,113,85,117,116,125,148,153,108,138,75,141,113,151,145,185,103,179,51,168,26,161,2,215,105,231,61,245,32,255,0
37,192,223,135,210,81,187,34,171,0,162,121,118,113,85,117,117,125,149,152,107,138,74,141,113,151,146,185,103,179,51,169,26,162,1,214,105,231,61,246,32,256,0
37,193,223,136,211,81,188,35,172,0,164,122,119,113,85,117,116,125,148,153,108,137,75,140,113,149,145,185,103,179,51,166,26,159,0,215,106,231,62,244,34,254,2
37,192,221,135,210,80,186,34,170,0,162,120,119,112,85,116,116,125,147,152,108,136,74,139,112,149,144,184,103,178,51,165,25,158,0,213,105,230,61,244,33,254,1
37,193,221,136,209,81,185,35,169,0,160,121,117,113,84,118,115,126,147,152,106,137,73,139,111,149,143,185,101,178,50,166,25,158,0,214,104,231,61,244,32,254,1
37,193,225,136,213,81,191,35,175,0,165,121,122,113,89,117,120,126,152,153,111,136,78,139,117,150,149,185,106,178,54,163,27,154,0,215,108,230,64,244,36,253,4
37,193,221,137,209,81,186,35,170,0,162,122,118,114,85,118,117,127,148,154,107,138,74,140,113,150,145,186,102,179,50,165,25,157,0,215,104,230,60,244,32,253,0
37,193,222,135,210,80,186,34,171,0,162,120,119,113,85,117,117,126,149,152,108,137,74,140,112,150,144,184,103,177,51,163,25,153,0,214,106,230,62,243,33,251,1
37,194,223,136,211,81,187,35,171,0,163,122,119,113,87,118,118,127,150,153,108,137,75,140,113,150,144,185,104,178,51,163,25,154,0,215,106,230,62,243,33,251,0
37,194,223,136,211,81,187,35,172,0,163,121,120,113,86,118,117,127,149,153,108,137,75,140,114,150,145,185,104,177,51,162,25,152,0,215,106,230,62,242,33,251,0
37,195,222,137,210,81,187,35,171,0,162,122,119,114,86,119,117,127,149,154,108,138,76,141,114,151,145,187,104,179,52,166,26,157,0,217,106,232,62,245,33,254,1
37,193,223,136,211,80,187,34,172,0,164,120,120,113,86,117,116,124,147,152,109,136,75,139,113,148,145,184,104,177,52,163,26,154,0,214,106,229,61,241,32,250,0
37,192,223,135,212,79,188,34,172,0,162,120,120,111,87,115,118,123,149,152,109,136,75,138,114,148,145,184,104,177,51,163,26,154,0,214,107,229,62,242,33,250,0
37,194,225,137,212,82,187,36,171,0,162,122,120,113,87,118,119,126,150,154,109,138,76,141,114,151,146,186,104,179,52,165,25,156,0,216,107,231,62,244,33,252,0
37,193,225,135,213,80,189,34,173,0,163,121,121,112,89,116,120,124,151,152,110,136,77,138,116,148,148,185,106,177,53,163,26,153,0,215,108,229,63,242,33,251,0
37,192,223,134,211,80,188,34,173,0,166,121,119,112,87,116,119,124,150,153,108,138,76,140,114,149,146,185,104,178,51,165,25,156,0,214,106,229,62,242,33,251,0
37,193,223,136,210,81,186,35,169,0,161,122,118,113,87,118,118,125,150,154,107,139,75,140,113,149,145,187,103,180,51,167,26,158,1,216,105,230,60,242,32,251,0
37,193,224,137,212,81,188,35,172,0,162,122,121,113,89,118,120,126,152,154,111,138,78,140,117,149,149,186,106,179,53,164,27,155,1,215,108,230,63,242,33,250,0
37,193,224,137,211,81,186,35,169,0,159,123,120,114,87,118,118,126,150,155,109,139,77,141,115,150,147,187,104,181,52,167,26,159,1,216,106,230,61,242,32,251,0
37,192,222,136,210,81,186,35,170,0,160,122,121,113,86,118,117,125,148,154,110,138,76,140,113,148,145,186,105,180,53,167,27,159,2,215,106,229,61,241,32,250,0
37,193,225,136,211,81,187,35,170,0,160,122,119,114,86,118,118,126,150,154,109,140,76,143,114,151,146,187,104,182,52,171,27,165,3,216,107,231,62,244,33,253,0
37,194,226,137,213,82,188,35,172,0,163,123,121,115,87,120,118,127,151,155,110,141,78,143,115,151,147,188,106,182,54,172,29,166,4,217,107,232,62,245,33,255,0
37,196,224,138,210,83,186,36,169,0,159,124,118,117,85,120,117,128,149,156,108,141,75,144,113,153,145,188,103,183,51,172,26,166,1,218,106,234,61,247,33,256,0
37,193,223,136,209,81,186,35,170,0,162,123,119,114,85,118,116,125,148,154,108,139,74,141,112,149,143,187,104,181,51,169,25,162,0,216,106,231,61,243,32,252,0
37,193,224,136,211,81,186,34,170,0,160,123,118,113,85,117,117,125,149,155,108,139,75,141,113,149,145,187,103,181,52,168,26,161,1,216,106,231,62,244,32,253,0
37,193,223,136,210,81,185,35,169,0,159,122,119,114,85,118,116,126,149,154,108,139,74,141,112,150,145,187,103,181,51,169,25,161,0,216,106,231,61,243,32,252,0
37,193,223,136,210,81,186,34,169,0,159,123,119,114,86,119,118,127,150,154,108,139,74,141,113,150,145,187,104,181,52,169,26,162,1,216,106,231,61,243,32,252,0
37,194,223,136,211,81,187,35,170,0,159,123,120,115,86,119,118,126,150,155,109,140,75,142,112,150,144,187,104,181,52,169,27,160,2,216,106,231,61,243,32,252,0
37,194,223,137,211,81,186,35,168,0,157,123,119,114,86,119,118,128,150,155,108,139,75,142,112,151,143,187,103,181,51,168,26,160,2,216,105,231,61,244,32,253,0
37,192,223,134,210,79,186,34,168,0,157,122,119,113,86,118,117,127,149,153,107,138,74,140,111,149,142,185,103,179,51,167,25,159,0,214,105,229,61,242,32,251,1
37,193,223,135,212,80,187,35,169,0,159,123,121,114,87,119,118,128,150,154,109,139,76,141,114,150,145,186,105,181,53,167,26,159,0,216,107,230,62,243,34,252,2
37,194,224,136,212,81,188,35,170,0,159,123,121,116,88,120,119,128,151,154,110,140,76,142,114,150,145,187,105,181,53,167,26,158,0,216,107,231,62,244,33,253,1
37,195,224,137,211,81,187,34,169,0,158,123,119,115,86,120,118,128,150,155,108,139,75,142,113,151,144,187,104,181,52,167,26,159,0,216,106,231,62,244,33,253,1
37,193,225,136,213,80,188,34,171,0,161,123,122,114,89,118,120,127,152,155,111,140,78,141,115,150,146,187,106,181,53,167,27,159,0,216,108,230,63,243,34,252,2
37,194,226,136,214,80,189,34,172,0,162,122,122,114,89,118,120,127,152,155,111,139,78,141,116,150,147,187,106,181,54,167,27,159,0,216,109,231,64,244,35,253,3
37,194,225,135,213,80,189,34,171,0,160,123,122,115,89,119,119,127,151,155,111,139,78,141,115,150,146,187,106,180,54,167,27,158,0,216,109,231,64,243,35,252,3
37,194,227,136,215,80,189,34,171,0,160,122,122,114,89,119,121,128,153,154,111,140,78,141,117,150,148,187,107,181,53,167,27,158,0,216,109,230,64,242,35,250,3
37,192,223,134,211,79,187,34,169,0,156,122,120,113,87,118,118,126,150,154,109,139,76,140,113,149,144,186,105,180,53,166,26,157,0,215,107,230,63,243,34,251,2
37,191,224,132,213,78,189,33,171,0,160,120,121,111,88,116,119,124,151,152,110,136,77,139,115,148,146,184,106,178,53,164,26,155,0,213,108,228,63,240,35,249,2
37,192,224,134,213,79,189,34,171,0,160,122,122,114,89,118,120,126,152,154,111,139,78,141,116,150,147,186,107,181,54,167,27,159,0,216,109,231,65,243,36,251,4
37,192,222,134,211,79,187,34,169,0,157,122,120,113,87,118,118,126,151,154,110,139,76,141,114,149,145,186,105,180,53,167,26,158,0,216,108,230,63,243,34,251,2
37,192,226,134,214,79,189,34,170,0,159,122,122,113,89,118,121,126,153,154,111,139,78,141,116,150,147,186,107,180,54,166,27,157,0,216,110,230,65,243,36,251,3
37,192,226,134,214,79,189,34,170,0,159,122,121,114,88,118,119,126,152,154,110,138,76,140,115,150,147,186,105,180,53,166,27,157,0,215,108,230,63,243,34,251,2
37,193,224,135,212,79,188,34,169,0,158,122,121,114,87,118,118,126,150,154,110,139,76,141,114,150,146,186,105,180,53,166,27,158,0,216,108,231,63,244,34,252,2
37,192,224,135,212,79,188,34,170,0,158,122,121,114,88,118,118,125,150,154,111,139,77,140,115,149,147,187,106,182,53,167,27,158,0,217,108,232,63,244,33,253,1
37,194,225,135,213,80,187,34,168,0,156,124,121,117,88,120,120,128,152,157,110,141,76,143,115,151,147,189,106,183,53,169,26,159,0,219,108,234,63,246,33,255,0
37,191,226,133,214,78,189,33,170,0,158,121,121,114,88,118,120,125,152,154,111,138,77,139,116,148,149,186,107,180,54,166,27,157,0,216,109,231,63,243,34,252,2
37,192,225,134,212,79,187,34,169,0,158,123,120,114,87,118,119,126,152,155,109,139,76,141,115,150,147,188,106,182,54,168,27,158,0,218,109,232,64,244,34,253,2
37,192,223,134,211,79,186,34,168,0,156,123,120,115,86,118,117,125,149,154,110,138,76,140,114,149,145,186,105,179,54,165,27,155,0,216,108,231,62,244,33,253,1
37,192,224,134,212,79,188,34,169,0,157,121,122,114,88,118,120,126,152,153,111,138,76,140,115,150,147,185,106,179,54,164,27,154,0,215,109,231,64,244,35,252,3
37,191,223,133,211,78,187,33,169,0,157,120,121,113,87,117,118,125,150,152,110,137,76,139,115,148,147,185,106,178,54,164,27,154,0,214,108,229,64,242,35,250,3
37,191,224,133,212,78,187,33,169,0,157,121,121,113,88,117,120,125,152,153,110,137,77,139,116,149,148,185,105,178,54,163,27,153,0,215,108,230,64,242,35,250,2
37,194,225,136,212,81,186,35,167,0,154,124,121,116,87,119,118,128,150,155,110,140,76,142,115,152,146,187,105,180,53,165,27,155,0,216,107,232,63,245,34,254,2
37,191,223,133,211,79,186,34,167,0,155,121,120,113,86,117,118,125,150,153,109,137,75,139,114,149,145,185,105,178,53,163,27,153,0,215,107,230,62,243,33,251,1
37,193,224,134,213,79,188,34,169,0,156,122,123,115,89,119,121,127,153,154,113,138,78,140,118,150,149,186,108,178,55,160,28,149,0,215,110,230,64,243,35,251,2
37,192,225,135,213,79,189,34,170,0,156,122,124,115,90,119,123,127,155,154,113,138,79,140,118,150,149,186,108,178,56,161,28,150,0,215,110,231,65,244,36,253,4
37,193,225,135,213,79,188,34,168,0,155,122,122,114,89,120,122,128,154,154,111,139,78,141,117,151,149,186,107,178,55,161,28,149,0,216,109,231,64,243,35,252,2
37,192,224,135,213,80,189,34,170,0,158,122,124,114,89,119,121,127,153,154,113,138,79,141,117,151,149,186,108,178,56,160,28,148,0,216,110,231,64,243,35,251,3
37,189,223,133,210,79,185,34,165,0,153,120,119,112,85,117,117,124,150,152,109,137,75,139,113,148,145,184,104,177,53,161,26,150,0,213,107,229,62,241,33,250,1
37,190,224,134,212,79,187,34,168,0,157,120,121,113,88,118,120,125,152,152,111,137,77,139,116,149,148,185,107,176,55,160,28,148,0,214,109,229,64,242,35,251,3
37,191,228,134,215,79,188,33,169,0,156,122,123,113,90,118,122,126,154,153,113,137,79,139,119,149,152,186,108,176,57,159,29,147,0,215,110,229,65,242,36,251,3
37,192,224,135,212,80,186,35,166,0,154,122,122,115,88,120,121,128,153,154,111,139,77,141,117,151,149,187,107,178,55,161,28,149,0,216,108,230,63,242,34,251,2
37,193,228,136,215,81,189,35,170,0,158,123,123,116,91,120,124,128,156,155,113,139,79,142,120,153,152,188,109,179,56,161,29,149,0,217,111,231,65,244,37,252,4
37,191,226,134,213,79,187,34,167,0,155,121,121,114,89,119,122,126,154,154,111,138,76,141,117,150,149,186,106,178,55,160,28,148,0,216,109,230,63,242,35,250,2
37,192,227,135,214,80,187,35,168,0,159,123,122,115,89,119,122,127,154,155,111,140,78,142,117,152,149,188,107,179,56,161,28,150,0,217,109,230,64,243,35,251,3
37,191,226,134,213,79,187,34,166,0,155,121,121,113,88,117,121,125,153,153,111,137,77,139,117,149,149,185,107,176,55,159,28,146,0,215,109,229,63,241,35,249,2
37,192,227,135,213,80,186,35,164,0,152,123,122,114,88,119,121,127,153,155,112,139,76,141,116,151,149,187,107,179,55,161,28,148,0,217,109,230,63,242,34,250,2
37,193,227,136,215,81,188,35,167,0,153,124,123,116,90,120,121,127,153,156,113,140,79,142,120,152,153,188,109,180,57,162,29,150,0,218,110,231,65,243,36,250,3
37,192,227,135,214,80,186,35,165,0,152,123,122,115,88,119,120,126,152,155,112,139,77,141,116,150,148,187,108,179,56,161,28,150,0,217,109,230,64,241,35,249,2
37,192,227,135,213,81,186,36,164,0,151,124,122,116,88,120,120,127,151,156,112,140,77,142,117,151,149,188,107,180,55,163,28,151,0,218,109,231,64,242,35,249,2
37,192,227,135,214,80,186,35,164,0,150,123,124,115,89,120,121,127,153,156,113,140,78,142,118,152,150,188,109,180,57,162,29,151,0,218,110,231,65,243,36,250,3
37,192,228,135,214,80,186,35,164,0,151,124,123,116,89,120,122,128,153,156,113,141,77,143,118,152,151,189,109,181,56,164,29,153,0,218,111,231,65,241,36,248,2
37,194,229,137,214,82,186,36,163,0,150,125,123,117,89,122,122,129,154,157,112,142,77,144,117,153,150,190,108,182,56,164,28,153,0,220,110,232,65,242,36,249,3
37,194,227,137,213,82,185,36,162,0,148,125,123,116,89,121,122,129,153,158,112,142,78,144,118,154,150,190,108,181,56,164,28,152,0,219,110,231,64,242,35,249,1
37,191,226,134,212,80,185,35,162,0,148,123,122,115,89,120,122,127,153,155,112,140,77,142,118,151,151,188,108,180,55,162,28,150,0,218,110,230,64,240,34,246,1
37,192,227,136,212,82,183,37,161,0,147,126,121,117,87,122,120,128,152,158,111,144,76,145,116,152,148,191,108,185,55,170,28,159,0,220,110,232,64,242,34,248,0
37,192,227,135,212,81,184,36,162,0,148,125,122,117,88,121,121,128,153,158,112,143,77,145,117,153,150,190,108,185,56,170,28,159,0,220,111,232,65,242,35,249,2
37,191,227,134,213,80,185,36,163,0,149,124,123,115,89,120,122,127,154,157,113,142,78,144,118,152,151,189,109,183,56,168,28,158,0,219,111,231,65,242,36,249,3
37,191,227,134,212,80,184,35,162,0,149,124,121,115,87,119,121,125,153,157,111,142,76,143,116,151,149,189,108,183,55,167,28,157,0,219,110,231,65,241,35,247,2
37,191,226,134,211,80,183,35,161,0,147,125,121,116,88,120,120,127,152,157,112,142,77,144,117,152,149,189,108,183,55,167,28,157,0,219,110,231,64,241,35,248,2
37,193,227,135,212,81,184,36,161,0,148,126,121,117,89,121,121,128,152,158,111,142,76,145,116,154,148,190,107,183,55,167,28,156,0,220,110,232,64,242,35,249,2
37,193,225,136,210,82,181,37,159,0,145,127,119,119,86,123,119,130,150,159,109,144,75,145,115,154,147,192,106,185,54,169,27,159,0,221,108,233,62,243,33,249,0
37,192,226,136,211,81,183,36,160,0,147,126,121,118,87,122,119,129,151,158,111,143,76,145,117,153,149,191,107,184,55,168,28,157,0,220,109,233,64,243,35,249,1
37,193,226,136,211,81,183,36,160,0,145,125,121,117,87,122,121,128,152,158,111,143,76,145,116,153,149,190,107,184,55,167,27,156,0,220,109,233,64,243,34,250,1
37,190,224,133,210,80,182,35,159,0,146,124,120,116,86,119,119,126,150,156,110,142,76,143,116,150,148,188,107,182,54,166,27,155,0,218,109,230,62,241,33,247,0
37,189,228,132,213,78,186,34,164,0,150,123,123,114,89,118,122,124,153,155,113,139,78,140,118,148,151,187,110,179,57,163,29,152,0,217,112,229,66,239,36,246,2
37,191,226,134,212,80,184,35,162,0,148,125,122,116,88,120,120,127,151,157,113,141,78,143,117,151,149,189,109,181,56,164,28,154,0,219,111,230,65,240,35,247,2
37,191,225,134,211,80,183,35,161,0,147,124,120,116,87,120,119,127,150,156,110,141,75,142,115,151,146,188,106,180,54,163,27,152,0,218,108,230,62,240,33,246,0
37,191,226,134,212,80,185,35,164,0,150,125,123,116,89,120,121,127,152,157,112,141,78,142,117,151,148,189,108,180,56,162,28,150,0,218,110,230,64,240,35,247,1
37,190,225,133,212,79,185,34,163,0,149,122,122,114,88,118,120,125,151,155,112,139,77,141,116,150,148,187,108,178,55,161,28,150,0,217,110,228,64,238,34,245,1
37,193,227,136,212,81,184,36,162,0,149,126,123,117,89,122,121,129,152,158,113,142,78,144,117,154,149,190,108,181,56,165,28,153,0,220,110,233,64,243,35,249,1
37,190,227,134,213,79,186,35,164,0,152,123,123,115,90,119,122,125,154,156,113,140,78,141,118,149,150,188,109,180,57,163,29,152,0,218,111,230,65,240,36,246,2
37,192,228,136,214,81,187,36,165,0,151,125,124,118,90,122,123,129,155,157,114,143,79,144,119,153,152,190,110,182,57,165,29,153,0,220,112,233,66,243,37,250,4
37,189,228,133,213,79,185,34,163,0,151,123,122,115,88,118,120,124,152,155,112,139,78,140,118,148,151,188,108,179,56,162,28,151,0,217,110,229,64,240,35,247,1
37,191,227,134,213,80,185,36,163,0,150,124,123,116,89,120,121,126,153,157,113,141,78,143,118,151,150,189,109,181,57,164,29,154,0,219,111,231,65,242,36,249,2
37,189,224,132,210,79,182,35,160,0,147,123,120,115,86,118,119,125,151,155,110,140,75,141,115,150,148,188,107,180,54,163,27,151,0,218,108,231,62,241,33,248,0
37,189,227,133,213,79,186,35,164,0,151,124,123,115,90,118,123,125,154,156,114,140,79,141,119,150,152,188,110,180,57,162,29,151,0,218,113,230,67,240,37,248,3
37,188,223,132,210,78,184,34,162,0,148,122,120,115,88,118,119,125,150,154,111,139,76,140,115,149,147,186,106,178,55,161,28,150,1,216,108,229,62,239,33,246,0
37,190,223,133,210,80,183,35,162,0,148,123,121,116,88,119,120,127,151,155,111,140,76,142,115,151,146,187,107,179,55,161,29,149,1,218,109,230,63,240,34,246,0
37,190,223,133,210,79,184,34,163,0,149,123,121,115,88,118,120,126,151,154,111,138,77,141,117,151,149,186,107,176,55,158,28,145,0,216,109,227,63,236,33,242,0
37,189,224,133,211,79,185,34,165,0,151,123,123,114,90,118,122,125,153,154,112,139,79,141,118,150,150,186,108,177,56,159,28,146,0,215,109,226,64,235,34,241,0
37,190,223,133,210,79,184,34,163,0,148,123,121,115,88,119,119,126,150,155,111,138,77,141,117,151,149,186,107,177,55,158,28,145,0,216,108,227,63,236,33,242,0
37,189,223,133,211,78,185,34,163,0,148,123,121,115,89,119,120,126,151,154,111,138,77,141,117,150,149,186,106,177,55,159,28,146,0,215,108,226,63,235,33,241,0
37,190,223,134,210,79,184,34,163,0,148,124,120,115,88,119,119,125,151,155,110,138,76,141,116,150,149,187,106,177,55,159,28,147,0,216,108,226,62,236,33,241,0
37,188,222,133,210,79,183,34,162,0,147,123,121,115,89,118,120,124,151,154,111,139,78,140,117,148,150,186,107,177,55,160,28,147,1,216,109,227,63,237,33,243,0
37,185,221,130,210,77,184,33,162,0,147,120,121,112,88,115,118,121,149,151,112,136,77,137,117,145,149,183,108,175,56,156,28,143,0,213,109,225,63,235,34,241,0
37,188,222,132,209,78,182,34,161,0,146,123,121,114,87,117,118,123,149,154,111,139,77,141,116,149,149,186,107,178,55,160,27,147,0,216,108,227,63,236,34,242,0
37,189,225,134,211,80,184,35,163,0,148,125,122,116,88,119,120,125,151,156,112,140,79,142,119,151,152,188,108,179,56,160,28,147,0,217,110,228,65,237,35,243,1
37,188,223,132,210,78,184,34,162,0,146,123,121,115,88,118,119,124,149,154,112,139,78,141,117,149,150,186,107,177,56,159,28,146,0,215,109,226,64,235,35,241,1
37,188,221,132,209,78,183,34,162,0,148,123,121,114,89,117,120,122,151,154,112,137,78,140,117,148,150,185,108,176,56,159,28,146,0,214,110,225,64,233,34,237,1
37,187,221,131,208,77,183,34,162,0,147,123,121,114,88,116,119,122,150,154,111,137,77,139,117,148,149,185,107,176,56,157,28,144,0,214,109,224,64,233,34,237,0
37,188,223,132,210,78,184,34,163,0,148,123,121,114,90,117,120,123,151,154,111,136,78,140,117,149,149,185,107,175,56,156,28,143,0,214,109,223,64,230,34,234,1
37,187,221,130,208,77,181,34,159,0,144,123,118,114,87,117,119,123,151,155,109,138,76,140,116,149,149,186,106,177,55,159,27,146,0,215,108,225,63,233,33,237,0
37,188,222,132,209,77,182,34,160,0,145,124,120,115,88,118,118,124,149,155,110,138,76,140,115,149,147,187,106,177,55,160,28,147,0,216,108,225,63,233,34,238,0
37,188,223,131,210,77,183,33,160,0,145,123,121,115,88,118,119,124,150,154,111,138,76,141,115,150,148,186,107,177,55,159,28,147,0,215,108,224,63,232,34,237,2
37,188,223,131,210,77,184,34,162,0,146,124,121,115,89,118,120,123,151,155,111,139,77,141,117,149,149,186,107,177,56,159,28,146,0,215,109,224,64,232,35,236,1
26,200,171,128,165,66,147,22,132,11,101,104,55,55,20,17,43,0,74,118,46,54,4,14,38,2,78,131,41,68,0,24,35,8,76,138,48,80,20,41,39,22,69
26,201,172,128,166,66,147,21,131,12,99,103,55,56,20,19,43,0,74,117,46,53,4,15,38,1,77,131,41,69,0,26,35,9,77,139,47,82,20,44,40,24,71
26,201,172,128,167,67,148,23,132,11,100,100,59,52,22,17,45,0,75,114,48,53,6,14,39,2,78,128,42,66,0,24,35,10,77,136,47,80,18,43,39,26,71
26,200,173,127,167,65,148,22,132,10,99,100,59,52,24,16,45,0,74,114,48,53,6,13,39,1,77,128,42,67,0,24,34,10,75,136,47,80,18,42,38,25,68
26,202,171,127,164,65,146,22,130,8,97,98,60,52,24,16,46,0,74,113,49,53,6,13,38,1,77,127,43,67,0,25,34,10,74,138,47,82,16,45,36,27,67
26,201,171,129,164,67,146,23,130,8,97,97,61,51,26,17,47,0,75,112,49,52,7,14,39,1,77,126,43,67,0,25,34,10,75,137,46,82,16,45,37,27,68
26,203,171,129,163,68,145,24,129,9,98,100,59,52,24,17,47,0,76,114,48,52,7,14,40,2,78,128,42,67,0,25,34,12,75,139,45,83,15,46,36,30,67
26,203,171,127,163,66,143,23,128,9,98,97,57,49,24,15,49,0,79,112,46,49,7,13,43,3,83,126,40,64,0,23,36,10,79,137,43,81,15,44,37,27,69
26,200,171,125,162,65,144,21,128,6,97,95,63,49,27,15,48,0,76,109,52,51,8,13,39,2,77,123,45,66,0,24,33,11,74,135,46,82,15,45,35,28,66
26,198,168,125,162,64,144,20,128,6,97,94,60,48,25,14,47,0,75,108,48,49,7,11,38,1,76,123,42,64,0,23,34,10,74,135,44,80,15,43,36,27,66
26,196,168,124,162,63,144,20,128,6,97,94,60,49,25,15,47,0,75,109,49,50,7,11,39,1,77,123,43,64,0,23,35,10,76,135,45,80,15,44,36,28,67
26,199,168,125,162,64,144,21,128,8,96,93,58,48,22,15,45,0,74,108,47,50,6,13,39,2,77,123,41,64,0,24,35,11,76,135,44,80,16,44,37,28,68
26,199,168,125,161,64,143,22,127,8,96,93,58,48,23,14,47,0,77,108,47,49,7,12,41,3,80,123,41,65,0,24,36,12,77,136,44,83,15,47,36,31,68
26,197,170,125,163,64,144,21,128,6,98,95,59,49,23,15,45,0,74,109,48,51,7,12,39,2,77,124,42,65,0,24,35,11,76,136,45,81,16,44,37,27,68
26,198,169,126,163,65,144,21,128,7,97,93,61,48,23,14,46,0,74,107,50,49,6,11,39,2,77,122,43,64,0,23,35,11,75,135,45,81,15,44,36,27,67
26,200,170,125,163,64,145,20,128,6,97,93,61,48,24,14,47,0,75,107,50,49,7,11,39,1,77,122,43,64,0,23,34,10,74,135,45,81,15,43,36,26,67
26,198,169,124,162,63,144,20,128,5,97,93,61,48,24,14,46,0,74,106,50,49,7,11,38,1,75,121,43,64,0,22,33,9,73,134,45,79,15,42,36,25,67
26,201,169,126,163,65,145,21,128,6,97,93,60,48,23,14,46,0,75,107,49,49,6,11,38,1,76,122,42,64,0,22,33,9,74,134,44,80,15,42,36,24,67
26,197,169,123,163,62,144,20,127,5,97,90,61,46,23,13,46,0,75,105,50,48,6,10,38,2,76,120,43,63,0,22,34,10,74,133,45,80,14,42,35,25,67
26,197,169,123,163,62,145,19,129,2,99,90,60,44,24,12,47,0,76,104,49,47,7,10,39,1,77,118,42,61,0,20,35,8,75,131,44,77,16,39,37,22,69
26,194,167,123,161,63,143,21,127,5,97,91,60,46,23,13,46,0,75,105,49,48,7,11,40,3,78,119,43,62,0,22,35,10,75,132,45,78,16,42,36,26,66
26,193,167,121,161,61,143,20,127,5,97,86,61,43,23,11,46,0,75,100,50,46,7,10,39,2,76,116,44,61,0,21,34,10,73,130,45,78,15,41,35,25,65
26,194,166,123,161,63,143,21,127,5,97,89,60,45,24,12,46,0,74,102,49,48,7,10,38,2,75,117,43,62,0,21,33,10,73,130,44,79,14,42,35,26,65
26,193,166,121,160,62,142,21,127,4,98,86,62,43,25,11,48,0,76,100,51,46,7,10,39,2,76,115,43,62,0,21,33,10,72,130,44,79,13,43,34,27,64
26,194,166,121,161,62,142,21,125,5,95,87,63,43,25,11,48,0,76,101,52,46,8,10,40,3,77,116,44,61,0,21,35,11,73,131,44,79,14,43,35,29,65
26,193,165,122,160,62,144,19,128,4,96,88,62,45,24,12,46,0,74,101,51,47,7,10,38,2,74,116,44,61,0,21,33,10,72,129,44,77,15,40,36,25,66
26,194,165,122,159,62,141,21,126,5,96,87,60,43,22,11,46,0,74,101,50,46,6,11,39,4,76,116,43,61,0,22,34,11,74,131,43,79,13,43,34,27,65
26,198,165,125,158,65,141,23,126,7,95,93,58,48,24,15,47,0,75,107,48,50,7,12,39,2,76,122,41,65,0,24,34,11,73,135,43,82,13,46,33,30,63
26,196,165,123,160,63,143,20,128,5,98,87,60,44,24,12,47,0,75,101,49,47,6,10,39,2,76,116,42,61,0,21,34,10,74,130,43,77,15,41,36,25,67
26,192,167,121,163,61,144,19,127,4,96,89,61,45,23,12,45,0,73,103,51,48,6,10,38,2,74,118,44,62,0,21,33,9,72,131,45,77,16,40,36,25,66
26,195,165,122,161,62,144,21,128,5,99,91,61,46,25,13,49,0,78,104,50,48,7,10,40,2,78,118,42,61,0,21,34,10,74,130,44,77,15,40,36,25,68
26,195,167,121,162,62,144,20,129,3,100,89,61,45,24,12,46,0,75,103,50,47,6,10,39,2,76,117,43,61,0,20,33,9,72,129,45,75,16,38,37,22,68
26,194,167,120,162,60,144,19,128,5,99,89,62,44,25,11,50,0,79,103,51,47,7,10,42,3,80,118,44,60,0,20,36,10,77,130,46,76,16,39,38,24,69
26,194,167,120,162,61,144,19,129,4,101,89,62,44,24,11,49,0,78,103,51,46,7,10,41,3,79,118,45,60,0,19,35,9,75,130,47,76,16,38,37,23,68
26,193,167,121,163,61,146,19,131,6,100,91,60,45,24,12,48,0,77,104,49,47,6,10,40,2,78,118,43,60,0,19,35,8,76,128,46,74,17,37,38,22,69
26,198,169,124,163,63,146,21,131,4,101,93,62,45,25,11,50,0,79,106,50,47,7,10,42,3,80,120,44,61,0,19,36,9,77,131,46,76,16,38,38,23,70
26,196,168,122,162,62,145,19,130,5,99,91,61,46,25,13,46,0,73,105,50,49,6,11,37,2,74,119,43,62,0,20,32,8,71,130,45,76,16,38,36,21,66
26,197,168,123,163,62,146,19,132,7,100,93,61,47,24,13,47,0,75,106,50,48,7,11,39,2,77,120,43,61,0,20,34,9,74,131,46,76,17,38,39,22,70
26,195,168,121,162,61,146,19,131,3,100,90,62,46,25,13,48,0,76,104,50,47,7,10,39,2,76,118,43,60,0,19,34,9,73,129,45,75,17,37,39,22,70
26,195,166,122,161,62,145,19,130,4,99,92,61,46,25,13,47,0,74,105,49,48,7,11,38,2,76,119,42,61,0,20,34,9,74,130,43,75,16,38,37,23,68
26,194,166,121,161,61,145,19,130,3,99,90,59,44,23,12,47,0,77,104,47,46,6,9,40,1,79,118,40,59,0,19,36,9,77,129,43,74,15,39,37,25,68
26,192,167,121,162,61,146,19,131,4,100,89,61,45,24,12,47,0,76,103,50,47,7,10,40,2,78,117,43,61,0,20,35,9,75,129,45,76,16,40,37,24,67
26,194,164,122,159,62,144,20,131,6,100,92,60,45,25,12,49,0,78,105,49,47,7,10,41,2,79,119,42,61,0,21,35,10,75,131,43,76,15,40,37,25,68
26,194,165,121,160,61,144,18,129,5,98,91,61,45,25,12,47,0,75,104,50,47,7,10,39,2,76,118,42,61,0,20,34,9,73,130,43,76,15,39,37,24,67
26,196,165,122,160,62,143,20,128,5,97,90,59,46,24,13,47,0,75,104,48,48,7,11,39,3,76,118,41,61,0,21,34,10,74,130,42,77,15,40,36,25,66
26,195,166,121,160,62,145,20,131,5,100,92,59,45,25,12,50,0,79,105,48,46,7,9,41,1,79,119,41,60,0,19,35,8,76,129,43,74,16,38,38,23,69
26,194,167,121,161,62,145,19,130,4,99,88,62,45,26,12,48,0,76,102,50,47,8,10,40,1,76,116,43,60,0,20,34,9,74,128,44,75,16,39,38,24,69
26,196,166,123,161,63,145,20,130,6,99,90,61,44,27,12,51,0,80,103,50,46,8,10,42,2,80,117,42,60,0,20,35,10,76,130,43,77,15,40,37,24,67
26,197,166,123,163,62,145,20,130,6,100,91,60,44,24,11,48,0,78,105,49,46,7,11,42,4,80,119,42,61,0,21,36,11,77,132,44,77,15,40,37,26,68
26,196,167,121,163,61,145,19,129,6,98,88,63,43,25,11,49,0,78,101,52,46,8,10,42,3,79,117,44,59,0,20,36,10,76,130,45,76,15,39,38,25,69
26,194,166,121,162,61,144,19,127,4,95,87,62,43,24,11,48,0,76,100,51,46,8,10,40,2,78,116,44,59,0,20,35,9,74,129,44,75,16,39,37,23,67
26,196,164,122,159,63,142,21,126,6,96,87,61,44,25,13,47,0,75,101,50,47,7,11,38,3,75,116,42,61,0,21,33,10,72,130,42,78,13,41,34,25,65
26,195,165,122,159,62,143,20,128,4,97,90,58,45,23,13,46,0,74,103,47,48,7,12,39,2,77,117,40,61,0,21,34,10,75,130,40,76,14,41,35,25,66
26,196,166,123,160,63,143,21,128,5,98,90,61,45,25,12,48,0,77,103,50,47,8,10,41,2,78,118,43,61,0,21,35,10,75,131,43,77,15,41,36,26,67
26,197,165,124,160,64,143,22,128,6,97,89,63,44,27,12,50,0,78,102,52,47,8,11,40,2,78,117,44,62,0,22,34,10,74,131,43,79,14,42,35,26,67
26,197,163,125,159,64,142,21,126,5,96,88,60,45,25,13,48,0,75,102,49,47,7,11,38,1,76,117,41,62,0,22,33,10,73,131,42,79,14,43,35,27,66
26,192,166,121,161,62,143,21,126,6,95,85,62,42,24,11,46,0,74,98,52,46,7,10,38,3,74,114,44,61,0,22,33,12,71,129,43,79,13,44,34,29,63
26,195,164,121,158,63,141,22,125,6,95,88,61,43,24,11,47,0,76,101,50,46,7,10,40,4,77,116,43,61,0,22,35,13,74,131,42,81,11,46,33,33,64
26,195,166,122,161,62,143,20,127,6,96,86,63,43,26,11,48,0,76,99,52,46,8,10,39,2,76,114,44,61,0,21,34,10,73,129,44,78,14,42,35,27,66
26,197,165,124,160,64,142,21,125,6,93,88,62,44,26,12,48,0,75,101,50,47,8,11,39,2,76,117,43,62,0,23,34,11,73,132,42,81,13,45,34,29,65
26,197,163,124,158,64,141,22,125,6,93,88,61,44,25,13,48,0,75,101,50,46,8,11,39,2,75,116,42,61,0,23,34,11,73,132,41,80,12,45,33,30,64
26,195,164,122,159,62,141,21,125,7,94,85,62,42,24,12,48,0,76,99,51,46,7,11,39,3,76,115,43,62,0,23,34,12,73,132,42,81,12,47,34,32,65
26,197,165,122,160,63,143,20,128,5,97,88,62,46,26,13,48,0,76,102,51,48,8,11,39,1,76,117,43,62,0,22,34,10,73,130,44,78,15,41,37,24,68
26,192,165,121,161,61,144,18,128,3,97,86,63,43,27,12,49,0,76,99,52,46,9,10,39,0,76,114,44,60,0,20,33,8,72,127,43,75,15,38,37,21,68
26,196,165,124,160,63,143,20,128,6,96,90,62,45,25,13,47,0,74,103,50,48,8,11,39,1,76,118,43,62,0,23,34,11,74,132,43,79,15,43,37,27,68
26,195,165,122,160,62,144,20,128,6,97,91,59,46,24,13,47,0,75,104,48,47,8,11,40,2,78,119,41,61,0,22,36,10,77,131,42,77,15,42,37,27,68
26,197,165,124,160,63,143,20,128,6,96,91,58,46,25,13,47,0,76,105,47,47,8,11,41,2,78,120,40,61,0,22,36,10,77,132,41,78,15,42,37,26,68
26,195,164,124,159,64,142,21,127,6,96,90,59,45,23,13,46,0,74,103,48,47,7,11,39,2,77,118,41,61,0,22,35,11,76,131,41,78,14,42,35,26,66
26,194,164,122,158,63,142,21,128,5,97,87,60,42,25,11,49,0,78,101,49,45,8,10,41,2,79,116,42,60,0,22,35,11,75,130,42,78,14,43,35,28,65
26,196,162,123,157,64,142,22,127,6,97,88,60,43,24,12,47,0,76,101,49,46,7,11,40,3,77,116,42,61,0,22,34,11,74,131,42,78,14,43,36,28,67
26,193,164,121,160,61,144,19,128,4,98,85,62,42,24,11,48,0,76,98,51,45,7,9,39,2,76,113,44,59,0,20,34,10,73,127,43,75,15,39,37,25,68
26,192,164,121,160,61,143,19,127,3,97,86,62,43,25,12,47,0,74,99,51,46,7,10,37,0,74,114,43,60,0,20,33,8,71,127,42,75,14,39,36,23,67
26,196,164,123,159,63,143,20,127,6,96,89,60,45,25,13,48,0,75,103,49,48,7,10,39,0,76,118,41,62,0,21,34,10,74,131,42,77,14,41,36,26,68
26,194,165,121,160,61,144,18,127,3,95,87,62,43,25,11,48,0,77,101,51,45,8,9,40,2,77,116,43,59,0,20,34,10,74,130,43,77,14,41,35,26,67
26,197,166,123,161,63,144,20,127,4,97,89,62,43,26,11,49,0,78,102,51,46,8,9,41,1,79,117,43,60,0,20,35,10,76,130,43,77,13,41,35,27,67
26,195,166,122,162,62,145,20,129,4,98,89,63,44,26,12,49,0,76,102,51,46,8,9,39,1,76,117,44,60,0,20,33,9,73,129,44,76,15,39,36,23,68
26,197,166,123,160,63,142,21,126,5,96,86,62,42,24,10,46,0,74,100,51,45,7,10,39,3,76,115,43,60,0,21,34,11,73,131,42,80,12,44,33,29,63
26,198,166,124,160,64,143,22,128,4,99,90,62,44,27,12,50,0,78,103,51,46,9,11,42,3,79,118,43,61,0,22,35,11,76,132,43,80,14,44,35,28,66
26,196,167,124,161,64,143,21,128,5,98,92,60,45,25,12,49,0,78,105,49,48,7,11,41,3,79,120,41,62,0,21,35,10,75,132,42,79,14,42,35,27,65
26,194,167,121,162,61,145,18,129,3,98,86,63,42,26,10,49,0,77,99,52,44,8,8,39,0,76,114,43,58,0,19,35,10,75,128,43,76,14,40,37,26,69
26,194,166,122,160,62,143,20,127,4,96,88,63,43,27,11,49,0,77,101,51,46,8,10,40,2,77,117,43,62,0,23,34,12,74,132,42,81,11,46,32,32,63
26,196,166,123,160,62,142,20,125,4,95,85,62,42,25,12,48,0,76,98,50,45,7,10,39,2,76,114,42,60,0,21,33,10,73,129,41,78,13,42,35,26,66
26,196,167,124,161,62,144,19,127,4,95,88,63,44,25,12,48,0,76,101,52,46,8,10,39,1,76,117,44,62,0,23,34,11,73,133,43,81,14,46,35,30,65
26,195,166,122,161,62,143,20,126,4,95,86,63,43,25,12,48,0,75,99,52,46,7,11,38,2,75,114,44,61,0,21,33,10,73,129,42,77,13,41,35,25,66
26,194,164,123,160,63,143,20,127,5,95,87,62,42,24,11,47,0,75,100,50,45,7,9,39,2,75,115,42,59,0,21,34,12,74,129,41,78,12,43,33,28,64
26,197,166,125,161,65,144,22,127,5,96,91,61,45,27,13,49,0,76,104,50,47,8,10,39,1,75,119,42,62,0,23,33,11,73,133,42,80,13,45,34,29,64
26,197,165,126,159,65,142,22,126,6,95,91,61,46,26,14,47,0,75,104,49,48,8,11,39,2,76,119,41,63,0,24,34,12,74,134,40,82,11,46,32,31,62
26,196,166,124,161,63,144,20,127,5,94,86,63,43,24,12,47,0,75,100,51,46,7,10,38,1,76,116,43,61,0,22,33,11,73,131,42,79,14,43,35,27,66
26,198,167,126,162,64,144,20,126,4,94,87,65,44,28,13,49,0,76,101,53,47,8,11,38,2,75,117,44,63,0,25,34,13,73,134,41,83,12,48,34,33,64
26,199,166,126,160,65,143,21,126,6,93,92,60,48,24,15,45,0,72,106,49,49,7,13,37,1,73,121,41,65,0,25,33,12,73,135,40,82,13,46,34,29,64
26,199,166,126,160,65,142,21,126,5,93,92,60,48,25,15,46,0,73,107,49,49,8,12,38,1,74,122,41,64,0,25,34,12,74,137,40,83,12,48,32,32,63
26,197,165,125,160,64,144,20,127,5,93,89,60,46,24,14,46,1,74,102,49,48,7,12,37,0,73,117,41,63,0,24,33,11,73,132,40,79,14,43,35,26,66
26,197,165,125,159,65,143,21,126,5,93,88,64,45,28,14,48,0,74,102,51,48,9,12,37,2,73,117,42,63,0,25,32,13,70,132,40,81,12,47,32,32,62
26,196,164,125,158,65,141,21,125,5,92,88,63,45,27,14,47,0,74,101,51,47,8,12,37,1,73,117,42,63,0,25,33,12,72,133,40,81,12,47,33,31,64
26,197,164,126,159,66,142,22,126,8,94,90,62,46,27,14,49,0,76,103,50,47,9,12,39,2,76,119,41,63,0,25,33,13,73,133,40,82,12,47,33,32,63
26,197,163,125,159,65,143,22,127,8,94,90,61,47,27,14,48,0,75,103,49,49,8,12,38,1,74,117,41,63,0,24,33,12,73,131,41,80,14,44,35,28,65
26,197,164,126,159,65,141,21,125,5,93,90,60,45,25,13,45,0,72,103,49,48,7,12,38,1,74,118,41,63,0,24,34,12,74,132,41,79,14,44,35,28,66
26,197,164,125,160,64,143,21,126,5,93,87,62,44,25,13,47,0,75,101,51,47,7,11,38,1,75,116,43,62,0,23,34,12,73,131,42,80,15,44,36,28,67
26,195,164,125,159,65,142,22,125,4,94,89,62,45,26,13,46,0,72,102,50,48,8,12,37,2,73,117,42,63,0,25,32,13,71,132,41,82,11,47,31,32,61
26,199,164,127,158,67,142,24,127,7,96,92,62,47,28,15,49,0,76,106,51,49,10,13,41,2,79,121,42,63,0,25,35,12,76,135,41,82,12,48,34,32,66
26,195,163,124,159,64,142,21,126,5,94,86,63,42,24,11,47,0,75,99,52,44,7,10,39,1,76,115,43,60,0,23,33,12,73,131,41,79,13,44,35,28,66
26,196,164,125,161,64,144,20,127,4,95,86,63,43,26,12,49,0,77,99,51,45,8,10,39,0,76,115,43,60,0,22,34,11,74,130,42,78,14,42,37,26,68
26,195,164,124,160,64,144,20,127,5,94,86,62,44,26,12,47,0,75,99,51,46,8,10,38,1,74,114,42,61,0,23,34,11,73,129,41,77,14,42,35,27,66
26,199,163,127,158,67,142,24,126,7,95,90,60,46,26,14,48,0,75,104,48,47,8,12,39,2,75,118,40,62,0,24,33,12,73,132,40,80,13,45,33,29,64
26,198,163,125,158,66,142,23,126,6,95,89,60,44,26,13,49,0,75,102,48,46,8,11,40,2,76,117,40,60,0,22,34,12,74,131,40,78,13,44,34,30,63
26,197,161,125,157,66,140,23,126,7,96,91,58,44,25,12,48,0,76,104,47,46,8,10,41,1,78,118,39,61,0,22,35,11,75,132,39,79,12,45,33,31,64
26,198,162,125,157,66,140,24,126,7,95,92,59,46,26,13,48,0,76,104,48,48,9,11,40,1,77,119,41,63,0,23,34,12,74,133,40,81,12,46,33,31,64
26,198,163,125,159,66,142,24,127,8,96,92,61,46,27,13,49,0,77,104,50,47,9,11,41,1,78,119,42,61,0,22,35,11,75,132,42,78,13,44,35,29,67
26,197,163,126,159,66,142,23,127,7,96,88,62,45,26,13,48,0,75,101,50,46,8,11,39,2,76,117,42,61,0,23,34,12,74,132,42,79,15,44,36,29,67
29,212,311,154,289,97,252,45,235,0,233,154,162,133,99,119,61,109,27,192,162,196,87,196,42,201,0,228,179,232,159,213,206,205,233,261,203,260,182,242,214,231,234
29,213,312,156,289,99,253,46,237,0,234,155,163,136,99,122,62,112,28,193,163,198,88,199,43,204,0,229,179,234,160,216,207,207,234,262,203,262,184,244,216,232,236
29,213,311,156,288,99,252,47,235,0,232,155,162,135,99,122,61,112,27,193,163,197,87,198,43,203,0,229,179,233,159,214,206,206,233,261,202,261,182,243,215,231,235
29,212,311,155,288,98,252,46,235,0,232,154,162,134,99,121,61,111,27,192,162,195,87,196,43,201,0,228,179,232,159,213,206,205,234,260,203,259,182,241,215,229,235
29,212,310,155,288,98,251,45,234,0,231,154,162,134,99,120,61,109,27,191,162,195,87,195,42,199,0,228,178,231,159,212,206,204,234,260,201,259,182,241,214,230,234
29,212,310,155,287,98,250,46,233,0,230,154,161,134,98,120,61,110,27,192,161,195,86,195,42,200,0,228,177,232,157,213,204,205,232,260,201,259,180,241,212,230,232
29,213,309,156,287,99,250,47,234,0,230,155,161,134,99,121,61,111,27,192,162,196,87,195,43,200,0,229,178,231,158,213,205,205,233,262,202,259,181,241,213,230,234
29,211,309,154,287,97,250,46,233,0,228,153,162,133,99,119,61,109,27,191,162,194,87,193,42,198,0,227,178,230,157,212,205,204,233,260,201,258,181,240,213,229,233
29,212,307,155,285,99,248,47,231,0,228,155,160,134,98,121,60,110,26,192,161,196,86,194,42,198,0,228,177,231,157,213,204,205,231,260,201,259,180,241,211,230,231
29,211,307,154,285,98,249,46,232,0,228,153,160,133,98,119,61,109,27,191,161,194,86,193,41,197,0,227,177,230,156,212,203,204,231,259,201,258,180,239,211,229,232
29,211,307,154,286,98,250,47,233,0,229,153,161,133,99,120,62,110,28,190,161,194,86,194,42,199,0,227,178,231,157,213,203,204,230,259,202,258,181,240,213,229,233
29,211,306,154,285,98,249,47,232,0,228,154,161,134,98,120,61,109,27,191,161,194,86,194,42,198,0,227,177,230,156,212,202,205,230,259,201,257,180,239,212,228,233
29,212,307,155,285,99,249,47,232,0,228,155,161,135,98,121,60,110,27,192,161,196,87,196,42,200,0,228,177,231,157,213,203,205,231,260,201,258,180,241,211,230,231
29,211,308,154,286,98,250,46,232,0,228,153,160,133,98,120,61,109,27,191,161,194,86,193,42,197,0,227,177,230,157,212,204,205,232,259,201,256,180,238,212,228,233
29,211,308,153,285,97,248,46,230,0,224,154,160,134,97,120,60,110,26,191,161,194,86,193,42,198,0,227,177,230,156,212,204,204,232,260,201,257,179,239,211,228,232
29,210,307,153,285,97,249,46,231,0,225,154,160,133,98,120,60,109,26,191,161,194,86,194,42,198,0,227,177,230,157,211,203,203,232,259,201,257,180,239,211,228,233
29,210,306,153,284,96,248,46,230,0,225,153,160,133,98,120,60,110,26,191,161,194,87,193,42,197,0,226,178,230,157,211,203,203,231,259,202,257,180,239,211,228,231
29,211,307,153,284,97,248,46,231,0,225,153,160,133,98,119,61,108,28,190,161,194,88,193,43,197,0,226,177,229,156,211,203,203,231,258,201,256,179,239,210,228,231
29,209,306,152,283,96,247,45,229,0,224,152,159,132,97,118,60,108,26,189,160,193,86,192,42,196,0,225,176,228,155,210,201,202,230,257,199,254,177,236,209,226,230
29,210,306,154,283,98,247,46,231,0,224,153,160,133,98,120,61,110,27,190,161,194,87,193,42,197,0,226,177,230,156,212,202,204,230,258,201,256,179,239,210,229,230
29,208,305,151,283,96,247,45,230,0,224,152,159,131,98,118,60,107,27,189,160,192,86,192,42,195,0,224,176,228,156,210,201,202,229,256,200,254,179,236,210,225,230
29,209,304,152,282,96,246,46,229,0,223,153,159,131,97,118,60,107,26,190,160,193,86,192,41,194,0,225,176,228,155,210,201,203,229,257,200,255,178,237,208,226,230
29,210,305,153,282,96,246,46,229,0,223,154,158,133,96,119,59,108,26,191,160,194,86,193,41,196,0,226,176,228,155,210,201,203,229,258,200,255,177,237,208,227,229
29,208,305,152,283,96,246,46,229,0,222,152,159,132,97,118,59,108,25,189,160,192,86,191,41,194,0,225,177,227,156,210,202,202,230,257,201,255,178,237,209,226,230
29,209,306,152,283,96,247,46,229,0,223,153,159,133,97,119,60,109,27,191,160,193,86,192,42,195,0,226,177,228,156,211,203,203,231,259,201,256,179,238,211,227,232
29,208,304,151,282,96,246,45,228,0,222,152,158,131,96,117,59,107,25,189,159,192,85,191,41,194,0,225,176,227,155,209,201,202,229,257,200,254,178,236,209,226,230
29,208,306,152,283,96,247,46,229,0,223,153,159,132,98,118,60,108,27,190,160,193,87,192,42,195,0,226,177,228,156,211,202,203,230,258,201,255,178,237,208,228,230
29,209,306,152,283,96,247,46,230,0,224,153,160,132,98,118,60,107,27,190,160,193,86,192,42,195,0,225,177,228,156,210,202,202,230,257,201,255,179,237,210,226,231
29,207,305,151,282,96,246,45,229,0,223,152,158,130,97,116,59,106,26,189,159,192,86,191,41,194,0,225,176,226,155,209,201,202,229,257,200,253,178,235,209,224,231
29,208,305,151,282,95,247,45,229,0,223,152,159,130,97,117,60,106,26,189,160,192,86,191,42,193,0,225,177,226,156,209,201,202,230,256,201,253,178,235,209,225,231
29,207,306,151,283,95,247,45,230,0,222,152,159,131,97,117,60,107,27,189,160,191,86,190,41,193,0,224,176,226,156,209,202,202,230,256,200,253,178,235,210,225,231
29,207,303,151,281,95,245,45,228,0,222,151,158,130,97,117,60,106,27,188,159,191,85,189,41,192,0,223,175,226,154,209,200,202,228,255,199,253,177,235,208,225,229
29,208,304,151,281,96,246,46,229,0,223,152,159,131,98,118,61,108,27,189,159,192,86,191,42,194,0,224,176,227,155,209,201,202,229,256,200,254,178,236,209,225,230
29,208,303,152,281,96,246,46,228,0,222,153,159,132,97,118,60,107,26,189,160,193,86,191,42,195,0,225,176,227,155,209,201,202,229,257,200,254,178,237,209,226,230
29,209,305,153,283,97,247,46,229,0,223,153,159,133,97,119,60,108,27,190,159,194,85,192,41,196,0,226,176,229,155,212,201,204,229,257,201,256,179,238,211,227,232
29,208,305,151,282,96,246,45,229,0,223,153,159,132,97,119,60,108,26,190,160,193,86,191,41,194,0,225,177,228,156,210,202,203,230,257,201,254,179,236,211,226,232
29,209,304,152,282,96,246,45,228,0,222,152,158,132,97,118,59,108,26,190,159,193,86,192,42,196,0,226,175,227,156,210,202,202,230,257,199,255,179,237,210,226,231
29,209,304,152,282,96,245,46,228,0,222,153,158,132,96,119,59,109,26,190,159,193,85,192,41,196,0,225,176,228,155,211,201,204,229,257,200,255,179,237,210,227,230
29,208,305,151,282,96,246,46,229,0,222,153,159,133,96,119,59,108,25,190,160,194,86,192,41,196,0,226,177,228,155,211,201,204,229,258,201,255,178,237,209,227,230
29,209,305,152,282,96,245,46,228,0,222,153,158,133,96,119,59,109,25,191,159,194,85,193,41,197,0,226,175,228,155,211,201,203,229,259,200,256,178,238,208,227,230
29,209,306,152,283,96,247,45,230,0,223,153,159,132,97,118,60,108,26,190,160,194,86,193,42,196,0,226,176,228,157,210,202,203,230,257,200,255,179,237,210,226,231
29,208,305,152,282,96,245,45,228,0,222,152,158,132,97,119,60,108,26,190,159,193,85,192,41,195,0,226,175,228,156,211,201,203,229,257,199,255,179,237,210,226,231
29,207,304,151,282,95,246,45,229,0,223,151,159,130,97,117,61,107,27,188,159,192,86,191,41,194,0,224,176,226,156,209,202,202,230,256,200,253,179,235,210,225,231
29,208,304,151,282,96,246,45,228,0,223,152,159,131,98,118,60,108,27,189,159,193,86,192,41,195,0,225,176,227,156,209,201,202,230,257,200,254,179,236,210,225,232
29,208,304,151,282,96,245,45,228,0,222,153,158,132,97,118,59,108,26,190,159,193,86,192,41,195,0,225,175,227,155,209,201,201,229,257,200,254,178,236,209,225,231
29,208,303,152,281,96,246,45,228,0,222,152,159,131,97,118,59,107,26,189,159,193,85,192,41,196,0,225,176,227,157,210,202,202,229,257,200,255,179,237,209,226,230
29,208,305,152,283,96,247,45,230,0,223,152,159,131,97,117,60,107,26,189,160,193,86,192,41,195,0,225,177,227,157,210,203,202,230,256,201,255,180,237,211,226,231
29,209,305,152,282,96,247,46,229,0,222,152,159,132,97,119,60,108,26,189,160,193,86,193,42,196,0,225,177,228,156,211,202,203,230,257,202,256,180,238,211,226,232
29,209,306,152,283,96,246,46,229,0,223,153,159,133,97,120,60,109,26,190,160,194,87,193,42,197,0,226,177,228,156,211,202,204,230,258,201,255,178,238,209,228,230
29,208,305,151,282,96,246,45,228,0,222,152,159,132,97,119,59,109,25,189,160,194,86,193,41,197,0,225,177,228,156,210,201,203,229,257,201,256,179,237,210,226,231
29,208,305,151,283,96,246,45,228,0,222,152,159,132,97,119,60,109,26,190,159,194,86,193,42,196,0,225,176,228,157,210,202,202,230,257,201,255,180,237,210,225,231
29,209,304,152,281,96,245,46,227,0,221,153,158,133,96,120,59,110,25,190,159,194,86,194,41,197,0,226,176,228,156,211,201,203,229,258,200,256,178,238,208,227,229
29,208,305,151,282,96,245,45,227,0,221,152,158,131,97,118,59,108,25,189,159,193,86,193,41,196,0,225,176,227,155,209,201,202,229,257,200,254,178,236,208,226,229
29,208,304,152,281,96,244,46,227,0,221,153,158,132,96,118,59,107,26,190,159,194,86,193,41,196,0,226,175,227,155,209,201,202,229,257,199,254,178,237,208,227,228
29,206,304,150,281,95,245,45,227,0,221,151,157,130,97,117,59,107,26,188,158,192,85,191,41,194,0,224,175,226,154,208,200,201,228,256,200,253,177,235,208,225,229
29,207,302,151,280,96,243,45,226,0,220,152,157,131,96,117,59,107,25,189,157,193,85,192,41,195,0,225,174,226,153,209,199,202,228,256,198,253,176,235,207,225,229
29,206,303,150,281,94,244,45,227,0,220,151,158,130,97,117,60,106,26,188,158,191,85,190,41,193,0,223,175,224,155,207,200,200,229,255,199,252,177,234,208,223,229
29,207,303,150,281,95,245,45,227,0,221,152,158,131,97,118,60,107,27,189,159,192,86,191,41,194,0,224,176,225,155,208,201,201,229,256,200,253,178,235,210,224,231
29,207,304,151,282,95,245,45,228,0,220,152,158,131,97,118,59,108,26,189,158,193,85,192,40,195,0,225,175,226,155,208,201,201,230,257,199,253,178,235,209,224,231
29,207,304,150,281,95,245,45,228,0,221,152,158,131,96,117,59,107,25,189,159,193,86,192,41,194,0,224,175,226,155,209,201,201,229,256,199,253,177,235,208,225,229
29,207,304,150,282,95,246,45,228,0,222,151,159,130,97,117,60,107,26,188,159,192,86,191,41,194,0,224,176,225,156,208,201,200,230,256,201,252,179,234,210,223,231
29,207,303,150,280,95,243,45,226,0,220,151,157,131,96,117,58,107,25,188,158,192,85,191,41,194,0,224,175,225,154,207,200,200,228,255,199,252,176,235,206,224,227
29,207,303,151,280,95,244,46,227,0,221,152,158,131,96,118,59,108,25,189,159,193,86,192,41,196,0,224,175,226,155,208,201,201,229,256,199,253,177,236,208,225,228
29,207,303,151,281,96,245,45,228,0,222,152,158,130,97,116,60,106,26,189,159,193,85,192,41,194,0,225,176,225,155,207,201,200,229,256,200,252,178,234,209,224,231
29,208,302,151,280,96,244,45,227,0,221,152,157,131,96,117,59,107,26,189,158,193,85,192,41,195,0,225,174,225,155,207,201,200,229,257,198,253,177,235,209,225,230
29,206,302,150,281,95,245,44,227,0,221,150,158,128,97,115,60,104,27,188,158,191,84,190,40,193,0,223,174,224,154,207,200,200,228,255,199,252,178,233,209,223,231
29,207,303,151,281,96,245,45,228,0,222,151,158,129,97,116,60,105,27,188,159,192,85,191,41,194,0,223,175,226,155,208,201,200,229,255,200,252,178,234,210,223,231
29,207,303,151,281,95,245,45,228,0,221,151,158,130,97,117,59,106,26,189,159,193,86,192,41,194,0,224,175,225,156,208,201,200,230,256,200,252,177,235,208,224,230
29,207,303,151,281,96,244,46,227,0,220,151,157,130,97,117,59,106,26,188,158,192,85,191,41,195,0,224,175,225,154,208,200,201,229,256,199,253,177,235,208,224,230
29,207,302,151,280,96,244,45,227,0,220,151,157,131,96,117,59,107,25,189,158,193,84,192,40,194,0,224,175,226,154,208,200,201,228,255,200,253,179,235,210,224,231
29,208,303,151,280,96,244,46,226,0,219,153,157,131,96,118,59,107,25,190,158,194,85,193,41,196,0,225,175,228,155,210,201,201,229,256,199,254,178,236,209,225,230
29,207,304,151,282,95,245,45,228,0,221,151,159,131,98,118,61,108,27,188,159,193,86,191,42,195,0,224,176,225,156,208,202,200,230,255,200,252,178,234,210,224,231
29,206,302,150,280,95,244,45,227,0,220,151,157,130,96,117,59,106,26,188,158,192,85,191,41,194,0,223,175,226,155,208,200,201,229,254,199,252,178,235,209,225,230
29,205,302,149,280,94,245,45,227,0,221,150,157,129,96,116,59,106,26,187,158,191,85,191,41,194,0,222,174,225,155,207,201,200,229,254,198,251,177,234,208,224,229
29,205,302,149,280,95,244,45,227,0,220,150,158,129,96,116,59,106,25,187,158,192,85,191,41,194,0,223,174,224,156,207,201,199,230,254,198,251,178,233,209,223,230
29,205,302,149,280,94,244,45,227,0,220,150,158,129,97,116,60,105,26,187,158,191,86,190,41,194,0,222,175,223,156,206,201,199,229,253,198,250,177,233,208,223,229
29,205,300,150,279,95,243,45,226,0,219,150,157,128,96,115,59,105,26,187,158,191,85,190,41,193,0,222,174,222,155,205,201,198,229,254,198,249,176,231,207,222,229
29,204,301,148,279,94,243,45,226,0,218,150,157,129,96,115,59,105,25,186,158,190,86,189,41,192,0,222,175,221,155,205,200,198,229,253,199,249,176,231,207,221,228
29,204,301,149,278,95,243,45,225,0,218,151,158,130,96,117,59,108,25,188,159,192,86,192,41,195,0,223,175,225,155,207,200,199,228,254,199,251,177,233,209,223,230
29,204,300,149,278,94,242,45,224,0,217,150,156,130,96,117,59,108,25,187,157,191,85,190,40,194,0,223,174,223,155,206,200,199,228,254,199,251,177,233,208,222,230
29,204,302,150,280,95,244,45,226,0,219,151,158,131,97,119,60,109,26,188,159,192,86,191,41,194,0,223,176,224,156,207,201,200,229,254,200,251,179,233,210,223,232
29,204,301,149,279,95,243,45,225,0,218,151,157,130,96,117,59,107,25,188,158,192,85,191,41,194,0,223,175,224,155,208,200,200,228,254,200,251,178,233,209,222,231
29,204,302,149,280,94,244,44,226,0,219,150,158,129,97,116,60,107,26,187,159,191,86,190,41,193,0,222,176,223,156,206,201,199,229,253,200,250,178,232,210,222,231
29,205,302,150,280,95,243,45,226,0,218,151,158,130,96,117,59,107,26,188,159,193,86,192,41,195,0,224,176,224,156,207,202,201,230,255,200,251,178,234,209,224,231
29,204,303,149,280,94,244,44,227,0,220,150,159,129,97,116,60,106,27,187,160,192,87,191,42,194,0,223,177,223,157,207,202,200,230,254,201,251,179,233,210,223,231
29,204,301,148,279,94,244,44,226,0,219,149,157,128,96,116,59,106,26,187,158,191,85,190,41,194,0,222,175,223,155,206,200,199,229,253,200,250,178,232,209,222,231
29,204,300,149,279,95,243,45,225,0,218,149,157,129,95,116,58,106,25,186,158,191,85,190,40,193,0,221,175,222,154,205,200,199,228,252,199,249,176,232,208,222,229
29,205,301,150,280,95,244,45,226,0,219,150,158,129,96,116,59,106,25,187,159,192,85,191,41,194,0,223,176,223,155,206,201,199,229,254,200,250,177,232,209,222,230
29,204,302,148,280,94,245,45,227,0,220,149,158,128,97,115,60,105,27,186,159,191,86,190,42,194,0,222,176,223,156,206,201,199,229,253,200,250,178,232,209,222,231
29,205,302,149,280,95,245,45,228,0,222,150,158,129,97,116,60,106,27,187,159,192,87,190,42,193,0,222,176,222,157,205,202,198,230,253,200,249,178,231,209,221,231
29,205,301,150,280,95,245,45,228,0,221,150,158,129,97,116,60,105,27,187,159,192,87,191,42,194,0,222,176,222,157,205,202,198,230,254,199,249,177,232,209,222,230
29,207,300,151,278,96,242,45,226,0,219,152,156,130,95,116,58,106,25,189,158,193,85,192,41,194,0,224,174,224,155,207,201,200,229,255,198,251,176,233,208,224,229
29,205,302,150,280,95,244,45,227,0,220,151,158,129,97,116,60,106,27,188,159,192,86,190,41,194,0,223,176,223,156,206,202,199,230,254,200,250,178,232,210,223,231
29,205,302,149,280,94,244,45,227,0,222,150,158,128,97,115,59,104,26,187,158,191,86,191,41,194,0,222,175,222,156,206,202,199,231,253,200,249,178,232,209,223,231
29,205,302,149,280,94,244,44,227,0,220,150,158,129,97,115,60,105,27,186,158,190,85,189,41,193,0,222,175,223,157,206,202,199,230,253,199,250,178,233,209,223,231
29,204,301,149,279,94,243,45,227,0,221,150,158,128,97,115,60,104,26,187,158,191,86,190,41,194,0,222,175,222,157,205,202,198,230,253,199,249,178,232,209,222,230
29,205,302,150,281,95,245,45,228,0,223,150,158,129,98,116,61,106,28,187,159,191,87,190,42,194,0,223,176,222,158,206,203,199,231,254,200,250,178,232,209,223,230
29,206,301,150,279,96,243,46,227,0,221,153,158,131,97,117,60,106,26,189,159,193,86,192,42,195,0,225,176,224,156,207,201,200,229,256,200,251,177,234,209,224,230
29,207,300,151,278,97,243,46,227,0,220,152,157,130,96,117,59,107,26,189,157,193,85,192,41,195,0,224,174,224,156,207,201,200,229,255,199,251,178,234,209,224,230
29,206,300,150,278,96,242,46,225,0,220,152,157,130,96,117,59,107,26,188,157,192,85,191,41,195,0,223,174,223,155,206,201,199,229,254,198,250,177,233,208,223,230
29,205,300,150,278,96,242,45,226,0,220,152,156,131,96,117,59,107,26,188,157,192,85,191,41,194,0,223,173,223,156,206,202,198,230,254,197,250,176,233,208,223,229
29,206,300,150,278,96,242,46,226,0,220,151,157,131,96,117,59,107,26,188,157,192,85,191,41,194,0,223,174,223,155,207,201,200,229,254,198,251,176,234,208,224,229
29,205,301,150,279,96,243,45,226,0,221,151,157,130,97,117,60,107,27,188,158,192,85,191,41,194,0,223,174,223,156,206,202,199,230,254,198,250,176,233,208,223,230
29,206,301,150,278,96,242,46,226,0,220,152,157,131,96,117,59,107,26,189,158,193,86,192,41,196,0,224,174,223,156,207,202,200,230,255,198,250,176,233,207,223,229
29,206,301,150,278,96,242,46,226,0,220,152,158,131,97,117,60,107,27,189,158,193,86,192,41,195,0,224,175,223,156,206,202,200,230,255,199,250,176,233,207,224,229
29,205,301,150,279,96,243,46,227,0,222,152,158,131,98,117,61,107,27,189,159,193,87,192,42,195,0,224,176,223,157,206,203,199,231,255,200,251,177,233,208,224,230
29,206,301,150,279,96,243,45,227,0,220,152,157,130,97,117,60,108,27,188,158,192,86,192,41,195,0,224,174,224,156,207,202,199,230,255,198,250,177,233,209,223,231
29,206,301,151,279,96,243,45,227,0,220,152,158,131,97,117,60,107,27,188,158,193,86,192,41,196,0,224,175,224,156,207,202,199,229,255,199,251,177,234,208,224,230
29,206,301,150,279,95,243,46,225,0,219,152,158,131,96,118,59,108,26,189,159,193,86,193,41,196,0,224,176,224,156,207,201,200,229,255,200,251,177,234,208,223,230
29,205,300,150,279,95,242,46,225,0,217,152,157,131,96,118,59,108,26,189,158,193,86,193,41,196,0,224,175,224,156,207,201,200,230,256,199,252,177,234,208,225,229
29,205,300,149,278,95,242,45,225,0,218,152,157,131,96,118,59,108,26,189,158,193,86,192,41,196,0,224,174,223,155,206,201,199,229,255,198,250,176,233,207,223,229
30,104,294,59,269,29,222,49,178,84,171,38,149,18,95,7,61,0,29,72,141,66,74,66,34,67,0,105,148,106,88,107,50,108,16,138,168,144,122,148,92,152,64
30,103,293,58,270,28,222,49,177,85,171,37,150,17,95,6,61,0,29,71,141,66,75,65,35,67,0,104,149,105,88,106,50,107,17,137,168,143,123,148,92,152,64
30,104,295,58,271,28,223,48,178,84,171,38,151,18,96,7,62,0,30,72,142,66,76,65,36,67,0,105,149,105,89,106,51,107,17,137,168,143,123,147,92,151,64
30,105,292,59,268,28,220,49,175,86,168,38,149,18,94,7,59,0,28,72,139,66,73,65,34,67,0,105,147,105,86,105,48,106,15,138,165,143,120,147,90,151,62
30,104,292,59,268,29,220,50,176,87,170,38,149,18,94,7,60,0,29,72,140,65,74,64,35,66,0,105,147,105,87,105,49,105,16,137,165,143,120,147,90,150,63
30,104,292,59,268,29,220,50,175,87,169,37,148,17,94,7,59,0,28,71,139,64,74,63,35,64,0,104,146,104,86,104,48,103,15,137,165,143,121,146,90,149,62
30,106,292,61,268,30,220,50,175,87,169,38,148,18,94,7,60,0,29,72,139,64,74,62,34,63,0,105,146,104,86,104,49,104,15,138,165,143,120,147,90,150,62
30,105,292,59,268,29,220,50,175,86,169,38,148,18,93,7,59,0,28,72,139,64,74,62,34,62,0,104,147,104,87,104,49,104,15,137,165,143,121,147,90,150,62
30,104,292,59,268,28,220,48,174,85,168,38,148,18,94,7,60,0,28,72,139,64,74,62,34,62,0,105,147,104,87,104,49,104,15,137,166,143,121,147,91,151,62
30,103,292,58,269,28,221,47,175,84,169,37,149,17,95,6,61,0,29,70,140,63,75,61,35,62,0,103,147,103,87,103,50,103,16,136,166,142,122,146,91,149,64
30,103,291,58,267,29,220,49,175,85,169,37,148,17,93,7,59,0,27,71,139,63,74,61,34,62,0,104,146,103,86,103,49,103,15,137,165,142,120,146,90,149,63
30,102,291,57,268,27,219,46,173,83,167,36,148,16,93,6,59,0,27,70,139,62,74,60,34,61,0,103,146,102,86,102,49,103,15,136,165,141,120,145,90,148,62
30,103,291,58,268,28,221,47,174,83,167,37,148,17,93,6,59,0,28,70,139,62,74,60,34,61,0,103,147,102,87,102,49,102,15,136,165,141,121,145,91,149,63
30,102,291,58,267,28,219,47,174,84,167,37,148,17,93,6,59,0,28,70,139,63,74,61,35,61,0,103,147,102,87,102,49,102,16,136,165,142,121,145,91,149,63
30,103,289,58,266,27,219,47,172,83,166,36,147,17,93,6,59,0,27,70,138,62,74,60,34,61,0,103,146,102,86,103,49,103,15,136,164,141,120,145,90,149,62
30,102,291,58,267,27,219,46,173,82,167,37,148,17,93,6,59,0,28,70,139,62,74,60,35,60,0,103,146,102,87,102,49,102,15,136,165,141,121,145,91,149,63
30,104,289,59,266,29,219,47,174,83,165,38,147,18,92,7,58,0,27,71,138,63,73,61,34,61,0,104,146,103,86,103,49,103,15,137,165,143,121,147,91,150,63
30,103,289,58,266,27,219,45,172,83,165,37,146,17,92,6,58,0,27,70,137,62,73,60,34,60,0,103,145,102,85,102,48,101,14,135,164,141,119,145,90,149,62
30,103,289,57,266,27,218,45,172,82,166,36,146,16,92,6,59,0,28,70,138,62,73,59,34,59,0,103,145,102,86,102,48,101,15,135,164,141,120,145,90,148,62
30,106,290,61,267,31,219,50,173,86,166,40,147,19,94,7,60,0,29,73,138,66,73,64,34,64,0,106,145,106,86,106,49,106,16,139,165,145,120,149,91,153,63
30,114,287,70,265,38,218,55,172,93,165,49,148,23,97,9,63,0,34,83,138,74,72,71,32,71,0,117,145,121,84,123,46,125,15,151,165,171,125,184,96,196,71
30,118,287,72,266,40,217,59,171,96,167,51,147,25,95,10,61,0,33,86,137,76,72,73,32,72,0,120,144,123,82,126,45,129,14,154,165,178,125,194,98,208,74
30,126,285,82,265,51,215,71,171,109,165,62,149,30,99,13,66,0,39,97,137,85,72,82,32,81,0,131,144,140,83,146,45,151,14,164,165,198,132,221,108,242,88
30,128,284,85,264,53,214,73,170,111,165,65,149,32,99,13,66,0,39,100,137,89,72,86,32,85,0,134,143,144,82,151,44,157,13,166,165,201,133,225,108,246,88
30,127,284,83,264,52,214,71,170,110,165,63,150,31,100,13,67,0,40,98,137,88,72,85,32,84,0,133,143,143,83,150,45,156,14,165,165,200,133,224,109,245,89
30,128,283,85,263,53,214,71,169,110,164,64,149,31,100,13,66,0,39,99,137,88,72,85,32,85,0,133,143,143,82,151,44,157,13,166,165,201,131,225,108,245,88
30,129,283,86,263,54,214,73,170,112,164,65,149,32,99,14,65,0,38,100,136,88,71,85,32,84,0,134,143,144,82,151,43,157,12,166,164,200,130,225,107,245,88
30,129,283,86,264,54,215,74,171,112,165,64,150,31,99,13,66,0,38,99,137,88,72,85,32,85,0,134,143,143,82,151,43,157,12,166,164,201,131,225,107,246,87
30,129,283,86,263,53,215,72,171,110,164,64,150,31,100,13,67,0,39,99,137,88,72,85,32,84,0,133,143,143,82,150,44,157,13,166,164,200,130,224,106,245,86
30,128,282,85,263,53,215,71,171,110,164,64,149,31,99,13,67,0,39,99,136,88,72,85,32,84,0,133,143,143,82,150,44,157,13,166,164,200,130,224,107,244,87
30,129,283,86,263,53,215,72,170,111,164,64,149,31,100,13,66,0,39,99,136,88,72,85,32,84,0,133,142,143,81,151,44,157,13,166,163,200,129,224,105,244,85
30,131,284,87,265,54,216,73,171,112,165,64,150,32,101,14,67,0,40,99,137,88,73,86,32,85,0,134,143,143,83,150,45,156,14,167,165,201,131,224,107,245,87
30,130,285,87,265,54,217,73,172,112,167,65,151,32,102,14,69,0,41,100,138,89,73,87,33,86,0,135,144,144,84,151,46,156,15,168,165,201,131,224,107,244,87
30,130,284,86,265,53,217,73,172,111,166,63,150,30,101,12,68,0,40,99,137,87,73,85,32,85,0,133,144,142,82,149,44,155,13,167,165,200,130,223,105,243,85
30,129,286,85,265,53,217,71,172,110,166,63,151,31,101,12,68,0,40,98,138,87,73,84,33,84,0,133,144,142,83,149,45,155,14,167,165,199,130,222,104,242,83
30,130,287,86,267,54,218,72,173,111,167,64,152,31,102,13,69,0,41,99,139,88,74,86,33,86,0,134,145,143,85,150,47,156,16,168,166,200,131,222,105,241,84
30,130,287,86,266,54,217,74,173,112,168,64,151,31,102,13,68,0,40,100,138,89,73,87,33,87,0,135,145,144,84,151,46,157,15,169,166,200,130,222,105,241,83
30,130,287,86,266,53,217,72,173,110,166,64,151,31,101,13,68,0,40,99,139,88,73,85,33,85,0,134,145,143,83,149,45,155,15,168,166,199,130,221,104,240,83
30,130,287,86,266,53,218,71,173,110,167,64,152,31,102,13,68,0,40,99,139,87,74,84,34,84,0,134,146,142,85,149,47,155,16,168,167,198,131,220,105,238,83
30,130,286,86,265,53,217,71,172,109,165,65,151,32,101,13,68,0,40,100,138,88,74,85,33,84,0,134,145,143,84,150,46,156,15,168,166,198,129,220,103,238,82
30,132,286,88,265,55,217,73,173,111,164,66,152,33,101,14,67,0,39,101,139,89,73,87,33,86,0,135,145,144,83,151,46,158,16,169,166,199,129,221,103,239,81
30,130,286,86,265,54,218,72,173,110,167,64,151,32,102,13,68,0,40,99,139,88,74,86,33,86,0,134,146,143,85,150,47,157,17,168,167,198,130,219,104,236,82
30,130,286,86,265,54,218,71,173,108,164,65,152,32,102,13,70,0,42,100,140,89,74,86,33,85,0,135,146,143,85,150,47,157,16,169,167,198,130,219,103,237,81
30,131,286,87,265,54,217,73,173,111,165,65,152,32,102,13,69,0,41,100,139,90,74,87,33,87,0,135,145,144,84,151,46,157,16,169,166,199,129,220,103,237,81
30,132,286,87,266,55,217,72,172,109,165,66,152,32,102,14,69,0,41,100,139,89,74,87,33,86,0,135,145,144,83,151,45,157,15,169,166,199,128,220,102,237,80
30,132,287,88,266,55,219,73,175,111,167,66,152,32,102,13,69,0,42,101,139,90,74,88,33,88,0,136,146,144,84,151,46,156,15,170,167,200,129,221,103,238,81
30,132,287,88,266,55,218,73,174,112,167,66,151,32,101,13,69,0,41,101,138,91,73,90,33,90,0,136,144,145,83,151,45,157,14,170,166,200,129,221,102,238,80
30,134,287,90,267,56,219,73,175,110,166,66,151,32,102,13,69,0,41,102,139,92,73,91,33,92,0,137,145,145,82,152,45,157,14,171,167,201,128,221,102,238,80
30,133,287,88,266,55,218,72,173,109,163,66,151,32,101,13,68,0,40,101,138,92,72,91,32,92,0,136,145,144,82,151,44,156,13,170,166,200,128,221,101,238,79
30,134,287,89,266,56,218,73,174,111,166,66,150,32,101,13,68,0,41,102,138,93,72,93,32,94,0,137,145,146,83,152,45,157,14,172,167,201,128,222,102,239,79
30,134,288,89,267,56,220,73,175,110,167,66,151,32,102,14,69,0,41,102,139,93,73,92,33,93,0,137,145,145,83,152,45,157,14,172,167,201,129,222,102,239,80
30,134,288,90,267,57,219,74,174,110,166,67,150,33,102,14,69,0,41,102,138,94,72,93,32,95,0,137,145,146,82,152,44,157,13,172,167,201,128,222,101,239,79
30,136,287,91,267,58,219,74,174,110,164,67,150,33,101,14,69,0,41,102,138,94,72,93,32,94,0,138,144,146,82,152,45,157,14,172,166,201,127,222,101,239,79
30,135,288,91,267,57,219,74,174,111,165,67,150,32,102,13,69,0,41,103,138,94,72,94,32,95,0,138,145,146,83,153,45,158,15,172,166,202,128,222,102,238,80
30,135,287,90,266,56,219,74,175,110,165,67,151,32,102,13,70,0,42,103,138,94,72,93,32,94,0,138,145,147,83,153,45,159,13,172,166,201,128,221,101,238,78
30,135,287,91,266,57,219,74,175,110,163,67,150,32,101,13,69,0,41,102,137,94,72,93,31,95,0,138,144,147,82,155,44,161,13,172,166,202,127,222,101,238,78
30,135,289,91,268,57,221,73,176,109,165,66,152,32,103,13,70,0,43,102,139,94,73,93,33,95,0,138,146,147,84,155,46,162,14,172,168,202,129,222,103,239,80
30,135,289,90,268,57,220,73,176,110,165,66,152,32,103,13,70,0,42,102,139,94,73,93,33,95,0,138,146,148,83,155,45,162,14,172,167,202,128,222,102,239,80
30,138,289,93,268,59,221,75,175,111,163,68,152,33,103,14,70,0,43,104,139,96,73,95,32,96,0,140,146,149,83,157,45,163,13,174,168,204,129,224,103,241,80
30,137,289,92,267,59,220,75,175,111,162,68,151,33,103,14,70,0,43,104,139,96,73,96,32,97,0,140,145,149,83,157,45,163,14,174,167,203,129,224,103,241,80
30,137,289,93,268,58,220,75,176,111,164,68,152,33,103,14,70,0,42,104,140,96,73,96,33,98,0,139,146,149,83,157,45,163,14,173,168,203,128,223,102,240,80
30,136,289,91,268,57,221,73,176,109,164,67,153,32,103,13,70,0,42,103,140,95,73,95,33,97,0,139,146,149,84,157,46,164,14,173,168,202,129,222,102,239,80
30,134,288,90,267,56,219,72,174,107,162,66,151,32,103,13,70,0,43,102,139,94,73,94,32,96,0,137,146,147,83,155,45,162,14,171,167,200,128,220,101,237,79
30,138,288,94,268,59,221,74,175,110,161,68,153,33,103,14,71,0,43,105,139,97,73,97,32,99,0,140,146,150,83,159,45,166,14,174,167,203,128,223,101,240,79
30,138,287,94,267,59,220,74,174,110,160,68,151,33,102,13,70,0,41,105,138,96,73,96,32,98,0,140,145,150,82,158,45,165,13,174,166,202,127,223,101,240,78
30,137,289,93,268,59,222,74,177,109,162,68,152,33,103,14,71,0,43,105,140,97,74,96,33,99,0,140,147,150,84,159,46,166,15,174,169,203,129,223,103,240,80
30,137,289,93,268,59,221,73,175,110,161,68,152,33,103,14,70,0,43,105,139,97,73,97,32,99,0,140,146,150,83,159,45,166,14,174,168,203,129,223,102,240,80
30,136,289,92,268,58,220,73,175,109,161,67,152,32,103,13,70,0,42,104,139,96,73,95,33,97,0,139,146,149,83,158,45,165,14,173,168,202,128,222,102,239,79
30,136,290,92,268,59,222,73,178,108,164,68,153,33,104,13,72,0,44,104,140,96,74,96,33,98,0,140,147,151,84,160,47,167,15,173,169,203,130,223,103,239,81
30,137,288,93,268,58,221,73,175,108,162,67,152,32,103,13,70,0,43,104,139,95,73,95,32,97,0,139,146,149,83,158,45,166,14,174,167,203,128,223,102,240,80
30,138,289,94,268,60,221,75,175,110,161,69,153,33,104,14,71,0,43,106,140,97,73,97,33,99,0,141,146,152,84,162,46,169,14,175,168,205,129,225,103,243,80
30,137,288,93,268,59,221,73,175,109,162,68,152,33,104,13,72,0,44,105,139,97,73,96,32,99,0,140,146,151,83,160,46,168,14,174,167,204,129,224,103,241,81
30,137,288,93,267,59,220,73,174,109,161,68,152,33,103,13,71,0,44,104,139,96,73,96,33,98,0,140,146,151,84,160,46,168,14,174,167,203,128,224,102,241,80
30,138,287,94,267,60,220,73,174,108,160,69,152,33,103,14,71,0,44,105,139,97,73,97,32,99,0,141,145,151,83,161,45,168,14,175,167,204,128,224,102,241,80
30,138,287,94,267,59,220,73,175,109,161,68,152,33,104,13,72,0,44,105,139,97,73,97,32,99,0,140,145,151,83,161,45,168,14,175,167,204,128,225,102,241,80
30,139,289,95,268,60,221,73,175,108,162,69,153,33,104,14,72,0,44,105,140,96,73,96,33,99,0,141,146,151,84,161,46,168,14,175,168,205,129,225,103,243,81
30,140,289,96,269,61,221,75,176,111,160,70,153,34,104,14,72,0,44,106,139,98,73,98,32,100,0,142,146,153,82,162,45,169,13,176,167,206,128,227,103,244,81
30,140,288,96,268,62,220,76,174,112,159,71,152,34,104,14,72,0,45,107,139,99,73,98,32,100,0,142,145,153,83,162,45,169,14,176,167,206,128,226,102,244,79
30,139,289,96,268,62,221,76,175,111,161,71,153,35,105,14,73,0,45,107,140,99,73,98,32,100,0,142,146,153,83,162,45,170,14,176,168,206,129,227,103,244,80
30,139,289,96,267,61,221,75,176,111,161,70,153,34,105,14,72,0,45,106,140,99,73,99,32,101,0,142,146,153,84,162,46,170,15,176,168,207,129,228,103,245,81
30,141,290,97,270,62,222,75,175,111,160,71,154,35,106,14,74,0,47,108,141,100,74,100,33,102,0,144,147,154,85,163,46,171,14,178,169,209,131,231,105,249,83
30,138,285,96,266,62,218,74,173,109,159,72,151,34,104,14,73,0,46,108,138,102,72,103,32,106,0,142,145,155,82,165,44,173,12,176,167,209,131,233,107,253,86
30,140,286,98,268,63,220,75,174,111,160,74,152,36,105,15,73,0,47,110,139,105,72,106,32,109,0,145,146,160,84,171,46,179,15,178,169,214,137,238,113,258,93
30,139,286,96,266,63,218,75,171,112,158,73,152,36,104,15,72,0,46,110,139,104,72,105,32,108,0,145,146,160,83,170,45,178,13,177,169,213,137,238,114,258,94
30,139,287,97,267,64,219,76,173,112,159,73,153,36,104,15,73,0,47,110,140,104,73,105,32,108,0,145,147,160,84,171,46,179,14,178,171,214,139,238,115,259,94
30,140,286,98,266,66,218,78,171,114,158,75,153,36,105,15,73,0,46,112,141,110,73,113,32,116,0,147,149,164,86,175,48,184,16,178,173,217,142,241,120,262,101
30,140,286,98,266,65,217,78,171,114,159,75,153,37,105,15,74,0,48,112,141,110,73,113,32,117,0,147,149,163,87,175,48,184,16,179,173,217,143,242,121,263,101
30,141,286,99,266,67,218,80,173,117,165,76,154,38,106,16,76,0,50,114,142,110,74,112,32,115,0,149,151,168,89,181,51,192,19,181,176,220,148,246,128,268,111
30,137,285,96,265,66,215,79,171,115,164,75,153,36,105,15,75,0,49,112,142,109,74,111,32,114,0,147,151,166,89,180,51,191,19,179,176,219,149,245,130,267,114
30,134,284,94,265,64,216,77,172,114,161,73,153,35,105,14,74,0,48,111,142,108,74,110,33,112,0,146,151,166,90,179,52,190,19,177,177,217,152,244,133,266,118
30,136,285,96,266,66,216,80,171,115,163,75,154,37,106,15,76,0,51,112,142,109,74,111,32,114,0,147,152,168,91,182,53,194,20,179,178,219,152,246,134,268,118
30,135,286,94,266,64,217,79,172,116,163,74,154,36,106,15,76,0,51,112,143,109,74,111,32,114,0,147,152,168,91,182,52,193,20,178,179,218,153,245,136,268,120
30,136,287,96,266,66,217,79,172,116,164,75,155,37,106,16,76,0,50,112,144,110,75,112,33,114,0,148,153,168,92,182,53,192,20,179,179,220,153,246,135,269,120
30,136,287,96,266,66,217,78,171,114,164,74,155,37,106,16,76,0,50,112,143,109,75,111,33,114,0,147,153,167,91,181,53,192,20,179,179,219,152,245,134,268,118
30,136,287,95,267,64,218,78,174,115,167,74,155,36,107,15,77,0,51,112,144,109,75,111,33,114,0,147,154,167,93,182,54,193,22,178,180,219,154,245,135,268,119
30,136,286,95,266,66,217,79,173,115,164,73,155,36,107,15,77,0,52,111,144,109,75,111,33,115,0,147,153,168,92,181,54,193,21,179,179,219,153,246,135,269,120
30,137,287,96,266,66,218,79,173,115,165,74,155,37,107,16,77,0,51,112,144,110,75,112,33,115,0,148,153,168,92,182,54,193,21,180,179,220,154,246,135,269,120
30,138,285,97,266,67,217,81,172,117,165,75,155,37,107,16,77,0,51,113,144,109,75,111,33,114,0,148,153,168,91,181,53,192,21,180,178,220,153,247,135,269,119
30,136,285,96,266,66,217,80,172,117,163,75,155,36,107,15,77,0,52,112,144,110,75,111,33,114,0,148,153,168,92,180,54,191,21,179,178,219,153,246,135,269,120
30,136,285,96,265,66,216,79,170,116,162,75,154,37,106,16,76,0,50,112,143,109,74,111,33,114,0,147,152,167,91,180,52,191,20,179,178,219,152,245,135,268,120
30,137,284,97,263,67,214,80,168,118,160,76,153,37,105,16,75,0,50,113,141,109,73,111,32,114,0,148,150,168,88,181,50,191,18,179,176,219,150,245,132,268,117
30,136,284,96,263,66,213,81,168,117,160,75,153,36,106,15,76,0,50,112,142,109,74,110,32,113,0,146,150,166,89,179,51,190,19,177,175,217,150,244,133,267,118
30,137,286,96,266,66,216,81,170,118,161,74,155,36,107,15,77,0,51,112,144,110,75,111,34,113,0,147,152,166,91,179,52,189,19,178,177,218,152,244,134,267,119
30,137,285,98,264,68,215,83,170,120,158,76,154,37,106,15,76,0,51,113,143,110,74,112,32,114,0,148,151,168,90,180,52,191,19,179,176,220,151,246,133,269,118
30,138,285,98,265,68,215,82,169,118,160,76,154,37,106,16,75,0,50,113,142,111,74,112,32,115,0,148,151,168,89,181,51,192,19,179,176,220,151,246,133,269,118
30,136,286,96,265,66,217,80,171,117,162,74,155,36,107,15,77,0,51,112,144,109,75,111,33,114,0,147,152,167,91,180,52,190,20,178,177,219,152,245,134,268,119
30,138,285,97,264,67,215,80,169,117,159,75,154,36,105,15,75,0,50,112,142,109,73,111,32,113,0,147,151,167,88,180,50,190,17,179,175,219,149,245,131,268,116
30,136,286,96,265,66,216,80,170,118,159,74,155,35,106,15,75,0,50,112,143,108,75,110,33,112,0,147,152,166,90,179,52,190,20,178,176,218,151,245,133,268,119
30,137,286,97,265,67,215,82,169,118,159,75,154,36,106,15,75,0,50,113,143,109,74,111,32,113,0,148,151,167,90,180,51,191,19,179,177,219,151,246,133,269,117
30,139,286,99,266,69,216,82,170,118,162,76,155,37,107,16,76,0,51,114,143,110,74,112,33,114,0,149,152,168,89,181,51,192,18,180,177,220,151,246,133,269,118
30,138,285,97,265,67,216,81,171,118,162,75,155,36,107,15,77,0,52,113,143,109,75,111,33,113,0,148,152,167,90,180,51,190,19,179,177,219,151,245,133,268,118
30,138,284,97,264,66,214,80,169,117,160,74,153,36,104,15,74,0,49,112,141,109,73,110,32,112,0,147,149,167,87,180,49,191,17,179,174,219,149,245,131,267,116
30,138,285,97,265,66,215,80,170,118,161,75,154,37,106,16,76,0,51,112,143,108,75,110,33,112,0,147,151,166,89,179,51,189,19,178,176,218,150,245,132,267,118
30,136,286,96,266,66,217,79,171,116,162,73,156,35,107,15,77,0,52,111,144,107,75,109,33,111,0,146,152,165,90,178,52,189,20,177,177,218,151,244,133,267,118
30,138,286,98,265,66,216,80,170,119,160,75,155,36,106,16,76,0,50,112,143,109,74,110,33,112,0,148,152,166,90,179,52,189,19,180,177,219,150,246,132,268,117
30,137,286,97,265,66,217,80,171,117,162,74,155,36,107,15,77,0,52,112,144,109,75,111,33,113,0,147,152,167,91,180,53,191,20,179,177,219,151,246,133,268,118
30,138,285,98,265,67,216,79,171,116,163,75,154,37,106,16,76,0,51,112,143,109,74,111,32,113,0,147,151,166,89,179,51,189,19,179,177,219,151,246,132,268,117
30,137,286,97,265,66,216,79,171,116,162,73,154,36,106,15,76,0,51,111,143,108,74,110,33,112,0,146,152,166,90,179,52,190,19,178,177,218,151,245,133,267,118
30,138,286,97,265,67,216,80,171,116,162,74,154,37,106,16,76,0,51,112,142,109,74,110,32,113,0,147,151,167,89,180,51,190,19,179,176,219,150,246,132,268,117
30,138,286,98,265,68,216,80,172,116,162,75,155,37,107,16,77,0,52,112,143,109,74,110,33,113,0,148,151,166,89,179,50,189,18,179,176,220,151,246,132,269,117
30,139,287,98,267,67,217,80,172,116,165,75,155,37,107,16,77,0,52,112,143,110,75,111,33,114,0,148,152,167,90,179,51,189,19,179,177,219,151,246,133,268,119
30,138,288,98,268,68,217,81,172,117,163,75,156,37,108,16,78,0,53,113,144,110,75,111,34,113,0,148,153,167,91,180,52,190,19,180,178,220,152,247,134,269,119
30,139,285,98,265,68,215,81,170,117,161,75,154,37,107,16,77,0,52,113,142,109,74,110,33,112,0,148,151,166,88,178,50,188,17,179,175,220,150,246,132,269,117
30,138,286,97,266,66,217,79,171,116,162,74,155,36,107,15,77,0,51,112,143,108,75,110,33,112,0,147,151,165,89,178,51,187,18,179,176,219,150,245,132,267,117
30,138,286,98,265,67,217,80,172,116,161,74,155,36,107,15,77,0,52,112,143,109,75,110,33,112,0,147,152,166,90,179,51,189,19,179,176,219,150,245,132,267,117
30,139,286,99,266,68,216,81,171,117,162,74,155,37,107,16,78,0,53,112,143,110,74,111,33,113,0,148,151,167,89,179,51,189,19,180,176,220,150,247,132,269,117
30,140,286,99,266,68,217,81,172,116,162,74,156,36,108,15,78,0,53,112,144,109,75,111,33,113,0,148,152,167,90,179,51,189,18,179,177,220,151,246,133,268,117
30,138,286,98,266,68,217,80,171,115,161,74,155,36,107,15,77,0,52,112,143,109,74,111,33,113,0,148,151,166,89,179,50,189,18,179,176,220,150,247,132,269,117
30,139,287,98,267,68,217,82,173,118,161,75,156,37,109,16,78,0,53,113,144,111,76,112,33,114,0,149,153,168,90,180,51,189,18,180,177,221,151,248,133,270,119
30,138,286,97,265,66,218,79,172,115,160,74,155,36,107,15,77,0,52,112,143,108,75,110,33,112,0,147,151,166,90,178,52,188,19,179,176,219,150,245,132,267,117
30,138,287,98,267,66,219,79,173,115,162,74,156,36,108,15,78,0,53,112,144,109,75,110,33,112,0,147,152,166,91,179,52,189,19,179,177,219,150,246,132,268,117
30,139,286,98,266,68,218,80,173,115,162,75,155,36,107,15,78,0,52,113,143,109,75,111,33,113,0,148,152,167,90,179,51,189,19,180,177,220,150,247,132,269,117
30,139,287,98,267,68,218,81,173,115,161,75,156,37,109,16,79,0,54,112,144,109,75,111,33,113,0,148,152,167,89,179,51,189,18,179,176,220,150,247,132,269,117
30,137,285,96,266,66,217,78,173,112,162,73,154,36,106,15,77,0,52,111,142,108,74,109,33,111,0,146,150,165,88,178,50,188,17,178,175,218,148,245,129,267,113
30,138,286,97,266,67,217,79,172,114,162,74,153,36,106,16,77,0,52,112,142,108,74,110,33,112,0,147,151,166,89,178,51,188,18,179,175,219,148,246,130,268,114
30,138,286,97,265,66,217,78,173,113,162,74,155,37,107,16,78,0,53,111,143,109,75,110,33,112,0,147,151,166,89,178,51,188,18,178,175,218,148,245,130,267,114
30,139,285,98,264,67,216,80,172,115,161,75,154,37,107,16,77,0,52,112,142,109,74,110,33,112,0,147,150,167,89,179,50,189,17,179,175,219,147,246,129,268,113
30,136,285,96,265,65,217,79,173,113,164,74,155,36,107,15,77,0,52,111,143,108,75,110,34,111,0,146,152,166,90,178,52,188,19,178,176,218,149,244,130,266,114
30,138,285,97,265,66,217,79,173,114,162,74,154,37,107,16,77,0,51,112,142,108,74,110,33,112,0,147,151,166,89,179,51,189,18,178,176,218,149,245,130,267,114
30,136,285,95,265,65,216,78,173,114,164,74,154,36,107,15,77,0,52,111,142,108,75,109,33,111,0,146,151,165,88,178,50,188,18,178,176,218,148,245,129,267,113
30,137,286,95,265,65,216,78,173,113,163,74,155,36,107,15,77,0,52,111,143,108,75,109,33,111,0,146,151,166,89,179,51,189,17,177,176,218,149,245,130,267,113
30,137,285,96,265,65,217,78,173,113,162,74,154,36,107,15,77,0,51,111,143,108,75,109,33,111,0,146,151,166,89,179,51,189,18,177,176,218,148,245,130,267,113
30,137,285,95,265,65,216,78,172,113,163,74,154,37,106,16,76,0,51,111,142,108,74,110,33,111,0,146,150,166,89,179,50,189,18,177,175,218,148,245,129,267,113
30,137,288,96,268,64,218,77,172,113,161,74,156,36,107,15,77,0,51,111,144,108,75,109,34,111,0,146,152,166,90,179,52,189,19,177,177,218,150,245,131,268,115
30,138,286,97,266,65,218,77,172,113,160,75,154,37,106,16,76,0,50,112,142,108,74,109,33,111,0,147,151,166,89,179,51,189,19,178,175,218,148,245,130,267,113
30,136,286,95,265,65,216,78,171,114,158,75,155,37,107,16,76,0,51,112,143,109,74,109,33,111,0,147,150,167,87,180,49,190,17,178,175,219,148,245,129,268,113
31,199,307,138,290,84,261,40,236,0,219,128,164,102,101,86,63,73,30,166,154,153,81,145,37,139,0,204,160,202,91,198,50,194,14,242,178,254,130,259,97,263,66
31,199,305,138,289,83,260,39,235,0,219,128,163,102,101,86,63,73,30,166,153,153,80,146,36,140,0,204,159,201,91,198,49,194,13,242,178,253,129,258,97,262,66
31,197,305,137,288,83,259,39,235,0,219,128,162,101,100,86,63,73,30,166,152,153,80,145,36,139,0,204,159,201,91,197,49,193,13,241,177,252,129,258,96,262,66
31,197,306,137,289,83,261,39,236,0,219,128,163,101,101,86,64,73,31,166,153,153,80,145,37,139,0,204,159,201,91,197,50,193,13,241,177,252,129,258,97,261,66
31,197,305,137,289,83,261,40,236,0,219,128,163,102,101,86,63,74,30,166,153,153,80,145,36,139,0,204,158,201,91,198,49,193,13,242,177,253,129,258,97,261,67
31,197,305,137,288,83,260,39,235,0,219,128,162,102,100,87,63,74,30,166,152,153,79,146,36,139,0,204,158,201,90,198,49,193,13,241,176,253,128,258,96,261,66
31,197,303,137,287,84,259,40,234,0,218,128,162,102,100,86,63,74,30,166,152,152,79,145,36,139,0,204,157,201,90,197,48,193,12,241,176,252,128,258,96,261,65
31,196,304,137,288,83,259,39,235,0,218,128,162,102,101,86,63,74,31,166,152,152,79,145,36,139,0,204,158,201,90,197,49,193,13,241,176,252,128,257,96,260,66
31,197,304,137,287,82,259,39,235,0,218,128,162,101,100,86,63,73,30,166,152,152,80,145,36,139,0,203,158,200,91,197,49,193,14,241,176,251,128,256,97,260,67
31,197,304,136,288,83,260,39,235,0,219,128,162,101,101,85,64,72,31,165,152,152,80,144,36,138,0,203,158,200,91,196,50,192,14,240,176,251,128,256,97,259,67
31,196,304,137,288,83,259,39,235,0,219,128,162,101,101,85,64,73,31,165,152,152,80,143,36,137,0,203,158,199,91,195,50,191,14,240,176,250,128,255,96,259,66
31,195,303,135,287,82,259,38,235,0,218,126,162,100,100,84,63,72,30,163,152,150,79,142,36,136,0,201,157,198,90,194,49,190,13,239,175,249,127,254,95,257,65
31,195,301,136,285,82,258,39,234,0,217,127,160,100,99,85,62,73,30,164,150,151,78,143,35,137,0,202,156,199,89,195,48,191,12,239,174,250,126,254,94,258,65
31,197,302,136,285,82,258,39,234,0,217,127,161,101,99,85,62,73,30,165,151,152,78,144,36,138,0,203,156,200,89,196,47,192,12,240,174,251,126,256,94,259,64
31,195,302,136,286,83,258,39,234,0,218,128,161,102,100,86,63,73,30,165,151,152,79,144,36,138,0,203,157,200,89,196,48,192,12,240,175,251,127,256,95,259,65
31,196,302,136,286,82,258,39,235,0,218,127,161,101,99,85,62,73,30,165,151,151,78,144,36,138,0,202,157,199,89,195,48,191,12,240,174,250,126,255,95,258,65
31,196,303,136,287,82,259,39,236,0,218,127,162,101,100,85,63,72,30,165,152,152,79,144,36,138,0,203,157,200,90,196,49,192,13,240,175,251,127,256,95,259,66
31,198,304,137,289,83,261,39,237,0,220,128,163,101,101,85,63,73,31,166,153,152,79,144,36,138,0,204,158,201,90,197,49,192,13,242,176,253,128,257,96,259,66
31,198,304,137,288,83,261,39,237,0,220,128,163,101,101,85,64,73,31,165,152,152,79,145,36,139,0,203,158,200,90,197,49,192,13,241,176,251,128,256,96,259,66
31,199,304,138,288,84,261,40,237,0,220,128,162,101,101,86,63,73,31,166,152,152,79,144,36,138,0,204,158,201,90,197,49,193,13,242,175,252,127,257,95,259,65
31,198,304,137,289,83,261,40,237,0,221,128,163,101,101,85,64,72,31,166,152,152,79,144,36,138,0,203,158,200,90,196,49,191,13,241,176,252,127,256,96,259,66
31,197,303,137,287,83,259,39,235,0,220,127,161,100,100,84,63,72,30,165,151,151,78,143,35,137,0,203,156,199,88,195,47,190,12,240,173,251,126,255,94,258,65
31,195,301,135,285,82,259,39,235,0,218,126,161,99,99,84,62,71,30,163,150,150,78,142,35,136,0,201,156,198,88,194,47,189,11,238,174,249,125,253,94,256,63
31,197,302,137,287,83,260,40,237,0,219,128,162,101,100,85,63,73,31,165,152,152,79,144,36,138,0,203,157,200,89,196,48,191,13,240,175,251,127,256,95,258,65
31,196,302,136,286,83,258,39,235,0,219,127,162,100,100,85,63,72,30,164,152,151,79,143,36,136,0,202,157,199,89,195,48,190,12,240,175,250,127,255,95,258,65
31,197,302,137,286,84,258,39,235,0,219,128,161,101,99,86,61,73,29,165,151,152,78,144,35,137,0,203,156,200,88,196,46,191,11,240,174,251,126,255,94,258,64
31,196,302,137,286,83,259,39,236,0,220,128,161,102,99,86,62,74,30,165,151,152,78,144,36,138,0,203,157,200,89,196,47,191,12,240,175,251,127,256,95,258,65
31,197,302,137,287,83,261,39,237,0,221,127,162,100,100,84,63,72,30,165,151,151,79,142,36,136,0,203,157,199,89,194,47,189,12,240,175,251,126,255,94,257,64
31,197,303,136,287,82,261,39,237,0,221,127,162,101,100,86,63,73,31,165,152,152,79,144,36,138,0,203,157,200,89,196,48,191,12,241,175,251,127,256,95,258,65
31,196,303,136,288,82,261,39,237,0,221,126,162,99,100,84,63,71,30,164,152,151,79,143,36,136,0,202,157,199,89,195,47,190,11,239,175,250,127,255,95,257,65
31,197,303,137,288,83,261,40,238,0,222,128,162,101,100,85,63,73,30,165,152,152,79,144,36,137,0,203,157,200,89,196,48,190,12,241,175,251,127,256,95,258,64
31,197,302,137,287,83,260,40,237,0,221,127,161,101,99,85,62,72,30,165,151,152,78,144,35,138,0,203,157,200,89,196,47,191,11,240,175,251,126,255,94,258,64
31,196,302,136,288,82,261,39,237,0,221,126,162,99,99,83,62,71,30,164,151,150,78,142,35,135,0,202,157,199,88,194,47,188,11,239,174,250,126,254,94,256,64
31,196,302,136,287,82,259,39,236,0,220,127,162,100,99,84,62,72,30,165,152,151,79,143,36,136,0,202,157,199,89,195,47,190,12,240,175,250,126,255,94,257,64
31,196,302,136,287,82,260,39,237,0,221,126,162,100,100,84,63,72,31,164,151,150,79,142,36,135,0,202,157,199,89,194,48,189,12,239,175,250,127,254,94,256,64
31,195,303,136,288,81,261,39,237,0,222,125,162,98,101,82,64,70,31,163,152,149,79,141,36,134,0,201,158,197,89,193,48,188,12,238,175,248,127,253,95,255,64
31,197,302,137,288,82,261,39,237,0,221,126,163,99,100,84,63,71,30,164,152,150,79,142,36,135,0,202,158,198,89,194,47,188,12,239,175,250,126,254,94,256,64
31,195,301,136,286,82,259,39,236,0,220,126,162,99,99,84,62,71,30,163,152,150,78,141,35,134,0,201,157,197,89,193,47,188,11,238,175,249,126,253,94,256,64
31,195,302,135,287,81,259,38,236,0,220,125,162,99,99,83,62,71,30,163,151,150,78,141,36,134,0,201,157,198,89,193,47,188,12,239,174,249,126,253,94,255,64
31,196,303,136,288,82,261,39,238,0,222,126,163,99,100,84,63,71,31,164,153,150,80,142,36,135,0,202,159,198,90,193,49,188,13,239,176,249,128,253,95,255,65
31,196,301,137,286,82,259,40,235,0,220,126,161,99,99,84,62,71,30,164,151,151,78,142,35,136,0,202,156,199,88,194,47,189,11,239,174,250,125,254,93,256,63
31,195,301,136,286,82,260,39,236,0,220,126,161,99,99,83,62,71,29,163,151,149,78,141,35,133,0,201,157,198,88,193,47,187,11,238,175,249,126,253,93,255,63
31,195,301,135,286,82,260,39,237,0,221,126,162,100,99,84,62,71,30,164,153,150,79,142,36,136,0,202,158,198,89,193,47,188,11,239,176,249,126,253,94,256,63
31,196,301,136,287,82,260,39,237,0,221,126,162,100,99,84,62,71,29,164,152,150,78,142,35,135,0,201,157,197,89,193,47,187,11,239,175,249,126,253,94,255,64
31,196,301,136,287,82,260,39,237,0,221,126,162,99,99,83,62,71,30,164,152,150,78,142,35,136,0,202,157,197,89,193,48,187,12,239,175,249,126,253,94,256,64
31,195,300,135,286,81,259,38,235,0,220,125,161,99,99,83,62,70,30,162,151,149,78,141,35,134,0,200,156,196,88,192,47,186,12,237,174,247,125,251,93,253,62
31,197,301,137,287,82,260,39,236,0,220,126,161,99,99,84,62,71,30,164,150,150,78,142,35,135,0,202,156,198,88,192,48,187,12,239,174,249,125,253,93,254,62
31,196,301,136,287,82,261,39,237,0,220,125,162,99,100,83,63,71,30,163,151,150,78,142,36,135,0,201,157,197,89,192,48,186,13,238,174,248,126,252,94,254,63
31,196,301,136,287,82,260,39,236,0,220,126,162,99,100,84,63,71,31,164,151,150,78,142,36,136,0,201,157,198,89,193,48,188,12,239,174,249,126,253,94,255,63
31,196,303,136,288,82,261,39,237,0,221,126,162,98,99,82,62,69,30,164,152,150,79,142,36,135,0,202,157,198,89,193,48,187,12,239,175,249,126,253,94,254,63
31,197,303,136,289,82,262,39,239,0,222,126,163,99,101,83,63,70,31,164,153,151,79,142,36,135,0,202,159,198,90,193,49,187,13,240,176,250,127,253,95,255,64
31,197,303,137,289,83,262,39,239,0,223,127,163,99,100,83,64,71,31,164,152,151,79,143,36,136,0,202,158,198,90,193,48,187,13,239,175,250,127,254,94,256,64
31,197,302,137,288,83,262,39,239,0,223,127,162,100,100,84,63,71,30,164,152,150,79,142,36,136,0,202,158,198,89,193,48,187,12,240,175,250,126,254,94,256,63
31,196,302,137,288,82,262,39,239,0,222,125,162,98,100,83,63,70,30,163,152,150,79,142,36,136,0,200,158,197,89,192,48,186,12,238,175,249,126,253,94,255,63
31,196,302,136,287,82,260,39,236,0,222,126,162,99,99,84,62,72,30,164,151,150,78,142,35,135,0,202,157,198,89,193,47,187,11,239,174,249,126,253,93,255,62
31,197,302,137,287,82,261,39,237,0,221,125,162,98,99,83,62,70,30,163,152,150,78,142,35,134,0,201,157,197,89,192,48,186,12,238,174,249,125,253,93,255,63
31,196,301,136,287,82,261,39,237,0,221,124,162,98,100,82,63,69,31,162,152,149,78,140,36,133,0,200,157,196,89,191,48,185,12,237,174,248,125,252,93,254,63
31,197,300,137,287,83,260,40,236,0,221,126,161,99,99,83,62,70,30,163,151,149,78,141,36,134,0,201,157,196,88,191,47,185,12,238,174,248,125,252,93,254,62
31,196,300,136,286,82,259,39,236,0,220,125,161,98,99,82,62,69,30,162,152,148,78,140,35,132,0,200,157,196,88,191,47,184,11,237,174,247,125,251,92,253,62
31,196,300,136,286,82,261,39,237,0,221,124,161,97,98,81,62,67,30,162,151,148,77,139,35,132,0,199,156,195,87,189,46,184,10,237,173,247,124,251,92,252,62
31,197,301,138,287,83,260,40,237,0,221,126,162,99,99,83,62,70,30,163,151,150,78,142,35,134,0,201,157,197,88,192,47,186,11,239,174,249,125,253,93,255,63
31,197,300,137,286,83,260,39,237,0,221,125,161,98,99,82,63,69,31,162,151,148,78,140,36,133,0,200,157,196,88,191,47,185,11,238,174,248,125,252,92,254,62
31,196,302,137,287,83,260,39,237,0,222,126,163,99,100,84,62,71,30,164,153,150,79,141,36,134,0,202,158,198,89,192,47,187,11,239,175,249,126,253,93,255,63
31,196,302,137,287,82,260,40,237,0,221,126,162,99,99,83,62,71,30,164,152,150,79,142,36,135,0,202,157,198,89,193,47,187,11,240,175,249,126,253,93,255,62
31,196,302,137,287,82,261,39,238,0,222,125,163,98,100,82,63,69,30,163,153,149,79,141,36,134,0,201,158,197,89,191,47,185,11,238,175,249,126,253,93,255,63
31,196,300,136,286,82,259,39,236,0,220,125,161,98,99,83,62,70,30,163,151,149,78,141,35,134,0,201,156,197,88,192,47,186,11,238,174,249,125,253,93,255,63
31,197,302,137,288,83,261,39,238,0,223,126,162,98,100,82,63,69,30,163,152,150,78,141,35,134,0,201,158,196,89,191,47,185,12,239,175,249,126,253,94,256,63
31,198,301,137,286,82,260,39,236,0,221,125,161,98,99,82,63,69,31,163,151,149,78,141,35,134,0,201,156,197,88,192,47,186,12,238,174,249,125,253,93,255,62
31,196,300,137,286,83,259,40,236,0,221,125,161,98,99,82,62,70,31,162,151,148,78,140,36,133,0,200,156,195,88,190,47,185,11,237,173,247,124,251,92,253,62
31,195,299,136,284,82,257,38,234,0,220,124,161,98,98,82,61,70,30,161,151,148,77,140,35,133,0,199,156,194,87,189,46,184,10,236,172,246,123,250,91,253,61
31,195,299,136,284,82,258,39,236,0,220,124,160,97,98,81,61,69,29,162,150,148,77,140,35,133,0,199,155,195,87,190,46,184,11,236,172,247,124,250,92,252,62
31,195,298,136,284,82,258,39,235,0,219,124,160,97,98,82,61,69,29,161,150,148,77,140,34,133,0,199,155,194,86,189,45,184,9,236,172,246,123,250,91,253,61
31,196,299,137,284,83,258,40,235,0,219,126,161,99,98,83,61,70,30,163,151,149,77,140,35,133,0,200,156,196,87,191,46,185,10,237,172,247,123,251,91,253,61
31,194,297,136,282,82,256,39,233,0,218,124,159,97,97,82,61,69,29,161,149,147,76,139,34,132,0,199,154,195,86,189,45,183,10,236,171,246,122,249,90,251,60
31,195,298,137,283,82,257,39,235,0,219,125,160,98,98,82,61,70,29,162,150,147,77,139,35,131,0,200,155,195,86,190,45,183,10,237,172,246,123,250,91,252,61
31,196,298,137,284,82,257,39,235,0,219,123,160,97,98,81,61,68,30,160,150,146,77,138,35,131,0,198,155,193,87,188,46,182,11,236,172,245,123,249,90,251,61
31,195,297,136,283,81,257,39,234,0,219,123,160,96,98,80,61,68,29,160,150,145,77,137,35,130,0,197,155,192,86,186,45,180,10,234,171,244,122,248,90,249,60
31,194,296,135,282,81,256,39,233,0,218,123,158,96,97,81,61,69,29,160,148,145,76,137,34,129,0,197,153,192,85,187,44,181,10,235,169,244,121,247,89,249,60
31,195,296,136,282,82,256,39,233,0,218,124,158,97,97,82,60,70,29,160,149,146,76,137,34,130,0,198,154,192,85,187,45,181,10,235,170,244,121,248,89,249,59
31,194,296,136,282,82,255,39,232,0,217,123,159,97,97,82,60,70,29,160,149,145,76,137,34,129,0,197,154,193,85,187,45,181,10,234,170,244,121,248,89,249,59
31,196,296,137,282,82,255,39,232,0,218,123,158,97,96,82,60,69,28,160,148,146,76,138,34,130,0,198,153,193,85,187,45,181,10,235,170,245,121,248,89,249,59
31,194,296,136,282,82,256,39,233,0,218,123,159,97,96,82,60,70,29,160,149,145,76,137,34,129,0,198,153,192,85,187,44,181,9,235,170,244,121,248,89,250,59
31,195,297,136,282,82,255,38,232,0,218,123,158,97,96,82,60,70,28,160,148,146,76,138,34,131,0,198,153,193,86,188,45,182,10,235,170,245,122,249,90,250,60
31,195,298,136,284,81,257,38,234,0,219,123,160,97,97,81,60,69,29,160,149,146,77,137,35,131,0,198,154,192,86,187,46,182,11,235,171,245,122,249,90,250,61
31,196,297,137,283,82,257,39,234,0,219,124,160,97,97,82,60,69,28,161,150,146,77,138,35,131,0,199,155,194,86,188,45,182,10,236,172,246,123,249,90,251,60
31,195,297,136,283,82,257,38,234,0,219,122,159,96,98,81,61,69,29,159,150,145,77,137,35,130,0,197,155,192,86,187,46,181,11,235,171,245,122,248,90,250,60
31,195,298,136,284,82,258,39,235,0,219,124,159,98,97,83,60,70,28,161,150,147,77,139,35,131,0,199,155,194,87,189,46,183,11,236,172,246,123,250,91,252,61
31,195,298,137,283,82,257,39,235,0,219,124,160,98,98,82,61,69,29,161,150,147,77,138,35,131,0,199,155,194,87,188,46,182,11,236,172,246,123,249,90,251,60
31,195,298,136,284,82,258,39,235,0,220,123,161,97,99,81,62,69,31,160,151,145,78,137,35,130,0,197,156,192,87,187,47,181,12,235,172,244,123,248,91,250,61
31,196,297,137,283,82,257,38,234,0,219,123,159,96,98,81,61,69,30,160,149,145,76,137,34,130,0,197,154,192,85,186,45,180,11,235,170,245,121,249,89,250,59
31,194,298,135,284,81,259,38,236,0,221,122,161,95,98,80,62,67,30,159,151,144,78,136,35,129,0,196,155,191,87,186,46,180,11,234,172,243,123,247,90,248,60
31,193,299,135,285,81,259,38,236,0,221,121,160,94,99,79,62,67,30,158,150,144,77,136,35,129,0,196,155,191,87,186,46,180,11,233,171,243,123,247,91,248,61
31,194,299,136,285,82,259,39,236,0,221,122,161,96,99,81,63,68,31,160,151,145,78,137,35,129,0,198,156,192,87,187,47,180,11,235,173,245,124,249,92,250,62
31,196,299,137,285,83,258,40,235,0,220,125,160,99,98,84,61,71,30,162,150,148,78,140,35,133,0,200,156,195,87,189,46,183,10,237,173,247,124,251,92,252,61
31,196,300,137,286,82,260,39,238,0,222,124,162,98,99,82,62,70,30,161,152,147,79,138,36,131,0,199,157,194,88,189,47,183,11,237,173,247,124,250,92,251,62
31,197,298,137,285,82,259,39,236,0,221,124,160,97,99,82,62,70,30,161,150,146,77,139,35,132,0,199,155,194,86,188,46,182,11,237,172,247,123,250,91,251,61
31,198,300,139,286,84,260,40,237,0,222,125,162,99,100,83,63,71,30,162,151,147,78,138,35,131,0,200,156,195,87,189,47,183,12,238,172,248,124,252,92,253,62
31,196,298,137,285,83,260,39,239,0,224,125,162,98,99,83,63,69,30,162,152,147,79,139,36,131,0,200,157,194,89,189,47,183,11,238,174,248,125,251,93,252,62
31,197,299,138,286,83,261,39,239,0,224,125,162,98,99,83,63,70,30,163,151,147,78,139,36,131,0,201,157,195,89,189,47,183,11,238,174,248,125,252,92,253,61
31,197,299,138,286,84,261,40,239,0,224,124,161,98,100,83,63,70,31,162,151,146,78,138,36,131,0,200,156,194,88,189,47,182,11,237,173,247,125,251,92,252,62
31,198,300,139,286,84,261,40,238,0,224,125,162,99,101,84,64,72,32,162,151,147,79,139,36,132,0,200,156,195,88,190,47,183,12,238,173,248,125,252,93,253,63
31,197,299,138,286,83,260,40,238,0,223,123,161,97,100,82,63,70,31,161,151,146,78,138,35,131,0,199,156,194,88,189,47,182,12,237,173,247,125,250,92,251,62
31,198,300,138,286,84,261,40,238,0,223,125,161,98,100,83,63,72,31,163,151,148,78,139,35,132,0,201,156,196,88,190,47,183,11,239,173,249,125,252,92,253,61
31,199,302,138,288,83,262,39,239,0,224,125,163,98,101,83,64,71,31,163,152,148,79,140,36,133,0,201,158,196,89,191,48,184,12,239,175,249,126,253,93,254,63
31,200,302,139,288,84,261,40,239,0,224,127,162,100,100,85,63,73,31,165,152,150,79,141,35,135,0,203,157,197,88,192,47,186,12,241,174,251,126,255,93,256,63
31,199,301,139,287,84,261,40,238,0,223,126,161,100,99,85,63,73,30,164,151,149,78,141,36,134,0,202,156,197,88,192,47,186,12,240,173,251,125,254,93,256,62
31,200,302,140,288,85,262,41,240,0,225,127,163,101,100,85,63,73,31,165,152,151,79,142,36,135,0,203,157,199,89,194,48,188,12,241,174,252,126,255,93,257,63
31,201,301,140,287,85,261,40,239,0,225,127,162,100,100,85,63,73,31,165,151,150,78,142,35,135,0,204,156,199,88,194,47,187,12,242,174,252,125,255,93,256,62
31,199,302,139,288,84,262,40,240,0,225,125,162,98,100,83,63,71,30,163,152,148,79,140,35,132,0,201,157,197,88,191,47,184,11,239,174,250,125,253,92,255,62
31,199,301,139,288,84,262,40,239,0,225,125,162,99,100,83,63,71,31,163,151,148,78,139,36,132,0,202,156,197,88,191,47,185,11,240,173,250,125,254,92,254,62
31,198,303,138,288,83,262,39,240,0,225,125,163,99,101,84,64,72,31,163,153,149,79,141,36,134,0,202,158,198,89,193,48,187,13,240,176,251,127,254,94,255,64
31,197,304,137,288,82,261,38,239,0,224,126,163,100,100,85,62,73,30,164,153,152,78,144,35,138,0,203,158,200,90,197,48,191,13,240,176,252,128,256,95,257,65
31,198,306,138,290,84,264,40,242,0,227,128,165,103,101,88,63,76,31,166,154,154,80,147,36,140,0,205,160,203,91,199,50,195,14,243,178,254,129,259,96,261,66
31,199,306,139,290,84,263,39,241,0,225,129,164,103,100,88,62,76,29,167,153,154,79,146,36,140,0,205,159,203,90,199,48,195,12,243,177,254,128,259,96,262,65
31,200,307,139,292,84,265,40,242,0,227,129,165,103,102,88,64,76,31,167,155,154,81,146,37,139,0,205,160,203,92,199,50,195,14,243,178,254,129,258,97,261,66
31,200,307,140,291,85,265,41,242,0,226,129,165,103,102,87,64,75,31,167,155,154,80,146,37,139,0,205,160,203,91,199,49,194,13,243,177,254,129,259,96,261,66
31,199,306,139,291,85,264,40,242,0,227,129,165,103,101,88,64,76,31,167,154,154,80,146,36,140,0,206,160,203,91,200,49,195,13,244,177,255,129,259,97,262,67
31,200,308,140,293,85,266,40,244,0,227,130,166,104,102,88,64,76,31,168,155,154,81,147,36,140,0,206,161,204,92,200,50,196,14,244,178,256,129,260,97,263,66
31,199,308,139,293,84,266,40,244,0,228,129,166,104,102,88,64,76,31,168,155,154,81,146,37,139,0,206,161,203,92,200,49,195,13,244,178,255,130,260,97,262,66
31,201,308,140,293,85,265,40,243,0,227,130,166,104,102,88,64,76,30,168,155,155,81,147,37,141,0,207,160,204,92,200,50,196,13,245,178,256,129,260,97,263,66
31,200,306,140,291,85,265,40,243,0,227,130,165,103,102,88,64,75,31,167,154,154,80,146,37,139,0,205,159,203,91,199,49,194,13,243,176,254,128,259,96,262,65
31,199,305,139,289,84,263,40,240,0,225,129,164,103,100,88,63,76,30,167,153,154,80,146,36,140,0,205,159,202,91,199,49,195,13,242,176,254,128,259,96,261,66
31,198,305,138,289,84,262,39,239,0,224,128,164,103,101,88,63,77,31,166,153,153,80,145,36,140,0,204,158,202,90,198,49,194,14,242,176,253,128,258,96,261,66
31,198,305,138,289,83,262,39,239,0,223,127,164,102,100,88,63,76,30,166,154,153,80,145,36,139,0,204,159,202,91,198,49,194,14,241,176,252,128,257,96,260,66
31,198,304,138,289,83,261,39,238,0,222,127,163,102,100,87,62,76,29,165,153,152,79,145,36,139,0,203,158,201,90,198,48,193,12,241,175,252,127,257,95,260,64
31,198,305,138,289,83,261,39,238,0,223,127,163,103,100,88,62,76,29,166,153,153,79,145,36,139,0,204,158,202,90,198,49,194,13,242,176,253,128,258,95,261,64
31,199,305,138,290,83,263,40,240,0,224,128,164,102,101,88,63,76,31,166,154,153,80,145,37,139,0,204,159,201,91,198,50,193,14,242,177,253,128,257,96,260,65
31,199,303,139,289,84,262,39,239,0,223,127,163,101,100,86,63,74,30,165,152,152,79,144,36,137,0,203,157,201,89,196,48,191,13,241,174,252,126,257,94,259,64
31,198,304,138,289,83,261,39,238,0,223,127,163,101,100,86,63,74,30,165,152,151,79,143,36,135,0,203,158,200,89,196,48,190,12,240,175,252,127,256,94,258,64
31,198,304,138,289,83,262,39,239,0,224,126,163,101,100,86,63,74,30,164,152,151,79,143,36,136,0,202,158,201,89,196,48,191,12,240,175,252,127,256,94,258,63
31,198,303,138,288,83,261,39,239,0,223,127,162,101,99,86,62,75,30,165,152,151,79,144,35,137,0,203,158,200,89,196,48,190,12,241,175,252,126,256,94,258,63
31,199,303,138,288,84,261,40,239,0,223,127,163,101,100,86,63,74,30,165,152,151,79,143,36,136,0,203,157,201,89,196,48,190,12,241,174,253,126,257,94,259,63
31,198,304,138,288,83,261,39,238,0,221,126,162,100,99,86,62,74,29,164,152,150,79,143,36,136,0,202,157,200,89,195,48,189,12,240,175,252,126,256,93,258,62
31,196,303,137,287,83,260,39,237,0,221,126,162,100,100,85,62,74,30,164,152,150,79,141,36,134,0,202,157,199,89,194,47,188,11,239,174,250,126,255,93,257,62
31,197,303,138,288,84,262,40,239,0,224,127,163,101,100,86,63,74,31,165,153,152,79,143,36,135,0,203,158,201,90,196,48,190,12,240,176,252,127,256,95,258,64
31,197,302,137,287,83,261,39,238,0,223,127,162,101,99,87,62,75,29,165,152,151,78,143,35,135,0,203,157,200,89,195,47,189,11,240,174,251,126,256,94,258,63
31,197,303,138,288,84,261,40,238,0,223,126,163,101,100,86,63,74,31,164,152,151,79,142,36,134,0,202,157,200,89,195,48,189,12,240,174,251,126,256,94,257,64
31,198,304,138,289,84,263,40,239,0,224,127,163,101,101,85,64,73,31,165,153,151,79,143,36,136,0,203,158,200,90,195,49,189,13,241,175,252,127,256,94,258,64
31,197,302,137,288,83,261,39,237,0,221,125,162,99,99,84,62,72,30,163,151,149,78,141,35,134,0,201,156,197,88,193,47,187,11,239,173,250,125,254,93,256,62
31,197,301,137,287,82,261,38,237,0,221,124,161,98,99,84,62,72,29,162,151,148,78,140,35,132,0,200,156,196,88,191,47,185,11,238,173,249,124,253,92,255,61
31,198,301,138,286,83,260,39,236,0,221,124,161,99,99,84,62,72,30,162,150,148,78,139,35,132,0,200,155,196,87,191,46,184,11,238,172,249,124,253,91,254,61
31,198,302,138,287,83,261,39,237,0,222,125,161,99,99,84,62,73,30,163,151,148,78,140,36,133,0,201,156,197,88,191,47,185,12,239,173,249,124,253,92,255,61
31,198,302,138,288,83,261,39,238,0,223,125,162,99,100,84,64,72,31,163,152,149,79,140,36,133,0,201,157,197,89,192,47,185,12,239,174,250,125,253,93,255,62
31,199,302,138,288,83,261,39,237,0,222,125,162,99,100,84,63,73,30,163,151,149,78,141,36,134,0,201,156,197,88,192,47,185,12,239,173,249,125,252,92,254,62
31,198,300,138,286,83,260,40,236,0,220,125,160,99,99,84,62,72,30,163,150,148,77,140,35,133,0,201,154,197,87,191,46,185,10,238,171,249,123,252,91,254,60
31,197,300,138,287,83,260,39,236,0,220,124,160,98,99,83,62,71,30,162,150,147,77,138,35,131,0,200,155,196,87,190,46,184,11,238,172,248,124,252,92,253,61
31,195,299,136,285,82,259,38,235,0,220,123,160,97,98,83,62,71,29,161,150,147,77,139,35,132,0,199,155,195,87,190,46,184,10,236,172,247,123,250,91,252,60
31,197,299,138,285,83,259,39,237,0,221,124,161,99,99,84,62,72,30,162,150,148,78,139,36,132,0,200,155,196,87,191,46,184,10,238,172,248,123,252,91,254,60
31,198,301,139,287,83,260,40,237,0,223,124,161,97,100,82,63,70,31,161,151,147,78,138,36,131,0,199,156,195,88,190,46,183,10,237,173,248,124,251,92,252,61
31,199,300,139,287,83,261,39,238,0,223,124,161,97,99,82,63,70,31,162,151,147,78,138,36,130,0,200,155,195,87,190,46,183,11,238,172,248,124,252,91,253,60
31,197,302,138,288,83,262,39,239,0,224,123,162,96,101,81,64,69,32,161,152,146,79,137,36,130,0,199,157,194,89,189,48,182,12,237,173,248,125,252,92,253,61
31,199,303,139,289,83,262,39,239,0,224,125,163,98,101,83,64,70,32,163,152,148,79,139,36,131,0,201,157,197,89,191,47,184,11,239,174,249,125,253,92,254,61
31,198,302,138,288,83,262,39,240,0,224,124,163,98,101,82,64,70,32,162,152,148,79,139,36,132,0,201,157,197,88,191,47,185,11,239,174,250,126,253,93,253,62
32,94,290,65,266,53,225,84,188,118,165,36,151,17,94,7,59,0,28,68,140,59,75,56,34,53,0,98,150,108,96,113,59,117,26,125,175,120,156,110,171,105,186
32,94,290,66,265,54,224,85,188,118,165,37,150,18,94,8,59,0,28,69,139,60,74,56,33,53,0,99,150,109,95,113,59,117,26,126,175,120,156,110,170,105,185
32,93,291,65,266,54,225,84,188,118,166,37,152,18,95,8,60,0,29,69,141,60,76,56,34,53,0,99,151,109,97,112,60,117,26,125,175,119,157,109,171,103,186
32,94,290,66,266,54,225,85,188,118,166,36,151,17,95,7,60,0,29,68,140,60,75,56,34,54,0,98,150,108,96,112,59,117,27,124,175,118,156,109,171,104,187
32,95,289,67,265,55,224,86,187,119,165,37,150,18,94,8,59,0,28,69,139,60,74,57,33,54,0,99,149,109,96,113,59,118,26,125,173,120,154,111,168,106,183
32,94,289,66,263,56,222,86,186,119,164,37,150,18,94,9,59,0,29,69,140,60,75,57,33,54,0,99,150,109,96,113,59,118,25,126,174,120,155,110,169,104,184
32,95,288,66,263,55,223,86,187,119,165,37,150,18,94,8,59,0,29,69,139,60,74,57,33,54,0,99,149,109,95,114,59,119,26,125,174,121,154,112,168,107,183
32,96,287,67,263,55,223,86,186,119,164,37,150,18,94,8,60,0,29,69,138,60,74,56,33,54,0,99,148,109,94,112,58,116,26,126,171,121,153,112,167,108,181
32,95,289,67,264,55,224,85,187,119,165,38,151,18,95,8,60,0,29,70,140,60,75,56,33,54,0,99,150,109,96,113,60,118,26,126,175,121,156,111,172,105,187
32,97,289,68,265,56,224,87,187,120,165,39,151,19,95,9,60,0,30,71,140,61,75,58,33,55,0,100,150,110,96,114,59,119,26,127,174,121,156,111,171,106,185
32,96,289,67,264,55,224,86,187,120,165,37,151,18,95,8,60,0,30,69,140,60,75,56,34,54,0,99,150,108,97,112,60,117,26,126,174,121,155,111,168,106,183
32,96,289,67,265,55,224,86,187,120,165,37,151,18,95,8,60,0,29,69,139,59,75,56,33,54,0,99,149,108,96,112,59,117,26,126,173,120,154,111,168,107,182
32,96,290,68,265,56,224,88,187,122,166,39,151,19,95,9,60,0,30,71,140,61,75,58,33,55,0,100,151,110,96,114,60,119,26,127,175,122,156,112,171,106,186
32,97,290,68,266,56,224,87,188,120,166,39,151,19,95,9,60,0,30,71,140,62,75,58,33,56,0,101,150,110,97,114,60,118,26,128,175,122,155,111,170,104,184
32,96,289,67,266,55,225,85,188,118,166,38,151,19,95,8,61,0,30,70,140,60,75,57,34,55,0,99,151,109,97,113,60,118,25,126,175,121,157,110,173,104,188
32,98,288,69,263,56,223,87,186,121,164,40,150,19,95,9,61,0,31,72,138,62,74,58,33,56,0,101,149,111,95,115,59,120,26,128,174,123,154,113,168,108,183
32,99,288,69,263,57,224,88,187,122,165,41,150,21,98,9,65,0,36,73,138,63,74,60,33,60,0,103,148,116,95,125,61,136,32,130,173,125,153,115,166,111,179
32,99,288,70,263,57,224,88,187,123,166,42,150,21,98,9,65,0,36,73,138,64,74,61,33,61,0,104,149,116,95,126,61,137,31,130,174,125,155,115,169,110,183
32,102,288,72,262,61,223,92,188,127,167,46,151,23,101,10,69,0,41,80,140,74,74,75,32,77,0,112,152,129,101,144,68,157,39,139,177,136,155,126,166,119,178
32,103,289,73,263,61,224,92,189,127,167,46,153,23,101,10,69,0,41,80,141,74,75,75,33,77,0,111,153,130,102,146,68,160,40,138,178,137,155,128,167,122,180
32,102,288,73,263,60,224,91,189,126,167,45,152,22,102,9,69,0,41,79,140,72,75,74,33,76,0,111,152,129,101,145,67,159,39,138,176,136,155,127,166,121,179
32,102,289,72,263,59,225,90,189,126,168,45,153,23,102,10,70,0,42,80,141,73,75,75,33,77,0,112,153,130,102,146,69,160,40,139,178,137,155,129,165,123,176
32,101,289,72,264,60,225,91,189,125,167,45,153,22,102,9,70,0,42,78,141,72,76,73,33,75,0,110,153,128,101,144,68,159,40,137,178,134,157,125,169,119,183
32,101,291,72,264,61,224,92,189,126,168,46,153,23,103,10,71,0,43,79,142,72,76,73,33,75,0,110,154,129,102,144,68,159,40,137,179,133,160,123,173,116,188
32,101,289,72,263,60,224,91,189,125,168,46,152,23,102,10,70,0,42,79,141,71,75,71,32,73,0,110,153,129,102,144,68,159,40,137,179,133,159,122,173,115,187
32,101,287,72,262,59,223,90,189,124,167,46,151,23,101,10,69,0,42,79,140,71,74,71,32,72,0,110,152,129,102,145,69,160,41,137,177,134,157,124,169,117,181
32,101,287,71,262,58,223,90,188,125,166,44,152,22,101,10,70,0,42,78,140,70,74,70,33,71,0,110,151,129,102,145,69,160,40,138,175,137,150,130,157,125,164
32,112,290,81,266,68,227,100,192,133,170,53,154,27,102,12,70,0,42,87,143,77,76,76,33,77,0,119,155,137,103,151,69,164,39,146,180,141,161,128,176,120,192
32,111,292,80,267,68,227,100,192,134,171,54,154,27,103,12,70,0,43,87,143,77,76,76,34,77,0,119,155,137,102,151,68,165,39,146,181,142,161,129,176,120,192
32,111,288,81,264,68,225,99,190,133,168,52,152,26,101,11,69,0,41,86,141,76,76,75,33,76,0,118,153,136,102,150,68,164,39,145,179,140,161,128,176,119,191
32,110,288,81,263,68,226,98,191,132,169,52,152,26,101,11,69,0,42,86,141,76,75,75,33,75,0,118,153,135,101,149,67,162,38,145,178,142,158,130,172,123,186
32,109,288,79,264,67,225,98,191,132,169,51,152,26,101,11,69,0,42,85,141,75,75,74,33,74,0,116,153,134,101,148,68,161,39,144,179,140,160,128,175,121,190
32,109,288,79,263,67,224,98,189,132,167,51,152,25,101,11,69,0,42,84,140,74,75,73,32,73,0,116,152,133,100,147,66,160,37,143,177,138,158,127,173,120,188
32,108,289,78,264,66,224,97,189,130,168,51,152,25,102,11,70,0,42,84,141,73,75,72,32,73,0,115,153,132,100,145,65,157,35,143,179,137,160,124,175,116,192
32,109,290,78,265,65,225,97,191,131,169,51,153,26,103,11,71,0,43,84,142,74,76,72,33,73,0,115,153,131,100,144,66,157,36,142,179,138,161,126,176,119,191
32,107,288,77,263,64,224,97,189,131,168,50,152,26,101,11,70,0,42,83,140,74,75,72,32,72,0,115,152,131,100,143,65,156,35,142,178,137,160,126,175,118,190
32,107,289,77,265,64,226,94,191,128,169,49,153,25,103,11,71,0,43,82,142,73,75,71,33,72,0,114,153,131,101,144,67,157,38,141,179,136,161,124,176,117,192
32,106,289,76,264,63,225,95,190,129,169,49,152,25,102,11,70,0,43,82,141,72,75,71,32,72,0,113,153,130,101,143,66,155,37,141,179,136,161,124,176,117,191
32,104,289,74,264,63,225,95,191,129,170,48,153,24,102,10,70,0,43,81,141,72,75,71,33,71,0,113,153,130,100,143,66,156,37,140,179,137,160,127,174,120,189
32,103,290,73,265,61,227,92,192,126,170,47,153,24,102,10,70,0,43,81,142,72,75,71,33,72,0,112,153,129,101,142,67,155,38,139,180,136,161,124,176,117,192
32,103,289,74,264,62,225,93,191,126,169,47,153,23,102,10,70,0,42,80,142,71,75,70,33,70,0,111,153,128,101,142,67,154,38,139,179,134,161,123,176,115,192
32,103,288,74,263,62,224,93,190,127,169,47,151,24,100,10,68,0,41,80,139,71,73,70,31,71,0,112,151,128,99,141,65,154,36,139,177,136,158,125,173,119,188
32,101,290,72,265,60,226,91,192,126,171,47,153,24,102,10,70,0,44,80,142,71,75,69,32,69,0,111,154,128,101,140,66,153,36,138,180,133,163,121,178,113,194
32,101,291,72,266,60,226,92,191,127,171,47,153,23,102,10,71,0,44,80,142,71,75,69,33,69,0,111,154,128,101,139,65,151,34,138,181,134,163,122,178,114,194
32,102,290,73,266,61,226,92,192,126,171,48,153,24,102,11,70,0,44,81,141,71,75,69,32,68,0,112,153,128,100,139,64,150,33,139,180,133,163,121,179,114,195
32,102,290,73,265,61,226,92,192,126,171,48,153,25,102,11,70,0,44,81,142,70,75,68,33,67,0,111,154,127,101,138,65,150,35,139,180,133,165,121,180,113,196
32,102,291,73,266,62,226,93,191,128,171,48,153,25,102,11,71,0,44,80,141,70,75,68,33,67,0,111,153,128,100,139,65,150,34,138,180,133,163,121,180,114,197
32,103,289,73,264,61,224,92,190,127,170,48,152,24,101,11,70,0,44,81,141,71,74,68,32,66,0,111,152,128,99,139,64,150,34,139,179,135,161,123,177,117,194
32,102,289,73,265,60,225,91,191,125,170,47,152,24,102,10,70,0,44,79,141,69,74,66,32,65,0,110,153,126,100,137,64,148,33,137,179,133,163,121,179,114,195
32,103,290,74,264,62,224,92,190,127,170,49,152,25,101,11,70,0,43,81,141,70,74,67,32,66,0,111,153,126,100,137,65,149,34,138,179,133,163,121,178,115,194
32,102,290,73,265,61,224,93,190,127,169,47,152,24,101,10,70,0,44,79,141,69,74,67,33,66,0,110,153,126,99,137,63,149,33,137,179,132,162,120,178,113,194
32,102,289,73,265,61,226,91,191,125,171,47,152,24,102,10,71,0,44,79,141,69,75,66,32,65,0,110,153,125,100,136,65,148,35,137,179,132,162,120,178,114,194
32,103,289,74,264,62,224,93,190,127,170,48,152,25,102,11,70,0,44,80,141,70,74,67,32,66,0,111,153,126,100,137,65,149,35,138,178,134,162,123,177,118,193
32,103,290,74,265,62,225,94,190,128,170,48,152,25,101,11,70,0,44,80,141,70,74,67,32,66,0,110,152,126,98,137,64,149,34,137,178,132,161,122,177,117,193
32,103,289,74,264,62,225,93,190,127,170,48,151,25,101,11,70,0,44,81,140,71,74,68,32,67,0,111,152,127,99,138,64,149,34,138,178,133,160,122,176,116,192
32,102,289,73,265,61,225,93,190,127,169,48,152,25,101,11,70,0,44,80,141,70,74,67,32,66,0,110,153,126,100,137,65,149,34,137,179,132,162,121,178,114,194
32,103,289,75,264,62,224,93,190,128,171,49,152,26,102,12,71,0,45,81,141,71,74,69,32,67,0,111,153,127,99,137,65,149,35,138,179,134,162,122,177,116,192
32,104,290,75,265,62,225,93,191,128,171,49,152,25,101,11,70,0,44,81,141,71,74,68,32,68,0,111,153,126,99,136,64,148,33,138,179,133,162,122,177,116,193
32,104,288,75,264,63,224,94,190,128,170,49,151,25,101,11,69,0,43,81,140,71,73,69,32,68,0,111,151,126,98,136,63,148,33,138,177,134,161,123,177,117,193
32,103,288,74,264,63,224,94,189,129,169,49,151,25,101,11,70,0,43,81,140,71,74,68,32,67,0,111,152,126,99,136,63,148,33,138,178,133,161,122,176,116,191
32,104,288,75,263,63,224,94,190,128,170,49,151,25,101,11,70,0,44,80,140,71,73,68,32,67,0,110,152,125,98,135,63,147,33,137,178,132,160,121,174,116,189
32,104,287,75,263,63,223,93,189,128,169,49,151,25,100,11,69,0,42,80,140,71,73,69,32,69,0,110,151,125,98,135,63,146,32,137,177,132,160,122,175,116,190
32,103,286,74,262,62,223,93,189,128,169,48,150,25,100,11,68,0,41,80,139,72,74,70,32,70,0,111,151,125,98,134,63,145,34,137,177,132,159,122,172,117,186
32,103,286,74,263,62,223,93,188,127,168,48,150,25,100,11,68,0,42,80,139,72,73,70,32,70,0,110,151,124,97,134,62,144,32,136,177,131,160,121,173,115,187
32,103,286,74,262,62,223,93,188,127,168,48,150,24,99,10,67,0,40,80,138,72,73,70,32,70,0,110,150,125,97,134,63,144,33,137,176,134,159,125,172,120,186
32,103,287,74,263,62,224,93,189,127,168,48,150,25,100,11,68,0,41,81,139,73,73,71,31,71,0,111,151,125,97,134,62,144,32,137,177,133,160,122,173,117,187
32,104,288,75,264,62,225,93,191,126,170,49,151,25,101,11,69,0,42,82,140,73,74,71,32,70,0,112,151,127,98,136,64,146,34,138,178,135,161,125,175,119,190
32,103,289,74,265,62,226,92,192,126,171,49,151,25,101,11,70,0,43,81,140,73,73,71,32,70,0,111,153,126,99,135,65,145,35,137,179,134,162,124,175,119,190
32,104,289,76,265,63,226,94,191,128,171,49,151,26,101,12,69,0,43,81,140,73,74,71,32,71,0,111,153,126,99,135,64,145,34,138,179,134,162,123,176,118,190
32,103,288,74,264,62,224,93,190,127,170,49,150,26,100,12,68,0,41,81,140,73,73,71,32,71,0,111,152,125,99,134,64,145,34,137,178,133,162,122,175,116,189
32,103,288,74,264,61,224,93,190,127,170,49,151,25,101,11,70,0,43,81,139,73,73,71,32,71,0,111,151,125,98,134,64,144,34,137,177,133,161,123,174,118,187
32,104,286,75,263,62,224,93,189,127,169,49,150,25,100,11,68,0,42,81,138,72,73,70,32,70,0,111,150,124,97,133,63,143,34,137,175,133,158,124,171,120,185
32,103,286,74,262,62,223,93,188,127,169,49,149,26,99,12,67,0,41,81,138,72,73,70,32,70,0,111,150,123,97,131,63,141,32,137,176,132,158,122,170,118,183
32,104,287,75,263,62,224,93,189,127,169,49,150,25,100,11,68,0,42,81,139,72,73,70,32,70,0,111,150,124,97,132,63,142,34,137,176,133,157,125,169,121,182
32,104,286,75,262,63,223,93,188,127,168,49,149,25,99,11,68,0,42,81,138,73,73,70,31,70,0,111,149,123,96,132,62,142,33,137,174,131,157,121,170,117,184
32,105,286,76,262,63,223,94,188,127,168,50,150,26,99,12,68,0,42,82,139,73,73,71,32,71,0,111,150,124,97,133,62,142,32,138,176,133,159,122,172,116,185
32,104,287,75,263,63,223,94,189,127,168,50,150,26,100,11,69,0,42,82,139,74,73,71,32,71,0,111,151,124,97,132,63,142,32,137,176,130,160,119,173,114,187
32,104,288,74,264,62,224,92,190,126,169,49,150,25,100,11,69,0,43,81,139,73,74,70,33,70,0,111,151,124,98,131,64,140,33,137,177,131,159,121,172,116,184
32,104,286,75,262,63,223,93,189,126,168,49,149,25,99,11,68,0,42,81,138,72,73,70,32,69,0,111,150,123,98,131,63,140,33,136,176,131,158,121,169,116,182
32,104,284,75,261,63,222,93,187,126,167,50,148,26,98,11,67,0,41,82,138,73,72,70,31,70,0,112,150,123,97,130,62,139,31,137,176,131,159,120,170,114,182
32,104,286,75,262,63,223,92,189,125,169,50,150,26,101,12,70,0,44,81,139,72,74,70,33,70,0,111,151,123,98,130,64,139,33,137,176,132,158,122,171,116,185
32,105,284,76,260,63,221,93,187,126,166,51,148,26,98,12,68,0,42,83,138,73,72,71,32,71,0,112,150,124,97,131,62,140,31,138,175,133,157,122,170,117,183
32,105,285,75,261,62,222,92,187,125,167,49,148,25,99,11,68,0,42,81,138,72,73,69,32,69,0,111,150,122,98,130,63,139,33,137,175,131,156,121,168,116,180
32,105,283,76,259,63,220,93,185,126,165,50,147,25,97,11,66,0,41,81,136,72,72,70,31,69,0,111,148,122,96,129,62,138,31,137,173,131,154,122,165,117,176
32,104,283,75,259,63,220,93,185,126,165,50,147,25,97,11,66,0,40,81,137,72,72,70,31,69,0,111,149,122,97,129,62,138,31,136,174,130,155,121,167,116,179
32,105,284,76,260,63,220,93,186,126,165,50,147,26,97,12,66,0,40,82,137,73,72,71,31,70,0,112,149,123,96,130,62,139,31,138,174,131,157,120,168,115,181
32,103,284,74,260,63,219,93,185,126,165,49,147,25,97,11,66,0,40,81,137,72,72,70,32,69,0,111,149,122,97,129,62,138,31,136,174,131,156,120,167,115,179
32,104,286,75,261,63,222,94,187,127,168,50,149,26,100,12,69,0,43,82,139,73,73,71,32,70,0,111,151,122,98,129,63,138,32,137,176,131,158,120,169,115,181
32,104,285,75,261,63,221,93,186,127,167,50,149,25,99,11,68,0,42,82,138,73,72,70,32,70,0,112,150,123,98,130,63,138,32,138,176,131,158,120,170,115,183
32,105,285,76,261,63,223,93,188,126,167,50,149,25,99,11,68,0,42,82,138,72,73,69,32,69,0,111,150,122,98,129,64,138,33,137,175,131,157,121,168,116,180
32,106,285,77,261,63,222,93,188,125,167,50,149,26,99,11,68,0,42,82,138,72,73,70,32,69,0,112,150,123,98,130,63,138,32,137,175,130,156,120,169,115,181
32,104,283,75,259,62,220,92,186,126,167,50,148,25,98,11,67,0,41,82,137,72,72,69,31,68,0,111,149,122,96,128,62,137,31,137,174,130,156,119,169,114,183
32,104,282,74,258,62,219,91,185,125,165,50,146,25,97,11,66,0,40,81,136,72,71,69,31,68,0,111,148,121,96,128,61,136,31,137,173,130,155,119,166,114,179
32,104,283,75,259,62,220,92,186,125,166,50,148,25,98,11,67,0,41,82,137,72,73,69,32,69,0,111,149,122,98,128,63,137,33,137,174,130,157,119,168,114,180
32,105,283,76,259,63,219,93,185,126,166,50,147,26,97,12,66,0,39,82,137,72,72,69,32,69,0,111,149,122,98,128,62,135,31,137,175,131,156,121,167,115,179
32,106,284,76,260,63,220,93,186,127,166,51,148,26,98,12,68,0,42,83,138,73,73,70,32,69,0,112,150,123,98,129,63,137,32,138,175,132,156,122,168,117,180
32,106,283,76,260,63,220,94,184,127,164,51,147,26,98,11,67,0,41,83,137,73,72,70,31,69,0,112,149,122,97,128,62,137,31,138,173,131,155,121,166,116,178
32,106,285,76,261,64,221,94,186,128,166,51,148,26,99,12,68,0,42,83,138,74,73,71,32,70,0,113,150,124,98,129,63,137,31,139,175,132,155,122,167,117,180
32,105,286,76,262,63,222,94,187,128,167,51,150,26,100,12,69,0,43,83,139,74,73,71,32,70,0,112,151,123,99,130,64,138,32,138,177,131,159,120,171,115,184
32,104,286,75,262,62,223,93,188,127,168,51,150,26,100,11,69,0,43,82,139,73,73,70,32,70,0,112,152,123,99,129,64,137,32,138,177,130,160,119,173,113,186
32,106,286,76,262,63,223,92,188,126,168,51,150,26,100,11,69,0,43,83,140,74,73,71,33,70,0,113,152,123,100,129,64,138,32,138,177,131,159,120,171,115,183
32,105,286,75,261,63,221,92,187,126,167,51,149,26,98,11,67,0,41,83,139,73,73,71,32,70,0,112,151,123,98,129,63,137,31,137,176,130,160,119,172,113,185
32,105,284,75,261,62,222,92,187,126,167,51,149,26,98,11,67,0,40,83,138,74,73,71,32,70,0,112,150,123,99,128,63,136,31,139,176,131,158,120,170,114,183
32,106,284,76,260,63,221,92,187,126,167,51,148,26,97,12,66,0,39,83,138,74,72,71,32,70,0,113,150,124,99,129,64,137,32,139,175,132,157,121,169,116,181
32,105,284,75,261,62,222,92,187,126,167,51,149,26,98,12,67,0,40,83,138,74,73,71,32,71,0,112,150,124,99,129,63,137,31,138,176,131,158,120,170,115,184
32,104,284,75,261,61,221,91,187,124,166,50,149,25,98,11,66,0,40,82,138,73,73,70,32,70,0,111,150,122,98,128,63,137,31,137,175,130,157,119,171,114,184
32,105,286,76,262,62,222,92,188,126,167,51,149,26,99,11,68,0,41,83,139,74,73,71,32,71,0,113,151,124,98,130,63,138,31,138,176,131,157,120,171,115,185
32,105,284,75,260,62,221,92,187,126,166,51,148,26,98,12,67,0,40,83,138,74,72,71,31,70,0,112,150,123,98,129,63,137,31,139,175,131,158,119,171,114,185
32,104,286,74,262,62,222,92,188,126,167,50,150,25,98,11,67,0,41,82,140,73,73,70,32,69,0,112,152,123,99,128,63,137,32,138,177,130,159,119,172,114,186
32,105,287,75,262,62,222,93,188,126,168,51,149,26,98,11,67,0,41,83,140,73,73,70,32,69,0,112,152,123,99,129,64,136,32,139,177,131,160,120,173,114,186
32,106,288,76,263,64,221,95,186,128,166,52,150,26,99,12,68,0,41,83,140,73,73,70,32,69,0,113,152,123,98,128,62,136,29,139,177,132,159,121,173,116,187
32,106,288,76,263,63,222,93,188,127,169,51,150,26,99,12,68,0,41,83,140,73,73,70,32,68,0,113,152,123,100,128,65,135,32,140,177,132,159,121,171,115,184
32,105,287,76,262,63,222,94,187,128,167,50,150,25,99,11,67,0,41,82,139,72,73,68,32,67,0,112,151,123,98,128,63,135,30,138,177,131,159,120,172,114,185
32,105,287,75,262,63,222,93,187,127,167,50,150,25,98,11,67,0,40,82,139,72,73,68,32,67,0,112,151,122,98,128,62,135,29,138,177,131,159,119,172,113,185
32,106,285,76,261,63,221,94,186,128,167,50,149,25,98,11,67,0,40,82,139,72,73,68,32,67,0,112,150,123,98,128,62,135,30,138,176,132,157,122,169,117,182
32,106,286,77,262,63,223,93,188,127,168,50,150,25,98,11,67,0,40,82,139,71,73,68,32,66,0,112,151,122,98,127,63,135,30,138,175,131,157,120,170,115,183
32,106,287,76,262,63,223,93,188,128,167,50,150,25,98,11,67,0,40,82,139,71,73,68,32,66,0,112,151,122,98,127,62,134,30,138,176,131,158,121,169,116,182
32,107,286,77,262,64,222,94,187,128,166,51,150,26,98,12,67,0,40,83,139,72,73,68,32,67,0,112,151,123,98,128,63,135,30,138,176,132,157,120,169,114,181
32,105,285,76,261,63,221,93,187,127,166,50,149,25,98,11,67,0,41,81,138,71,72,67,31,66,0,111,150,122,97,128,61,135,29,138,175,131,156,121,169,116,182
33,148,283,106,265,82,219,95,169,123,138,60,161,30,102,14,67,0,38,93,148,79,82,68,37,63,0,127,150,135,121,125,157,117,185,159,157,168,112,179,82,190,52
33,148,283,106,266,81,219,95,169,122,138,60,163,30,103,14,67,0,38,93,149,78,82,67,37,62,0,126,150,134,121,126,156,118,185,159,156,168,111,179,81,189,52
33,149,282,107,265,81,219,95,169,123,137,61,161,30,102,13,67,0,38,93,148,78,81,68,36,63,0,127,148,134,120,126,156,118,184,159,155,168,110,179,81,190,53
33,147,282,106,264,81,218,94,168,122,137,60,162,29,103,13,67,0,38,92,148,77,81,68,37,62,0,126,149,133,120,124,154,116,182,158,155,168,110,179,81,189,53
33,148,283,106,264,81,218,95,169,123,137,60,161,30,103,13,68,0,39,93,148,79,81,70,37,65,0,127,149,134,121,125,156,117,184,159,156,169,111,180,82,191,54
33,148,282,106,264,81,219,94,169,121,136,60,162,30,103,13,68,0,39,93,148,79,81,69,37,64,0,127,149,134,122,125,157,117,185,159,156,168,111,180,82,191,54
33,150,282,108,264,82,218,95,169,123,136,61,161,31,103,13,68,0,39,93,148,80,81,71,37,65,0,127,149,135,120,126,155,118,183,160,156,169,111,180,81,191,53
33,150,282,109,264,83,219,96,169,124,137,61,161,31,102,14,67,0,39,94,147,80,81,70,36,64,0,127,148,134,121,126,155,119,183,160,155,169,110,180,81,191,53
33,151,280,109,263,83,218,96,168,123,136,63,161,32,102,14,67,0,38,95,147,81,80,71,36,65,0,129,148,135,120,126,155,119,183,161,155,170,110,181,80,192,52
33,152,281,110,263,85,217,98,168,125,135,63,160,32,102,14,68,0,40,96,147,82,80,72,36,66,0,129,148,137,120,127,156,118,183,162,155,171,110,182,81,193,52
33,151,282,109,263,84,218,97,169,124,136,62,161,31,103,14,68,0,40,95,148,81,81,71,37,65,0,129,149,136,121,126,157,118,185,162,156,171,111,182,81,192,52
33,152,281,110,264,84,219,97,169,124,137,63,161,32,103,14,68,0,40,96,147,82,81,71,36,65,0,130,148,136,121,127,157,120,185,162,155,171,110,183,81,194,52
33,151,283,109,265,84,220,98,170,126,139,63,162,32,104,15,68,0,40,96,149,82,81,72,37,67,0,130,149,137,122,128,156,121,184,162,156,172,111,185,82,196,54
33,150,283,108,265,84,219,97,169,125,138,62,162,32,104,14,69,0,40,95,148,81,81,72,37,67,0,129,149,136,122,127,156,119,184,162,156,172,111,184,81,197,54
33,149,282,107,264,83,218,97,169,124,137,62,161,32,102,14,67,0,39,95,147,81,81,72,36,67,0,129,149,136,122,127,156,119,184,161,156,172,111,185,82,197,54
33,149,283,108,264,83,219,97,169,125,137,62,161,31,103,14,68,0,39,95,147,81,80,72,36,67,0,129,149,136,122,128,156,120,184,162,156,172,112,185,82,197,55
33,149,283,107,264,84,218,97,169,124,137,62,162,32,103,14,68,0,39,95,149,82,82,73,37,69,0,129,151,135,122,126,156,119,183,162,158,172,113,186,83,198,55
33,147,283,106,264,81,219,95,170,123,138,62,163,31,104,14,68,0,39,94,149,81,81,72,37,68,0,128,150,135,122,126,156,120,183,160,157,171,112,184,82,197,55
33,147,282,106,264,81,218,95,169,123,138,61,162,31,104,14,68,0,40,94,148,81,81,71,37,66,0,128,150,134,122,126,156,118,184,160,157,171,112,184,82,197,55
33,148,281,107,263,82,218,96,169,124,137,62,161,31,103,14,68,0,39,95,148,81,80,71,36,66,0,128,149,134,121,126,154,118,182,160,156,171,111,185,82,198,54
33,150,281,108,263,83,218,97,169,124,137,62,161,31,103,14,68,0,39,95,148,82,81,72,36,68,0,129,149,135,121,126,156,119,183,161,156,172,111,185,82,198,54
33,149,280,108,263,83,218,97,169,123,137,62,161,32,103,14,68,0,40,95,148,82,81,72,36,67,0,129,148,136,121,127,155,120,183,161,155,172,111,186,81,199,54
33,148,280,106,262,81,218,95,168,123,138,61,161,31,103,14,68,0,39,94,148,80,81,71,37,66,0,128,149,135,121,127,155,120,183,160,156,171,111,184,82,197,54
33,148,281,106,263,81,218,96,169,123,138,62,162,31,103,14,67,0,39,95,148,81,81,72,37,67,0,128,149,135,122,126,156,119,183,161,155,172,110,185,81,198,54
33,148,280,107,262,82,216,95,167,123,136,62,160,31,102,14,67,0,38,95,147,81,80,72,36,67,0,128,148,135,121,126,155,119,182,161,155,172,110,185,81,199,54
33,148,282,106,263,81,218,96,169,123,137,61,161,31,103,14,68,0,39,94,148,81,81,72,36,67,0,128,149,135,122,126,155,118,182,161,156,172,112,185,82,198,55
33,148,282,107,264,82,219,96,170,124,138,62,162,31,104,14,68,0,40,95,149,82,81,72,36,68,0,129,150,136,123,127,157,119,184,162,157,172,112,186,83,199,55
33,148,282,106,264,82,218,95,168,123,137,61,161,31,103,14,68,0,40,94,148,80,81,71,36,66,0,128,149,136,122,126,156,118,184,161,156,172,112,185,82,198,54
33,148,282,106,264,80,219,95,170,123,139,62,162,31,104,14,69,0,41,94,148,81,81,72,36,67,0,128,149,134,124,125,158,118,186,161,157,172,112,186,82,199,55
33,149,281,107,264,82,218,96,169,124,139,62,161,31,104,14,69,0,41,96,148,82,81,73,37,69,0,129,149,135,123,126,159,119,187,162,157,173,112,187,83,200,55
33,149,279,106,261,82,216,96,167,124,137,62,160,31,103,14,68,0,40,94,147,82,80,73,36,68,0,128,148,135,121,126,155,119,183,161,156,172,111,185,81,199,54
33,148,280,106,262,82,216,95,167,122,136,61,160,31,103,14,68,0,40,94,147,81,81,72,37,67,0,128,149,136,121,125,156,117,184,161,156,172,112,185,82,198,54
33,149,281,107,263,82,218,96,169,123,137,62,161,32,105,14,70,0,42,95,148,83,82,73,37,69,0,129,149,136,122,126,156,117,184,161,157,172,112,186,83,199,55
33,150,280,107,262,82,217,97,168,125,137,62,160,31,104,14,69,0,41,95,147,83,81,74,37,70,0,130,149,137,122,126,156,117,184,162,156,173,111,186,82,199,54
33,151,282,109,265,83,220,97,171,124,139,64,163,32,105,14,70,0,42,97,149,84,81,75,36,70,0,131,150,136,123,128,157,121,185,163,157,173,113,186,84,199,57
33,151,284,110,267,84,221,98,171,125,140,64,164,33,106,15,71,0,44,97,151,84,82,75,37,70,0,131,152,137,124,128,159,119,187,163,159,174,115,187,85,199,57
33,153,282,111,264,85,219,98,170,127,140,65,163,33,106,15,71,0,44,98,149,85,81,76,36,71,0,132,150,138,122,128,157,121,185,164,157,175,113,187,83,200,55
33,152,282,110,265,84,221,97,172,124,141,65,164,33,107,15,72,0,44,98,150,85,82,76,37,72,0,131,151,137,125,127,158,119,185,164,158,174,114,188,85,200,57
33,152,281,110,263,84,218,98,169,126,138,65,162,33,106,15,71,0,43,97,149,85,81,76,37,72,0,131,150,137,123,128,158,120,186,164,157,174,113,187,83,199,56
33,151,282,108,264,83,219,98,170,126,140,64,162,33,106,15,72,0,44,97,149,85,82,76,37,72,0,131,150,137,123,127,157,120,184,163,157,174,113,186,84,198,56
33,151,281,109,263,84,218,98,169,127,139,64,162,33,105,14,71,0,43,97,149,85,81,76,36,72,0,131,150,137,122,127,156,119,184,163,157,173,112,186,83,198,55
33,152,282,110,264,84,218,98,169,127,138,64,162,33,106,15,71,0,43,98,149,85,81,77,36,73,0,132,150,137,122,128,156,120,184,164,157,174,113,187,83,199,55
33,152,282,110,264,84,219,97,170,126,139,65,163,33,106,14,72,0,44,98,150,85,82,77,37,73,0,131,151,137,123,128,157,120,185,164,158,174,114,186,84,197,56
33,153,283,111,265,86,219,99,170,127,140,65,164,33,107,15,72,0,45,98,150,86,82,78,37,74,0,132,152,138,123,129,158,121,186,164,159,174,114,186,85,198,57
33,152,282,110,264,85,219,97,170,126,139,65,163,33,106,15,72,0,44,98,150,87,82,79,37,76,0,132,151,138,122,128,157,119,185,164,157,174,112,187,83,198,55
33,151,282,109,265,83,220,96,171,125,140,63,163,32,107,14,73,0,45,97,151,87,83,78,38,75,0,131,152,137,124,127,158,118,187,163,159,174,114,186,84,197,56
33,152,282,110,264,85,219,98,170,127,140,65,163,33,107,15,72,0,45,98,150,87,82,79,37,76,0,132,151,138,122,127,157,119,185,164,158,175,113,187,84,198,56
33,152,282,110,265,84,219,98,170,126,140,64,162,33,106,15,72,0,44,98,149,87,82,79,37,76,0,132,151,138,122,127,157,119,185,164,158,175,113,188,83,199,55
33,153,282,111,264,84,219,98,171,127,141,65,163,33,106,15,72,0,44,98,150,87,82,80,37,77,0,132,151,137,123,128,157,121,186,164,158,175,113,187,83,199,55
33,153,284,111,266,85,221,99,172,128,142,65,163,33,107,14,72,0,44,98,150,87,82,80,37,77,0,132,152,138,123,129,158,122,186,164,160,175,114,187,84,199,56
33,153,282,113,265,86,220,100,173,129,142,65,162,33,105,15,71,0,43,99,149,88,81,81,36,77,0,133,151,139,123,129,158,122,186,165,158,176,114,188,84,201,56
33,152,282,110,264,84,220,99,173,128,142,64,162,32,106,14,72,0,44,98,149,87,82,80,37,76,0,131,151,137,123,128,157,121,185,164,159,175,114,188,85,200,57
33,149,281,108,263,82,219,97,171,127,142,62,160,31,104,14,70,0,42,95,148,86,81,78,37,75,0,129,150,135,123,125,157,117,185,161,158,173,114,185,85,198,57
33,151,280,109,263,84,219,98,171,127,141,63,161,32,104,14,71,0,43,97,148,87,81,79,37,76,0,130,150,137,123,128,157,120,185,163,158,173,113,186,84,198,57
33,150,279,109,263,83,219,98,171,126,141,63,161,32,105,14,71,0,43,97,148,87,82,79,37,76,0,131,150,137,123,127,158,120,186,163,157,174,113,186,84,197,56
33,150,280,108,262,83,218,97,171,125,141,63,160,32,105,14,71,0,43,96,148,86,81,78,37,75,0,130,150,135,122,125,157,117,185,162,158,172,113,184,84,196,55
33,151,281,110,263,84,219,98,171,127,141,64,161,32,105,14,71,0,43,97,148,86,81,79,37,76,0,131,151,137,121,127,156,119,184,163,159,173,114,185,85,197,57
33,151,280,109,263,84,217,98,169,126,139,64,160,32,104,14,71,0,43,97,148,87,81,79,36,76,0,131,150,137,122,126,157,118,185,163,158,173,113,185,84,196,56
33,150,281,108,263,83,218,97,170,126,140,63,161,32,105,14,71,0,44,97,149,87,82,79,37,76,0,130,151,136,123,126,158,118,186,162,159,173,114,185,85,196,56
33,152,281,110,264,84,219,98,171,127,141,64,162,32,106,14,72,0,45,97,150,88,82,80,37,77,0,131,152,137,124,127,159,120,187,163,159,173,114,186,85,197,57
33,152,282,110,265,83,220,97,172,127,142,65,162,32,106,14,73,0,45,98,149,88,82,80,37,77,0,131,151,137,124,128,159,121,187,164,159,174,115,187,85,198,58
33,151,281,109,264,82,220,96,172,125,143,64,161,33,106,15,73,0,45,97,150,89,82,82,37,80,0,131,152,137,124,127,160,118,188,163,160,174,116,186,86,197,58
33,151,280,110,263,83,219,95,171,125,142,64,160,32,105,14,71,0,44,98,148,89,80,82,36,79,0,131,151,136,122,127,157,120,185,163,159,174,115,186,85,197,57
33,153,281,111,264,84,220,97,172,126,142,65,161,33,106,14,72,0,45,98,149,89,81,82,37,79,0,132,151,137,123,128,158,120,185,164,159,175,115,187,86,198,58
33,152,280,110,262,83,218,97,170,127,141,64,160,32,105,14,71,0,44,98,147,89,81,82,36,79,0,131,150,136,122,126,157,119,185,163,158,173,113,186,85,198,57
33,153,280,112,263,85,219,98,171,128,141,66,160,33,105,15,72,0,44,99,148,90,81,83,36,80,0,132,150,138,122,129,158,121,185,163,158,174,113,186,84,197,56
33,153,280,112,262,85,218,98,170,128,141,66,161,33,106,15,72,0,45,99,148,90,81,83,36,81,0,132,150,137,122,128,158,120,186,164,158,174,114,186,85,197,57
33,153,279,111,262,85,219,97,171,126,141,65,160,33,105,14,72,0,45,98,148,89,81,82,36,80,0,131,150,137,122,127,157,120,185,163,158,174,114,185,84,196,55
33,154,280,113,263,86,219,98,171,127,141,66,160,34,105,15,72,0,44,99,147,89,81,83,36,80,0,132,150,138,121,129,157,122,185,164,158,174,115,186,85,197,57
33,154,282,113,265,86,221,99,172,129,143,67,162,34,107,15,73,0,46,100,149,91,82,84,37,81,0,133,152,139,124,130,160,123,188,164,160,174,116,186,87,198,59
33,153,281,113,263,86,219,100,171,129,142,68,161,34,106,15,73,0,45,100,148,91,81,84,37,81,0,133,151,138,122,130,159,124,187,164,159,174,116,187,86,198,58
33,153,282,112,265,85,222,97,173,127,144,67,163,34,108,15,74,0,46,100,150,91,82,84,37,81,0,133,153,138,124,129,159,121,186,164,161,174,117,186,87,197,60
33,154,282,113,264,85,221,98,172,128,142,67,161,34,106,15,73,0,46,100,149,90,81,84,36,81,0,133,151,138,123,129,159,121,187,165,159,175,115,187,86,198,58
33,154,282,112,264,85,221,97,172,127,142,66,161,33,106,15,73,0,45,99,148,90,81,83,36,80,0,132,151,137,123,127,158,119,187,164,159,174,115,186,86,197,58
33,153,282,112,265,85,221,98,172,128,143,67,162,34,107,15,73,0,46,99,149,90,81,83,37,80,0,132,152,137,123,128,159,120,187,163,160,173,115,185,86,196,58
33,153,282,113,265,86,221,99,173,128,144,67,162,34,107,15,74,0,46,100,149,91,82,84,37,81,0,132,152,138,123,129,160,122,188,164,160,173,117,185,87,196,58
33,153,280,112,264,86,220,98,172,127,143,67,161,35,106,16,72,0,45,100,149,91,81,84,36,82,0,132,151,137,122,128,159,120,187,163,160,172,116,183,86,194,57
33,152,280,111,263,84,220,96,172,125,143,66,161,34,106,15,73,0,45,99,149,90,81,83,36,81,0,131,151,136,123,126,159,118,186,162,159,171,115,182,86,193,57
33,153,280,112,265,85,220,97,171,126,142,67,161,35,106,15,73,0,45,99,148,90,81,83,36,80,0,131,150,137,122,128,158,121,186,162,158,171,114,183,85,194,57
33,153,280,112,263,84,219,96,171,126,141,67,160,34,105,15,72,0,44,99,148,90,81,82,36,79,0,131,150,136,121,128,158,121,186,162,158,170,114,181,85,192,57
33,152,279,112,262,84,219,97,171,127,142,67,160,35,105,15,72,0,44,99,147,90,80,83,36,80,0,131,150,137,121,129,157,122,184,162,158,171,114,182,85,192,57
33,153,278,112,262,85,218,97,170,126,141,67,160,35,105,16,72,0,44,99,147,90,80,83,36,81,0,132,149,137,121,128,157,121,184,163,157,171,114,181,85,192,56
33,152,280,112,263,85,220,97,172,127,142,68,161,35,106,16,73,0,45,100,149,91,81,84,37,81,0,131,151,136,122,128,158,121,185,162,159,170,116,181,86,191,58
33,152,280,112,264,85,220,98,173,127,144,68,161,35,106,16,73,0,46,99,149,91,81,84,37,81,0,131,151,136,122,128,158,121,186,162,159,170,115,181,86,191,58
33,153,279,112,263,85,219,97,172,126,142,68,160,35,105,16,72,0,45,100,148,91,80,84,35,81,0,132,151,138,122,129,158,122,185,163,160,171,116,181,86,191,57
33,152,279,112,263,84,220,96,173,126,144,68,160,35,106,16,73,0,45,100,148,90,81,83,36,80,0,132,151,136,122,127,157,121,185,163,159,171,114,182,85,191,56
33,152,280,112,263,84,220,97,172,126,143,67,160,34,105,15,72,0,45,99,148,90,80,83,36,79,0,132,151,136,121,128,157,122,185,163,159,171,115,181,86,191,57
33,152,279,111,263,84,220,96,172,125,143,68,160,35,105,15,72,0,44,99,148,91,80,84,36,81,0,131,151,136,121,127,158,119,185,162,159,170,115,181,86,191,57
33,152,279,112,263,85,219,97,171,125,142,68,161,35,106,15,72,0,45,100,149,90,81,83,36,80,0,132,151,136,121,129,156,122,183,162,159,171,115,181,86,190,57
33,152,280,112,264,85,219,97,172,126,142,68,161,35,106,16,73,0,46,100,149,91,81,83,36,81,0,132,151,136,121,128,157,120,185,163,160,171,115,181,86,191,58
33,150,278,110,262,84,218,96,171,125,141,65,160,33,105,14,71,0,44,98,148,89,81,82,37,80,0,130,150,136,121,126,157,119,185,161,158,170,114,180,85,190,56
33,152,279,112,263,85,219,97,172,126,142,67,161,34,106,15,73,0,45,99,148,90,81,83,37,81,0,131,151,137,121,128,156,121,184,162,159,170,115,181,86,191,57
33,152,280,112,263,85,219,97,171,126,142,66,162,34,106,15,73,0,45,98,149,90,82,82,37,79,0,131,151,137,121,129,156,122,184,162,159,170,115,180,85,189,57
33,153,280,113,264,87,219,100,171,129,141,68,161,35,106,15,72,0,44,100,148,91,81,83,36,80,0,132,150,138,121,130,157,123,185,163,159,170,114,181,85,190,56
33,152,280,112,263,86,220,98,172,126,142,67,161,34,106,15,72,0,45,99,148,90,81,83,37,80,0,132,151,137,121,128,156,121,184,163,159,171,115,181,85,191,57
33,153,279,113,264,86,220,98,171,126,141,68,162,35,107,16,73,0,45,100,149,91,81,83,37,80,0,132,151,138,121,129,158,121,186,164,159,171,114,181,85,191,56
33,154,280,114,263,87,219,99,171,127,141,68,162,35,107,16,73,0,45,100,149,91,82,84,37,81,0,133,151,138,121,129,157,122,185,164,159,172,115,182,85,191,57
33,152,279,112,263,85,220,97,172,126,142,67,160,34,105,15,72,0,45,99,148,91,81,83,37,80,0,132,151,137,120,129,157,121,184,163,159,171,115,181,85,190,56
33,152,278,112,261,85,218,97,170,125,141,67,159,34,105,15,72,0,44,99,147,89,80,82,36,79,0,131,149,136,120,127,156,120,183,162,157,170,113,180,83,190,54
33,153,279,112,262,85,218,96,170,124,141,67,160,34,105,15,72,0,44,99,148,90,81,83,37,79,0,131,150,136,121,127,156,120,184,163,158,171,114,181,84,190,55
33,153,277,113,261,86,217,98,169,126,140,68,159,35,104,16,71,0,44,100,147,91,80,83,36,79,0,132,149,138,120,128,156,121,183,164,157,171,113,181,83,190,54
33,154,278,114,262,86,218,98,170,126,140,68,159,35,104,16,71,0,44,101,147,91,80,84,36,80,0,133,149,138,119,129,155,122,182,164,158,172,113,181,84,190,55
33,154,277,114,262,86,218,98,170,126,141,69,159,35,105,16,72,0,45,100,147,92,80,84,36,81,0,132,149,137,120,128,156,121,183,163,157,171,113,180,84,189,55
33,152,276,111,260,84,216,95,169,123,142,67,157,34,103,15,70,0,43,99,145,91,79,83,35,79,0,132,148,136,119,126,155,119,183,163,156,171,112,180,82,189,54
33,153,276,112,261,85,218,96,170,123,142,67,159,34,105,15,72,0,44,100,147,91,80,83,36,80,0,132,149,136,120,126,155,119,183,163,157,171,113,181,83,190,54
33,153,279,112,263,85,219,96,171,125,142,67,160,34,106,15,73,0,45,100,147,90,81,83,36,80,0,132,150,136,120,127,156,120,184,163,158,171,113,180,84,189,55
33,152,280,111,263,83,219,94,170,123,142,67,160,34,105,15,72,0,44,99,148,90,81,82,36,79,0,131,151,136,121,127,158,119,185,162,159,170,115,180,85,189,56
33,152,279,112,263,84,220,95,171,124,142,67,160,34,105,15,72,0,44,99,148,91,80,83,36,80,0,132,150,136,120,127,156,120,184,163,158,171,114,181,84,190,55
33,151,279,110,262,84,219,94,170,122,142,67,160,34,106,15,72,0,44,99,148,90,81,83,36,80,0,131,150,135,120,125,157,117,185,162,158,170,114,180,84,190,55
33,152,278,112,261,85,218,95,170,123,141,68,159,34,104,15,71,0,43,100,147,91,79,83,35,80,0,132,149,136,119,126,155,118,183,163,157,171,113,181,84,190,55
33,152,278,111,261,84,218,94,170,122,141,67,160,34,105,15,72,0,44,99,147,91,80,83,36,80,0,131,150,135,120,125,155,117,183,162,158,170,113,180,84,189,55
33,152,276,111,260,84,217,94,169,123,141,66,158,34,104,15,71,0,43,99,146,91,79,83,35,80,0,131,148,135,119,125,156,117,184,162,156,170,112,180,83,189,53
33,156,278,114,262,86,219,95,171,122,144,68,160,35,105,16,72,0,46,101,148,93,81,85,36,82,0,133,151,137,124,125,160,117,187,165,159,172,115,182,85,190,55
33,154,277,113,261,85,217,96,170,124,143,68,158,35,104,16,72,0,44,101,146,92,80,84,36,80,0,133,149,136,121,126,158,118,185,164,157,172,113,181,84,190,55
33,154,276,112,260,84,217,95,170,122,142,68,158,35,104,16,72,0,45,100,147,92,80,84,36,80,0,133,149,135,121,125,157,117,185,164,158,171,113,180,84,188,54
33,155,275,113,260,84,216,94,169,121,142,69,158,35,104,16,71,0,44,102,146,93,80,84,36,80,0,135,148,137,121,125,157,117,185,166,156,174,112,183,82,191,53
33,154,276,112,260,84,216,94,169,121,141,69,159,35,104,15,70,0,43,101,147,92,80,84,36,81,0,133,150,135,121,124,157,117,185,164,158,172,113,181,83,189,54
33,152,277,110,261,82,217,91,169,119,143,67,158,34,104,15,71,0,43,99,146,91,80,84,36,80,0,132,149,134,121,123,157,115,185,163,157,171,113,180,84,189,55
33,153,277,111,260,84,216,93,168,121,141,68,158,34,103,15,70,0,43,100,146,92,80,84,36,81,0,132,149,135,120,124,155,116,182,163,157,171,112,181,83,190,54
33,151,277,109,260,81,216,92,168,121,141,67,157,34,103,15,71,0,43,100,146,91,80,83,36,80,0,132,149,135,121,124,157,116,185,163,157,172,112,181,83,190,54
33,150,276,108,259,80,215,92,167,121,140,66,157,33,103,15,70,0,43,99,145,91,80,83,36,79,0,131,148,134,120,123,155,115,183,162,156,170,112,180,83,189,54
33,150,276,108,259,81,215,92,167,120,141,66,157,34,103,15,70,0,44,99,145,90,79,83,36,80,0,131,148,133,120,123,155,115,182,162,156,170,113,180,83,189,55
33,150,276,107,259,80,214,91,166,120,140,65,155,33,102,15,69,0,42,98,144,91,79,83,35,80,0,131,147,134,118,122,154,113,182,161,156,170,112,180,83,189,54
33,149,275,107,259,80,214,89,165,116,139,65,156,33,102,14,69,0,42,98,144,90,79,82,35,79,0,130,147,133,119,121,155,112,182,161,155,169,112,179,82,188,53
33,149,274,108,257,81,213,91,165,118,137,66,154,34,100,15,68,0,41,99,143,91,78,84,35,80,0,131,146,134,118,122,155,114,183,161,154,169,111,179,82,188,53
33,148,275,107,258,80,214,90,166,118,139,65,155,33,102,14,69,0,43,98,144,90,79,83,36,79,0,130,146,132,118,121,155,112,182,161,154,170,111,179,82,189,52
33,149,275,107,260,80,216,89,168,116,141,66,156,34,103,15,70,0,43,98,145,91,79,83,36,79,0,130,148,132,120,121,156,112,183,160,156,169,113,178,83,187,54
33,150,276,109,260,82,216,90,168,118,141,66,157,34,103,16,70,0,43,99,145,92,79,84,35,81,0,131,148,133,120,122,155,114,183,162,157,170,113,179,83,188,54
33,150,275,109,259,81,215,90,167,117,139,66,156,34,102,15,70,0,43,99,145,91,79,84,36,81,0,131,147,133,119,122,155,113,183,162,155,170,112,180,82,189,53
33,151,277,108,261,81,217,89,168,114,141,66,157,34,104,15,71,0,44,99,146,91,80,83,37,80,0,131,149,133,121,121,157,112,185,162,157,170,114,180,84,188,54
33,151,276,108,260,81,215,89,168,114,142,66,157,34,104,15,71,0,44,99,145,91,80,84,36,80,0,131,149,134,121,121,157,112,185,162,157,170,113,179,83,188,54
33,153,276,110,260,82,217,91,169,118,143,67,157,35,104,16,71,0,44,100,145,92,79,85,36,81,0,132,148,133,121,122,158,114,185,163,157,171,113,180,84,189,54
33,152,277,109,261,81,218,90,170,119,143,67,158,34,104,15,72,0,44,99,147,92,80,85,36,81,0,132,150,134,122,122,158,113,186,163,158,171,114,180,85,189,55
33,152,277,110,263,82,219,90,170,117,143,67,159,34,105,15,73,0,45,100,147,92,80,84,36,81,0,132,150,133,122,121,158,113,185,163,158,171,114,180,85,189,55
33,152,276,110,261,82,217,92,168,119,141,68,157,35,103,16,71,0,44,101,145,93,79,85,35,82,0,133,148,134,120,123,156,115,183,163,156,172,113,181,83,190,54
33,151,276,109,260,81,216,89,168,117,142,66,157,34,104,15,71,0,44,99,145,91,79,84,35,81,0,131,148,132,120,120,155,112,182,162,157,171,113,180,84,188,55
33,151,275,109,259,81,215,89,168,117,140,66,156,34,103,15,70,0,43,99,145,91,79,84,36,80,0,131,148,132,120,121,156,113,183,161,156,170,113,179,84,188,54
33,151,275,108,259,82,215,89,167,113,140,66,155,34,102,15,70,0,43,99,145,92,79,84,35,81,0,132,148,133,120,121,156,111,184,162,156,171,112,180,83,189,53
33,151,275,109,259,82,216,89,168,114,140,66,156,34,103,15,70,0,44,99,145,91,79,84,36,81,0,132,148,133,119,121,155,112,183,162,156,171,113,180,83,188,53
33,152,275,110,259,82,216,90,168,117,141,67,157,35,104,16,71,0,44,100,146,92,80,85,36,82,0,132,149,133,120,122,156,114,184,163,157,171,113,180,84,188,54
33,153,276,111,259,83,216,92,168,120,141,69,157,35,103,16,70,0,43,101,145,94,79,87,36,83,0,134,148,135,120,124,155,116,183,165,157,173,113,181,84,190,55
33,152,276,110,259,82,216,91,168,120,141,68,156,34,103,15,70,0,43,100,145,93,79,86,35,83,0,133,148,133,121,122,156,115,183,163,156,171,113,180,84,188,55
33,153,275,111,259,83,216,93,169,120,143,69,157,35,104,16,72,0,45,102,145,95,79,87,35,84,0,134,148,135,121,123,157,116,184,165,156,173,113,182,84,190,55
33,151,276,109,259,82,216,92,169,119,143,67,157,35,104,15,72,0,45,100,145,94,79,86,36,83,0,133,149,135,122,123,157,115,185,164,158,172,114,181,85,190,56
33,153,275,111,259,84,215,94,168,121,143,69,156,35,103,16,71,0,44,102,145,95,79,87,36,83,0,134,148,136,121,125,156,117,183,165,157,173,113,182,84,191,55
33,151,273,109,257,82,214,91,167,117,140,67,155,34,103,15,70,0,44,100,144,93,79,86,35,83,0,133,147,134,120,123,156,115,183,164,155,172,112,181,83,190,53
33,151,273,110,257,82,214,91,167,118,140,68,155,35,103,15,71,0,44,101,144,94,79,87,35,83,0,134,146,134,120,123,156,115,183,164,154,172,111,181,83,190,54
33,151,272,109,257,82,214,90,167,116,139,68,155,35,102,15,70,0,43,100,144,93,78,85,35,82,0,133,146,133,119,123,155,115,182,163,154,171,111,180,82,189,53
33,152,273,111,257,83,215,92,167,119,140,69,155,35,103,15,71,0,44,101,144,93,79,86,36,82,0,133,146,135,119,124,154,116,181,164,155,171,112,180,83,189,55
34,147,260,104,244,79,210,89,171,109,143,66,141,33,92,15,60,0,35,97,128,82,68,71,31,66,0,131,130,132,87,122,102,116,121,165,141,184,102,200,77,215,54
34,147,260,105,244,80,209,90,169,110,141,66,140,33,90,15,59,0,34,98,128,84,68,73,30,68,0,132,130,133,88,122,103,115,122,166,141,185,102,201,77,216,53
34,146,260,104,245,79,210,89,170,108,142,66,142,33,93,14,61,0,36,97,129,83,69,72,31,67,0,131,131,131,87,119,105,113,125,164,142,184,103,200,78,215,54
34,147,260,105,244,80,210,89,170,109,142,66,142,34,92,15,61,0,36,97,129,83,69,72,31,66,0,131,130,132,88,121,102,114,120,165,141,184,102,200,76,215,52
34,147,257,105,242,80,208,89,168,109,140,67,140,34,91,15,60,0,35,97,127,83,68,72,30,66,0,131,128,132,87,121,101,115,119,165,139,184,100,200,74,215,51
34,147,258,105,243,79,208,89,168,109,139,66,141,33,92,15,60,0,35,97,127,83,68,72,30,67,0,131,129,132,86,120,101,114,120,165,139,184,101,200,75,215,52
34,147,258,105,242,80,208,89,168,109,139,66,142,33,92,15,61,0,35,97,129,83,68,72,31,67,0,131,130,132,87,121,102,114,120,165,141,184,102,200,76,216,53
34,147,259,105,243,80,208,89,168,107,140,66,140,33,91,15,60,0,35,97,127,83,67,72,29,66,0,132,129,132,85,120,101,113,120,166,140,185,101,201,75,216,52
34,148,259,106,242,81,208,90,168,107,138,67,141,34,92,15,61,0,36,98,127,83,68,72,30,66,0,132,129,132,86,122,101,115,118,166,139,185,101,201,75,216,53
34,147,258,106,243,81,209,89,169,106,140,66,141,33,92,14,61,0,35,97,128,82,68,71,30,66,0,131,129,131,86,121,101,114,119,165,140,184,101,200,75,215,52
34,150,257,108,242,83,208,92,169,109,140,68,142,34,92,15,61,0,36,99,128,84,68,73,30,68,0,133,129,133,86,122,102,116,120,167,140,186,101,203,75,218,52
34,148,258,107,242,82,209,90,169,108,140,68,142,34,92,15,61,0,35,98,128,84,68,73,30,67,0,132,130,133,88,122,101,116,118,167,141,186,102,202,76,217,53
34,146,257,105,241,80,207,88,167,107,139,67,141,33,91,14,60,0,35,97,128,83,67,72,30,66,0,131,129,131,87,120,101,113,118,165,139,184,100,200,74,215,51
34,147,256,105,241,79,207,88,167,107,138,66,141,33,92,15,61,0,36,97,127,82,68,71,30,66,0,131,128,131,85,120,101,114,119,165,139,184,100,200,74,215,51
34,147,255,105,240,80,205,89,164,106,135,67,140,33,91,15,60,0,35,97,127,82,67,71,29,66,0,131,128,131,86,120,99,113,115,165,138,183,99,199,72,213,50
34,147,255,106,241,81,207,90,167,106,138,67,141,34,92,15,61,0,36,97,128,82,68,71,30,65,0,131,129,130,87,119,101,112,118,165,139,184,100,199,74,214,51
34,147,256,106,240,81,206,89,166,106,137,67,141,34,93,15,61,0,37,97,128,82,68,71,30,65,0,131,128,130,86,119,100,112,117,165,138,184,100,199,74,214,51
34,149,256,107,241,83,206,91,166,107,137,68,141,34,92,15,61,0,36,98,128,83,68,72,30,67,0,132,128,131,87,120,100,113,117,166,139,185,100,201,74,215,51
34,147,256,106,242,81,209,90,170,106,141,66,143,33,93,15,62,0,37,96,129,82,69,71,31,66,0,130,130,129,87,119,102,112,120,164,140,183,101,199,75,214,51
34,148,257,106,242,82,208,90,168,107,140,68,142,34,93,16,62,0,37,98,129,84,69,73,30,68,0,132,130,131,88,120,102,113,119,166,140,185,101,200,75,215,52
34,149,257,108,242,83,208,91,168,107,139,68,143,34,93,15,62,0,37,99,129,84,69,73,31,69,0,133,130,132,88,121,102,114,119,166,140,186,101,201,75,216,52
34,147,255,107,240,82,207,90,168,107,140,68,142,34,93,15,62,0,37,98,128,83,68,72,30,67,0,132,129,131,87,121,100,114,117,165,139,185,100,200,74,215,52
34,148,258,107,243,83,208,90,169,107,140,68,143,34,94,15,63,0,38,98,129,84,69,73,31,67,0,132,130,131,87,119,102,112,120,166,140,185,101,200,75,215,52
34,148,256,107,241,82,207,90,167,107,137,68,142,34,92,15,61,0,36,98,128,83,68,73,30,68,0,131,129,130,87,119,102,112,119,165,139,184,101,200,75,215,52
34,148,255,107,240,82,207,90,167,107,138,67,141,33,92,15,62,0,37,98,128,83,68,72,30,67,0,131,128,131,87,120,101,113,118,165,138,184,99,199,73,214,50
34,148,255,107,240,82,207,90,168,108,139,68,141,34,92,15,61,0,37,98,128,84,68,74,30,69,0,132,129,131,87,120,100,114,116,165,139,185,100,200,74,215,51
34,147,255,106,241,81,207,89,167,106,139,67,140,34,91,15,60,0,35,97,126,83,67,72,29,67,0,131,127,130,85,119,99,112,116,166,137,184,98,200,72,214,49
34,147,256,106,241,81,208,89,168,105,139,66,142,33,94,15,63,0,38,96,128,82,68,71,30,66,0,130,129,130,87,120,101,113,117,164,139,183,100,199,74,214,51
34,147,256,106,241,80,208,88,168,106,139,66,142,33,93,15,62,0,37,97,129,83,68,72,31,67,0,130,129,130,87,119,102,112,119,164,139,183,100,199,74,214,51
34,147,255,106,241,81,208,89,169,105,140,67,142,33,93,15,63,0,38,97,129,82,69,71,31,66,0,130,129,130,87,120,102,113,119,164,139,184,100,199,74,214,51
34,148,256,107,242,82,210,90,171,107,141,67,143,34,94,15,63,0,38,97,129,83,69,72,31,67,0,131,130,131,88,121,102,115,120,165,140,185,101,201,75,216,52
34,148,256,107,242,82,209,89,169,106,139,67,142,34,93,15,61,0,36,98,129,83,68,72,30,67,0,131,130,131,88,120,101,113,118,166,140,185,100,200,74,215,51
34,149,256,108,241,83,209,90,169,107,140,69,142,35,92,16,61,0,36,99,128,84,69,73,31,68,0,133,129,132,88,121,101,115,117,167,139,186,100,201,74,216,51
34,148,256,107,241,81,208,90,168,107,140,68,141,35,92,16,62,0,37,98,128,84,68,73,30,67,0,132,128,131,86,121,101,114,118,166,139,185,100,201,74,216,51
34,149,256,108,241,84,207,91,166,108,137,69,142,35,93,16,62,0,37,99,128,85,68,74,30,68,0,133,129,132,85,121,101,115,120,167,139,186,100,202,73,217,50
34,147,257,106,243,81,209,89,169,106,141,67,144,33,94,15,63,0,38,97,129,82,69,72,31,66,0,130,130,130,87,120,101,113,118,164,140,184,101,200,75,216,51
34,149,257,108,242,83,208,91,167,107,139,69,142,35,93,16,62,0,38,99,129,84,68,73,30,68,0,132,129,132,88,121,100,115,117,166,140,185,101,201,75,216,52
34,148,257,107,242,82,208,90,168,107,139,68,143,34,94,16,63,0,38,98,129,84,69,73,31,68,0,132,130,131,88,119,102,113,119,166,140,185,101,201,75,216,51
34,147,256,106,241,81,207,88,167,106,137,67,142,34,93,15,62,0,37,97,129,83,68,72,30,67,0,132,129,131,87,119,101,112,118,166,139,185,100,201,74,216,51
34,147,258,106,242,81,208,89,167,105,139,67,142,34,93,15,62,0,37,98,129,84,68,72,30,67,0,132,129,131,86,118,102,111,121,166,140,185,101,201,75,216,51
34,148,258,106,243,81,209,90,168,107,139,68,143,34,94,15,63,0,37,98,129,83,69,72,31,67,0,133,130,132,88,121,101,115,118,167,140,186,101,202,75,217,52
34,149,257,108,242,83,208,92,168,109,139,69,142,34,93,15,62,0,37,99,128,84,68,73,30,67,0,133,129,132,87,122,100,116,116,167,139,187,100,203,74,218,52
34,149,258,107,243,82,208,90,168,107,139,68,142,34,93,15,62,0,37,99,128,84,68,73,30,68,0,133,129,132,86,121,100,114,118,168,139,187,100,202,74,217,51
34,150,259,108,244,83,210,92,170,108,141,70,143,35,94,16,63,0,38,100,129,85,69,74,30,68,0,134,130,133,88,122,102,115,119,168,140,187,101,203,74,218,51
34,149,257,108,242,83,207,91,166,108,138,69,142,35,93,15,62,0,37,99,128,84,68,73,30,68,0,134,128,132,86,121,100,114,116,168,138,187,99,203,73,218,51
34,149,258,107,243,82,207,91,167,108,138,68,143,34,93,15,62,0,38,99,129,83,68,72,30,67,0,132,130,131,87,120,101,113,117,166,140,186,101,202,75,217,52
34,148,257,107,242,82,208,90,168,107,140,68,143,35,94,16,63,0,39,98,129,84,68,72,30,67,0,132,129,131,87,119,102,112,119,166,139,186,101,202,75,217,52
34,147,257,105,242,81,207,88,166,104,137,67,143,33,94,14,63,0,39,97,129,82,68,71,30,65,0,131,129,129,87,118,101,110,118,164,140,183,101,199,75,214,52
34,148,256,107,241,83,206,89,166,105,137,69,142,35,93,15,62,0,37,99,128,84,68,73,29,67,0,133,129,131,87,119,101,112,118,167,138,186,100,202,74,217,51
34,149,258,107,243,82,208,90,167,107,138,69,143,35,93,16,62,0,38,100,129,85,68,73,30,68,0,134,130,133,87,121,102,113,120,168,140,187,100,202,74,217,51
34,149,257,107,242,82,207,90,167,107,139,69,143,35,94,15,63,0,38,99,129,84,69,73,30,68,0,133,129,132,87,120,101,113,118,167,139,186,100,202,74,216,51
34,149,258,107,243,82,208,90,167,106,138,68,143,34,94,15,64,0,39,99,130,84,69,73,31,68,0,133,130,132,87,120,102,113,120,167,140,186,101,202,75,217,52
34,149,258,107,243,82,207,90,166,106,137,69,143,35,95,15,64,0,39,99,129,84,69,73,30,67,0,133,130,132,88,120,103,113,121,167,140,186,101,202,74,217,51
34,148,259,107,243,82,209,90,169,106,140,69,144,35,95,16,64,0,40,99,129,83,69,72,30,67,0,133,130,132,89,120,101,113,117,167,140,186,101,201,75,216,52
34,149,256,108,242,83,207,89,166,106,136,70,143,35,95,16,64,0,40,100,129,85,69,74,30,69,0,134,130,132,88,120,101,113,117,168,140,186,101,202,74,216,52
34,148,257,107,242,82,208,90,167,107,139,69,143,35,94,16,64,0,39,99,129,84,68,72,30,67,0,133,129,131,87,119,101,112,119,167,139,186,100,201,74,216,51
34,147,258,106,242,81,208,88,167,104,137,68,143,34,95,15,64,0,40,98,129,83,69,72,30,66,0,132,129,131,88,120,101,113,118,166,139,185,101,201,75,216,52
34,148,258,106,243,80,207,88,165,105,136,68,144,34,95,15,64,0,40,99,130,84,69,73,30,68,0,133,130,131,88,119,102,112,119,166,140,185,102,201,75,216,53
34,148,258,107,243,82,208,89,167,103,137,69,144,35,95,16,63,0,38,99,130,84,69,73,30,67,0,133,130,131,88,119,102,112,119,167,140,185,101,201,75,216,52
34,147,257,106,242,81,206,88,164,105,134,69,142,35,94,15,63,0,38,99,129,84,68,72,30,66,0,133,129,131,88,119,101,111,117,167,139,185,101,201,75,215,52
34,146,256,105,242,79,206,87,165,104,135,67,142,34,94,15,63,0,38,98,129,83,68,72,30,67,0,131,129,130,88,118,100,111,116,165,139,184,100,200,74,215,51
34,148,255,106,241,80,207,88,166,105,137,69,142,34,93,15,62,0,37,99,128,85,68,74,30,69,0,133,128,130,86,118,101,110,118,167,138,185,100,201,74,215,52
34,146,255,104,240,79,205,87,164,103,134,67,142,34,94,15,63,0,38,97,128,83,68,72,30,67,0,131,129,129,87,117,100,109,116,164,139,183,100,199,74,214,52
34,146,255,104,240,78,205,87,164,104,134,67,142,34,93,15,62,0,37,98,128,83,68,72,29,67,0,131,129,130,87,118,99,111,115,165,138,184,100,199,74,214,52
34,147,255,106,240,81,205,89,165,105,136,68,141,35,93,16,62,0,37,98,127,84,67,73,29,68,0,132,128,131,87,119,100,112,116,166,138,185,99,201,73,216,51
34,147,256,105,242,79,207,87,165,104,135,69,143,35,93,15,62,0,37,99,129,84,68,73,30,68,0,133,129,131,88,119,100,112,116,166,139,185,100,201,74,216,52
34,147,257,106,242,80,208,88,167,106,139,68,143,35,94,16,63,0,38,98,129,84,68,73,30,68,0,132,130,131,88,119,101,112,117,166,140,185,101,201,74,216,52
34,147,256,106,242,81,208,89,167,105,137,68,143,35,94,16,63,0,38,98,129,84,68,73,29,68,0,132,129,131,88,120,100,113,116,166,139,185,100,201,74,216,52
34,147,256,106,242,80,208,87,167,103,138,68,143,34,93,15,62,0,37,98,129,84,68,73,30,68,0,132,130,131,87,118,101,111,118,166,140,185,101,201,74,216,51
34,147,257,106,243,80,209,88,168,104,140,68,144,34,95,15,64,0,39,98,130,83,69,72,30,67,0,132,130,130,88,118,103,111,120,165,140,185,102,200,76,215,53
34,147,256,106,241,80,206,87,165,103,136,68,142,34,93,15,62,0,38,98,128,84,68,73,30,68,0,132,129,129,86,117,101,110,118,166,138,184,100,200,74,215,51
34,147,256,105,241,80,207,87,166,104,137,68,142,34,93,15,63,0,38,98,129,84,68,72,30,67,0,132,129,130,88,118,100,112,116,165,139,184,100,200,74,214,51
34,147,255,106,240,80,205,88,164,105,135,68,143,35,94,16,63,0,38,99,129,84,69,73,30,68,0,133,130,131,88,119,101,111,118,166,139,185,101,201,75,216,52
34,147,256,106,241,80,206,87,165,103,136,68,143,34,93,15,63,0,38,98,129,83,68,73,30,67,0,132,129,130,88,118,101,111,118,165,139,184,100,200,74,215,52
34,147,256,106,241,80,207,87,166,104,137,68,142,34,93,15,62,0,37,98,128,84,68,73,30,68,0,132,129,130,87,117,102,110,120,166,138,185,100,201,73,216,50
34,145,255,104,240,78,206,85,164,102,134,66,142,33,92,15,62,0,36,96,128,82,67,71,29,66,0,130,129,128,87,115,100,108,117,164,138,183,100,198,74,213,51
34,147,256,107,241,80,207,87,166,103,137,68,142,35,93,16,62,0,37,98,128,83,68,73,30,68,0,132,129,131,87,118,101,111,118,166,139,185,100,201,74,215,52
34,147,256,106,240,81,206,89,166,105,137,68,142,35,93,16,62,0,37,99,128,84,68,73,30,68,0,132,129,131,88,119,100,112,116,166,139,185,100,201,75,216,52
34,148,257,106,243,81,207,89,167,106,137,69,143,35,94,16,62,0,37,99,129,84,68,73,30,68,0,133,130,131,89,120,102,112,118,167,140,186,101,201,75,217,52
34,146,256,105,241,81,207,89,166,105,137,68,142,35,93,15,62,0,37,98,128,83,68,72,30,67,0,132,129,131,87,119,101,112,117,166,139,185,100,201,74,215,51
34,147,255,106,240,81,206,89,166,105,136,68,141,35,92,15,61,0,36,98,127,83,68,72,30,67,0,132,128,130,86,119,100,112,116,165,138,184,100,201,74,216,50
34,146,253,105,239,80,205,87,165,103,136,68,140,34,91,15,61,0,36,98,127,83,67,72,30,67,0,132,127,129,85,117,100,110,118,165,137,184,98,200,73,214,50
34,147,254,107,239,81,205,88,164,104,135,68,142,35,93,16,62,0,37,99,128,84,67,73,30,68,0,132,128,130,86,118,100,112,117,165,138,184,99,200,74,215,51
34,147,255,106,241,81,206,89,166,105,136,68,143,34,93,15,62,0,37,98,128,84,68,73,30,68,0,132,128,131,86,119,100,112,117,166,138,185,100,201,74,216,51
34,148,255,106,241,81,206,89,165,105,136,69,143,35,94,16,63,0,38,100,129,85,68,73,30,68,0,133,129,131,87,119,102,112,121,167,139,186,100,202,75,216,52
34,147,257,105,241,81,207,89,166,106,137,68,143,34,94,15,63,0,38,99,129,84,69,72,31,67,0,133,130,131,88,120,102,113,119,166,140,186,101,201,75,216,52
34,146,256,105,241,80,206,88,165,104,136,68,142,34,93,15,62,0,37,99,128,84,68,73,30,67,0,133,128,131,86,119,101,112,119,166,139,186,100,202,74,217,51
34,147,256,105,241,80,206,88,165,105,136,68,142,35,93,15,62,0,37,98,128,84,68,73,30,68,0,132,129,132,87,120,101,113,118,167,139,186,101,202,75,218,53
34,147,257,105,242,80,208,88,166,104,137,68,143,35,94,16,63,0,37,99,130,84,69,73,31,68,0,133,131,132,88,120,102,114,119,167,141,186,102,202,76,217,54
34,148,258,106,243,81,209,89,168,105,138,69,145,35,96,16,65,0,39,99,131,84,70,73,31,68,0,133,131,132,90,121,103,114,118,166,141,186,102,202,76,217,54
34,147,255,106,240,81,205,89,165,104,136,69,142,35,93,16,62,0,38,99,128,84,68,73,29,68,0,133,128,131,88,120,99,114,114,166,138,186,99,202,73,217,50
34,147,256,106,241,81,206,89,165,105,136,69,143,36,94,16,63,0,39,99,129,85,68,74,30,69,0,133,129,131,88,120,100,113,116,166,139,186,100,202,74,218,51
34,147,256,106,242,81,207,88,166,103,137,69,143,35,94,16,63,0,39,99,129,85,68,74,30,68,0,133,129,131,88,119,103,111,120,167,139,186,100,202,74,217,51
34,148,255,106,240,81,205,88,163,104,133,68,142,35,93,16,63,0,38,99,128,84,68,73,30,68,0,132,129,131,88,120,100,113,115,166,138,185,100,201,74,216,52
34,146,256,105,241,81,206,88,165,102,135,67,142,34,93,15,63,0,38,98,128,83,68,72,30,67,0,132,129,130,87,118,101,111,118,166,138,185,100,201,75,216,52
34,148,256,107,242,82,207,88,166,103,135,69,142,35,94,16,63,0,38,99,129,84,68,73,30,68,0,133,129,131,88,120,101,113,116,167,139,186,101,202,75,217,52
34,149,257,108,242,83,208,91,168,106,138,69,142,35,93,16,62,0,38,100,128,84,68,74,30,68,0,133,129,132,88,121,100,115,116,167,139,187,100,203,75,218,52
34,148,257,107,243,82,208,88,167,104,138,68,143,35,94,15,63,0,38,99,129,84,69,73,31,68,0,133,130,131,87,119,103,112,121,167,140,186,101,202,75,218,52
34,147,256,106,241,81,207,88,166,105,137,69,142,35,93,16,62,0,37,99,127,84,67,73,29,68,0,133,128,132,85,120,101,112,118,167,138,187,99,202,74,217,51
34,148,257,107,243,82,209,90,168,105,139,70,144,36,95,16,64,0,39,100,130,86,69,75,31,70,0,134,130,133,88,120,103,112,121,167,140,187,102,203,76,218,53
34,149,256,107,242,81,206,89,164,106,134,70,143,36,94,17,63,0,38,100,129,85,68,74,30,69,0,134,130,133,88,120,102,113,119,168,139,187,101,203,75,218,53
34,147,256,106,241,81,205,89,164,105,135,68,143,34,94,15,63,0,39,98,129,84,68,73,30,67,0,132,130,131,87,118,102,110,120,166,139,185,101,201,75,216,52
34,147,255,106,240,80,206,88,165,105,136,68,142,34,93,15,62,0,37,98,128,83,68,72,30,67,0,132,129,130,87,119,101,112,117,166,138,185,100,201,75,216,52
34,148,256,106,242,81,208,89,166,104,138,68,143,34,94,16,63,0,38,99,129,84,68,73,31,68,0,133,129,131,87,119,102,112,119,167,139,186,101,201,76,216,53
34,147,256,105,241,80,206,88,165,104,136,67,142,34,93,15,62,0,37,98,128,84,68,73,30,68,0,132,129,131,87,119,101,112,119,166,139,186,101,202,75,217,52
34,147,257,105,242,80,207,89,165,105,136,68,143,34,94,15,63,0,39,99,129,84,68,74,30,68,0,133,130,132,87,120,102,113,119,167,140,186,101,203,75,218,52
34,147,259,106,244,81,208,90,167,106,138,68,145,34,95,15,64,0,39,99,130,84,69,73,31,68,0,133,131,133,89,120,104,113,122,167,142,187,103,203,77,219,54
34,146,259,104,244,80,208,89,168,105,139,67,145,34,95,15,64,0,39,98,131,83,70,73,31,67,0,132,131,132,89,121,104,113,121,166,141,186,102,202,76,218,53
34,147,259,105,244,80,209,88,168,105,138,68,145,34,95,15,64,0,39,98,131,83,70,72,31,67,0,132,131,132,89,121,103,114,120,166,142,186,103,202,77,217,53
34,148,258,105,243,81,207,89,166,106,136,69,144,35,94,15,63,0,37,99,130,84,69,73,30,68,0,133,130,133,88,121,102,114,119,167,141,187,102,204,75,219,52
34,147,257,104,242,80,207,89,166,105,137,67,143,34,94,15,63,0,38,98,129,84,68,73,30,67,0,133,129,132,86,120,102,113,119,166,140,186,101,202,75,218,52
34,147,258,105,243,80,208,88,167,104,138,67,145,34,96,15,64,0,39,98,131,83,70,72,31,67,0,132,131,131,88,119,104,112,122,166,141,185,103,202,77,218,54
34,146,256,105,242,80,207,89,167,105,138,67,142,34,93,15,62,0,36,98,129,84,68,73,30,68,0,132,130,132,87,120,102,113,120,166,140,186,101,202,76,217,53
34,148,256,106,241,81,206,89,165,106,135,69,142,36,93,16,62,0,37,100,128,85,68,74,30,68,0,134,129,133,86,122,101,115,119,168,139,187,101,204,75,219,52
34,149,259,107,243,83,208,92,167,108,138,69,143,36,93,16,62,0,36,100,130,85,69,74,31,69,0,135,131,134,88,123,101,117,118,169,142,188,102,205,76,220,53
34,149,259,108,244,84,210,92,169,108,139,70,145,36,94,16,63,0,36,101,131,86,70,76,31,71,0,135,132,135,89,124,104,117,121,169,143,189,103,205,77,220,54
34,149,261,108,246,84,210,94,170,109,143,70,145,37,95,17,63,0,37,101,131,86,71,76,32,71,0,135,132,135,90,124,106,117,124,169,144,189,104,206,78,222,54
34,148,260,106,245,82,210,91,169,107,140,69,146,35,95,16,63,0,37,99,132,85,70,74,32,69,0,134,133,134,89,122,105,115,124,169,144,189,105,205,78,220,55
34,149,261,107,246,83,211,92,170,109,141,69,146,35,95,16,63,0,37,100,132,86,70,75,31,70,0,134,133,135,90,123,106,116,124,168,144,188,105,205,78,221,55
34,149,258,108,243,84,209,93,169,108,141,69,143,36,93,16,61,0,35,100,130,85,69,75,31,70,0,135,131,134,88,123,103,117,122,169,142,189,102,206,76,221,53
34,149,260,107,245,83,209,91,169,107,141,69,145,36,95,16,63,0,37,100,131,86,70,76,32,71,0,134,132,134,89,123,104,116,123,168,143,189,104,206,78,222,54
34,150,260,109,245,85,210,93,170,108,140,70,145,36,95,16,63,0,37,101,131,86,70,76,31,72,0,135,132,136,88,124,103,117,122,169,143,190,104,206,78,221,55
34,150,259,108,244,83,209,91,168,108,139,70,144,36,93,16,62,0,36,101,130,87,69,76,31,71,0,135,131,135,87,124,104,117,123,169,142,190,103,206,77,222,53
34,149,261,107,246,83,211,92,170,108,141,69,146,36,95,16,63,0,37,100,131,85,70,75,32,70,0,135,132,134,88,122,105,116,124,169,143,189,104,205,78,221,54
34,151,259,109,245,84,210,93,170,109,142,71,144,37,93,17,61,0,36,102,130,87,69,76,31,72,0,136,131,136,88,124,104,117,122,171,142,191,103,207,76,223,53
34,149,261,107,245,83,209,92,168,108,140,70,145,36,94,17,62,0,36,101,131,86,70,76,32,70,0,135,132,135,89,124,104,117,122,169,143,189,104,206,78,221,54
34,150,260,107,244,84,208,92,167,108,139,70,144,37,94,17,63,0,37,101,131,87,70,76,31,71,0,136,132,135,88,123,104,116,124,170,142,190,103,206,77,222,53
35,123,302,73,281,27,238,0,200,27,171,59,162,39,119,37,153,44,186,94,148,87,80,89,39,93,0,130,154,133,89,139,47,143,6,164,172,168,121,174,87,179,54
35,125,301,75,280,28,238,0,200,28,170,59,162,40,119,38,152,44,185,95,149,89,80,90,39,93,0,132,154,135,89,139,47,143,6,166,172,169,120,175,86,179,53
35,126,300,76,280,28,238,0,201,29,172,59,162,40,119,38,152,45,186,95,148,89,81,90,40,93,0,131,153,134,89,139,47,141,6,165,171,169,120,174,87,179,54
35,128,299,77,278,28,236,0,198,30,170,60,161,40,118,40,152,46,184,96,146,89,80,90,39,93,0,133,151,134,87,138,45,140,5,167,168,169,117,175,84,179,52
35,127,299,76,279,28,237,0,198,30,170,58,161,39,119,39,152,46,185,95,147,88,80,89,39,92,0,131,151,133,87,137,46,140,5,166,169,169,118,174,85,179,53
35,127,299,76,279,28,235,0,196,31,168,58,160,39,118,39,151,47,184,94,146,88,79,89,39,91,0,131,151,132,86,136,45,138,4,165,168,168,117,173,84,178,51
35,126,300,75,279,27,236,0,197,29,169,57,162,38,119,37,152,45,185,93,147,86,80,87,39,89,0,130,152,131,87,135,45,136,5,165,169,167,118,172,84,176,52
35,126,300,75,279,28,236,0,198,29,170,58,161,38,119,37,152,44,186,94,147,86,80,87,39,90,0,130,152,131,87,134,45,136,5,165,170,166,118,171,85,175,52
35,126,300,76,279,28,237,0,199,28,171,58,161,38,120,37,153,45,187,94,148,87,80,87,39,90,0,130,152,131,87,134,45,136,5,164,170,166,119,171,85,176,53
35,127,300,77,280,29,237,0,199,29,170,59,161,39,119,39,153,46,187,94,147,88,80,88,39,91,0,131,151,133,87,136,45,138,5,166,169,168,118,173,85,177,52
35,127,300,77,280,28,237,0,199,29,171,58,161,39,119,39,153,47,186,94,147,87,80,88,40,90,0,131,151,132,87,135,45,137,4,165,169,167,117,173,84,177,51
35,127,298,76,278,28,236,0,198,29,169,58,161,38,119,38,151,46,184,94,147,86,80,87,40,90,0,130,151,131,87,134,45,136,4,165,169,167,117,173,84,177,51
35,126,299,76,279,28,237,0,199,28,169,57,163,38,120,38,153,45,186,93,148,86,81,87,40,89,0,129,152,131,87,133,45,135,3,164,169,166,118,171,84,175,51
35,128,300,77,280,28,236,0,198,31,170,58,162,39,119,39,152,47,184,95,148,88,80,88,39,91,0,131,152,133,87,135,45,137,4,166,169,169,118,174,84,178,51
35,127,301,76,280,28,237,0,199,30,170,58,163,38,120,39,153,46,186,94,148,87,81,88,40,90,0,130,152,132,88,134,46,136,5,165,170,168,119,173,85,177,52
35,128,300,77,280,28,237,0,199,30,171,58,162,39,120,39,153,46,186,94,148,88,81,88,40,91,0,131,152,132,87,135,46,137,5,166,169,168,118,173,85,177,52
35,126,300,75,279,27,236,0,198,30,170,58,162,38,120,38,152,45,185,93,148,86,81,87,40,90,0,130,152,130,87,133,45,135,4,165,169,166,117,172,84,176,51
35,125,297,75,277,27,235,0,197,28,167,56,162,37,119,37,151,45,184,92,148,85,80,86,40,89,0,128,151,128,85,129,43,129,2,163,168,166,116,171,83,175,50
35,126,297,76,278,28,235,0,197,29,169,56,162,37,119,39,151,47,184,92,147,86,80,87,40,90,0,129,150,129,85,130,43,130,2,165,167,167,116,172,82,176,49
35,125,296,75,276,27,235,0,197,28,168,55,160,37,118,38,151,46,184,91,146,85,79,86,39,88,0,128,150,127,84,128,42,128,1,163,166,165,115,170,81,174,49
35,126,298,75,278,27,236,0,197,29,168,56,162,37,119,38,151,46,183,92,148,85,80,86,39,89,0,129,151,127,85,129,43,129,3,164,167,167,116,172,82,176,50
35,126,299,75,278,27,235,0,196,29,169,56,162,37,119,38,151,46,183,92,148,85,80,86,39,89,0,129,151,128,85,129,43,129,3,165,168,167,116,172,82,176,50
35,126,299,75,278,27,235,0,196,29,168,56,162,37,119,39,151,47,183,92,147,85,80,86,39,89,0,129,151,128,85,129,43,129,3,165,168,167,116,172,82,176,50
35,126,298,75,278,27,235,0,196,29,167,56,162,37,118,38,150,45,182,92,147,85,79,85,38,88,0,129,150,127,84,127,42,127,2,165,167,167,115,171,81,175,48
35,125,298,74,278,27,235,0,196,28,166,56,162,36,119,37,150,44,182,92,148,84,80,85,39,88,0,129,151,126,85,126,43,126,3,165,167,166,116,171,82,175,50
35,127,299,76,278,28,236,0,196,30,168,56,162,38,119,39,151,48,184,92,148,85,80,86,39,89,0,130,151,127,84,127,42,127,2,166,167,168,115,173,81,177,49
35,126,299,75,277,27,235,0,196,30,168,56,161,37,118,39,150,47,183,92,147,85,79,86,39,89,0,129,150,126,84,126,42,126,2,165,166,167,115,172,81,176,49
35,125,299,75,278,27,236,0,197,29,170,54,162,35,119,38,151,47,183,90,147,83,79,85,39,88,0,127,151,125,84,125,42,124,2,164,167,166,115,171,82,175,50
35,126,301,75,280,27,237,0,197,30,171,55,162,36,119,39,152,48,184,91,148,84,81,86,40,89,0,129,152,126,86,126,44,126,3,165,169,166,117,171,83,175,50
35,126,299,74,277,27,233,0,194,30,169,56,160,37,117,37,150,45,183,91,147,84,80,86,39,89,0,128,150,125,84,125,42,125,2,164,167,165,115,170,81,174,49
35,125,297,74,275,27,232,0,192,30,167,55,159,37,117,38,149,46,181,90,145,84,79,85,38,88,0,127,149,124,83,124,42,123,2,163,165,164,114,168,81,172,49
35,124,294,72,274,26,231,0,190,30,164,53,160,36,116,39,147,48,178,88,145,83,78,85,38,89,0,125,148,122,83,123,42,123,2,161,164,162,113,167,80,171,48
35,121,296,71,273,26,232,0,194,29,167,55,160,38,116,36,147,42,180,90,147,84,80,86,39,90,0,126,150,124,85,125,44,125,6,162,166,165,115,169,82,172,51
35,122,299,72,278,26,235,0,195,29,169,54,163,36,119,37,150,44,182,89,149,84,81,86,40,90,0,126,153,124,87,125,45,126,6,163,169,165,118,170,84,173,51
35,123,300,72,278,27,233,0,193,29,167,54,161,37,117,38,148,45,181,90,147,84,80,86,39,90,0,127,151,124,85,125,44,125,5,163,167,165,116,170,82,174,50
35,123,300,72,278,27,234,0,194,29,168,54,162,37,117,37,148,45,181,89,148,83,80,85,39,90,0,126,151,123,86,124,45,124,6,162,167,164,116,169,82,173,51
35,123,299,71,278,26,233,0,194,29,167,54,162,37,117,38,148,45,180,89,148,83,80,86,39,90,0,126,151,124,86,124,45,124,6,162,167,164,116,169,83,172,50
35,122,301,71,278,26,233,0,194,28,168,54,161,36,117,37,148,45,181,89,147,83,80,85,39,90,0,125,151,123,86,124,45,124,6,161,167,164,116,168,83,172,51
35,123,300,72,277,27,234,0,195,29,169,54,162,37,117,37,148,45,180,90,148,84,81,86,39,91,0,126,152,124,86,124,45,124,6,162,168,164,117,169,83,173,51
35,123,298,72,276,27,232,0,194,29,167,54,161,36,117,38,148,46,180,89,147,83,80,85,39,90,0,126,151,123,85,124,44,124,5,162,167,164,116,168,82,171,50
35,122,299,72,276,26,232,0,193,27,166,53,161,35,118,36,148,44,180,87,148,82,80,83,39,86,0,123,151,121,86,121,45,121,6,159,167,161,116,165,83,167,52
35,122,295,71,274,27,231,0,192,27,163,53,160,35,116,36,147,44,178,87,146,81,79,82,39,86,0,123,149,120,85,120,44,119,6,159,164,160,114,164,81,167,50
35,119,293,70,271,25,230,0,190,26,161,51,159,34,115,34,145,41,176,85,146,80,79,81,38,85,0,121,149,119,84,119,44,118,6,156,164,158,114,162,81,164,50
35,120,293,71,271,25,229,0,189,29,161,52,160,34,116,36,145,44,176,87,146,81,79,82,38,85,0,122,148,120,84,120,44,119,6,158,163,159,113,163,80,165,49
35,120,295,71,274,25,232,0,192,28,164,52,161,34,116,35,146,43,177,86,147,80,80,81,39,84,0,122,150,119,85,119,45,118,6,157,165,158,115,162,82,165,51
35,120,293,71,272,26,230,0,191,27,162,52,158,34,115,35,145,43,176,86,145,80,79,81,38,85,0,121,148,119,84,118,44,118,6,157,163,158,113,162,81,164,50
35,119,294,70,273,25,231,0,191,27,162,51,160,34,116,35,146,43,177,85,146,80,80,82,39,85,0,121,149,118,86,118,45,117,7,156,164,157,114,161,81,163,50
35,118,292,69,270,24,230,0,190,28,161,51,160,34,115,35,144,43,175,85,147,80,80,81,39,85,0,120,150,118,86,117,46,117,8,156,164,158,114,161,81,164,51
35,119,293,70,272,25,231,0,191,28,162,52,159,35,114,36,144,43,175,86,146,80,79,82,39,86,0,121,149,118,85,118,45,118,7,157,164,158,113,162,81,165,50
35,119,292,70,271,25,231,0,190,28,161,51,160,34,115,35,145,43,175,86,146,80,79,82,39,86,0,121,149,119,85,119,45,118,7,157,164,159,114,163,81,166,50
35,119,292,69,271,24,230,0,190,30,161,51,160,34,116,35,144,43,174,86,146,81,80,82,38,86,0,121,149,119,85,119,45,118,8,157,164,159,114,163,81,166,51
35,121,292,71,272,25,231,0,190,30,161,52,160,36,115,37,144,44,174,87,146,82,80,84,39,87,0,122,149,120,86,120,45,119,7,158,164,159,114,163,81,166,51
35,120,294,70,273,25,232,0,192,29,163,52,161,35,116,36,146,44,177,86,148,81,81,83,39,86,0,121,151,120,87,119,46,118,8,157,166,159,116,162,83,165,52
35,121,295,70,274,25,232,0,192,30,164,52,161,35,117,37,146,44,176,87,148,81,81,83,39,87,0,122,151,120,87,120,46,119,8,158,166,160,115,164,82,167,51
35,120,294,69,271,24,232,0,191,31,163,53,161,36,117,36,145,43,175,87,148,82,81,84,39,88,0,122,151,121,88,121,47,120,9,158,166,161,116,165,83,168,52
35,120,296,70,274,25,234,0,193,31,165,52,163,36,118,36,147,43,177,87,149,83,82,85,40,88,0,123,153,122,89,122,48,121,10,158,168,162,118,166,84,169,54
35,120,296,70,274,24,234,0,192,31,164,52,162,36,117,37,146,44,177,87,149,82,81,85,40,89,0,123,152,121,88,122,47,121,9,158,167,162,117,166,84,170,53
35,121,296,71,274,25,234,0,193,31,164,53,162,36,116,37,145,44,175,88,148,84,81,86,39,90,0,124,152,123,87,123,46,123,8,160,167,163,117,167,84,171,53
35,121,297,71,276,25,234,0,193,30,165,53,162,36,117,37,146,44,178,88,148,83,81,85,39,89,0,123,152,122,87,123,46,122,8,159,167,162,117,167,84,171,53
35,121,296,71,275,25,234,0,193,31,163,53,163,36,117,37,146,44,176,88,149,83,81,85,39,89,0,123,152,122,87,123,46,123,8,158,167,162,116,167,83,171,52
35,120,297,70,274,24,234,0,193,31,164,52,162,36,117,36,146,43,177,87,149,83,81,86,39,90,0,123,152,122,88,123,47,123,9,158,168,162,117,167,84,171,53
35,119,296,69,275,23,234,0,193,31,164,52,163,35,117,36,146,43,176,87,149,83,81,85,39,90,0,122,153,122,88,123,46,123,8,158,168,162,117,167,84,171,53
35,121,297,70,275,24,234,0,193,31,165,52,162,36,117,37,146,44,177,88,149,83,81,86,39,91,0,124,152,123,87,124,46,123,8,160,168,163,117,168,83,172,52
35,121,298,70,276,24,235,0,194,31,164,53,164,36,118,37,147,44,177,88,150,83,81,86,39,90,0,124,153,123,88,123,47,123,9,160,169,163,118,168,84,172,53
35,121,300,70,277,24,236,0,194,31,166,54,164,37,118,37,147,44,178,89,151,84,82,87,40,90,0,124,154,123,89,124,48,124,9,160,170,163,118,168,85,172,54
35,122,299,71,277,25,236,0,194,32,166,54,164,38,118,38,148,44,179,89,150,85,81,88,39,92,0,125,154,124,89,125,48,125,9,161,170,164,118,169,85,174,54
35,120,301,70,278,24,236,0,195,31,167,53,165,36,118,37,149,44,180,88,151,85,82,87,40,92,0,125,154,124,89,125,48,125,9,161,170,164,118,169,85,173,54
35,122,301,71,279,25,237,0,196,32,168,54,166,38,120,38,149,45,180,90,152,86,83,89,40,93,0,126,155,126,90,127,48,127,10,162,171,165,119,170,86,175,55
35,122,302,70,279,24,238,0,196,31,168,53,165,36,119,37,149,44,180,89,152,85,82,88,40,92,0,125,155,124,89,126,48,126,9,162,171,165,119,170,86,174,54
35,122,302,70,280,24,237,0,195,33,166,54,164,37,118,38,148,46,179,90,150,85,81,88,39,93,0,126,153,125,88,126,46,126,8,162,169,165,117,170,84,174,53
35,122,303,71,281,25,239,0,197,31,168,54,165,37,119,38,149,45,180,89,151,86,82,89,40,93,0,126,155,125,89,126,48,127,9,162,171,165,119,170,86,175,55
35,121,300,69,278,24,236,0,195,30,166,52,163,36,118,37,147,44,178,88,150,85,81,88,39,92,0,125,154,124,88,125,47,126,8,161,169,164,118,169,84,174,53
35,121,300,70,278,25,237,0,195,31,166,54,164,37,118,38,147,44,178,89,151,86,81,89,39,93,0,125,154,125,88,126,47,126,9,161,170,164,118,169,85,174,54
35,121,301,70,279,24,237,0,196,30,167,52,165,35,119,36,148,43,179,88,151,84,82,87,40,91,0,124,155,123,89,124,48,125,9,160,171,163,119,168,86,172,55
35,121,300,70,277,24,236,0,194,30,165,52,164,36,118,36,147,43,178,88,150,84,81,87,39,91,0,124,154,123,88,124,47,125,8,159,169,162,118,168,85,172,54
35,120,299,69,276,24,235,0,193,31,163,53,163,36,117,36,146,43,177,88,150,84,81,87,39,92,0,124,153,123,88,124,46,124,8,159,169,163,117,168,84,172,53
35,120,299,70,277,23,235,0,194,30,164,52,164,35,118,36,147,43,178,87,151,84,81,87,39,92,0,123,154,123,88,124,47,124,9,159,169,162,117,167,84,172,54
35,119,298,68,276,23,235,0,194,30,163,52,163,35,117,35,146,42,177,87,150,83,80,86,39,90,0,123,153,121,87,122,46,122,8,158,169,162,117,167,84,171,53
35,120,299,70,276,24,235,0,194,29,165,52,163,36,117,36,145,43,177,88,150,85,80,88,38,92,0,124,153,123,87,125,46,125,8,159,169,163,117,168,84,173,53
35,120,299,69,276,23,235,0,194,30,164,51,163,35,117,36,146,43,177,87,150,84,80,87,39,91,0,123,153,123,87,124,46,124,8,159,169,163,117,168,84,173,53
35,120,298,69,276,24,235,0,193,30,164,52,164,36,117,36,146,42,177,87,150,84,80,87,39,91,0,123,153,122,87,124,46,124,8,159,168,163,117,168,83,173,53
35,120,301,71,278,25,236,0,195,30,167,53,163,37,117,37,147,44,179,89,150,86,81,89,39,93,0,125,154,125,88,126,47,126,8,161,170,165,118,170,85,174,54
35,119,299,68,277,23,235,0,193,30,163,51,163,35,116,36,145,43,177,86,150,83,80,86,38,91,0,122,153,122,87,124,46,124,8,159,169,162,117,168,84,172,53
35,120,300,70,278,24,236,0,195,30,165,52,164,36,118,37,147,44,179,87,150,84,81,88,39,92,0,124,154,124,88,125,47,125,9,160,170,164,119,169,86,173,54
35,120,298,68,276,23,234,0,192,30,163,52,163,36,117,36,146,43,176,87,150,84,81,87,39,92,0,123,153,123,87,125,46,125,8,159,169,164,117,169,84,173,53
35,120,298,69,276,24,234,0,192,31,164,52,163,36,117,37,145,44,176,87,150,84,81,87,39,92,0,124,153,123,88,125,46,125,8,159,169,164,118,169,85,174,54
35,120,298,69,276,23,235,0,193,31,162,52,164,36,117,37,146,43,177,87,150,84,81,87,39,92,0,123,154,123,88,125,46,125,8,159,169,164,118,169,84,173,53
35,121,299,70,276,25,235,0,194,30,164,53,163,37,117,37,146,44,177,88,149,86,80,89,38,93,0,124,153,124,87,126,46,126,7,160,168,164,117,170,84,174,53
35,121,298,70,276,24,235,0,193,31,163,52,164,36,117,37,145,44,176,88,150,85,80,88,38,93,0,124,153,124,87,125,45,126,7,161,168,165,116,170,83,175,52
35,120,299,70,277,24,235,0,194,31,164,53,164,36,117,37,146,44,177,88,150,85,81,88,39,93,0,124,154,124,88,126,47,126,8,160,170,165,118,170,85,175,53
35,121,298,69,276,24,234,0,193,31,163,53,164,37,117,37,146,43,177,88,150,85,81,88,39,93,0,124,153,124,87,125,46,125,8,160,169,164,117,170,84,174,53
35,120,298,68,276,23,234,0,192,30,163,52,164,36,117,36,146,43,177,87,150,83,81,87,39,91,0,123,153,123,87,124,46,124,8,159,168,163,116,169,83,173,52
35,121,299,69,277,23,236,0,194,31,165,52,165,36,118,37,147,44,178,88,151,84,81,88,40,93,0,124,154,124,88,125,46,125,8,160,169,164,117,170,84,174,53
35,121,300,70,278,24,236,0,195,30,166,53,164,36,118,36,148,43,180,88,151,85,82,87,40,92,0,124,154,124,89,125,48,125,9,160,170,164,119,169,85,173,54
35,120,298,69,276,24,235,0,193,30,164,52,164,36,117,36,146,43,177,88,150,84,81,88,39,92,0,124,153,123,88,125,46,125,8,160,169,164,118,170,85,174,54
35,121,300,69,278,23,236,0,194,30,165,52,164,36,118,36,147,43,178,88,151,84,82,88,40,92,0,124,154,124,88,125,47,125,9,160,170,164,118,169,85,174,54
35,120,300,69,278,24,236,0,194,30,165,52,164,35,118,36,147,43,178,88,151,84,82,88,40,92,0,124,154,123,89,125,48,125,9,160,170,164,119,169,86,174,54
35,121,299,70,277,24,235,0,193,31,164,52,164,36,118,37,147,44,178,88,151,85,82,88,40,93,0,125,154,124,88,125,47,126,9,161,169,164,118,169,85,174,54
35,121,299,69,277,24,235,0,194,30,165,52,165,36,118,36,146,43,177,88,151,84,81,87,40,91,0,124,154,123,88,125,47,125,8,160,170,164,118,169,85,174,53
35,120,299,69,276,24,235,0,193,30,163,52,164,36,117,37,146,43,177,88,151,84,81,88,39,92,0,124,154,123,88,124,46,124,8,160,169,163,117,169,84,174,53
35,120,299,69,276,24,234,0,192,30,162,52,163,36,117,36,146,43,177,88,149,84,80,87,39,91,0,124,153,123,87,124,46,124,8,160,168,164,116,169,83,173,52
35,121,299,70,277,24,235,0,193,30,165,53,164,36,118,37,147,44,178,89,151,85,82,88,39,93,0,125,154,124,88,125,47,125,9,161,169,165,118,170,85,174,54
35,122,299,71,278,24,236,0,194,31,165,53,165,37,118,38,147,45,178,89,151,85,82,88,40,93,0,125,154,124,88,125,47,125,8,161,169,165,118,170,85,175,54
35,121,298,69,276,24,235,0,193,30,164,53,163,36,117,37,145,44,176,88,149,85,80,88,39,93,0,125,153,124,87,126,46,126,8,161,169,165,117,170,84,174,53
35,120,298,69,275,23,233,0,191,30,163,52,163,36,117,37,146,44,176,88,150,85,81,88,39,93,0,124,153,124,87,125,46,126,8,160,168,164,117,169,84,173,53
35,120,297,69,274,24,233,0,192,30,163,53,163,36,118,37,146,43,176,88,150,85,81,88,39,93,0,124,153,123,88,125,46,125,8,160,168,164,118,169,84,174,53
35,121,299,70,277,24,235,0,193,30,164,53,164,37,117,37,147,44,178,88,150,85,81,89,40,94,0,124,154,124,88,126,47,126,9,160,169,164,118,170,85,174,54
35,120,299,68,277,23,235,0,193,30,165,52,164,36,118,37,146,44,178,87,150,84,81,88,39,93,0,124,154,123,88,125,48,125,9,160,169,163,118,169,85,174,54
35,121,299,69,277,24,235,0,193,30,165,52,164,37,118,38,147,45,177,88,151,86,82,89,40,94,0,125,154,125,89,127,48,127,9,161,170,165,119,171,86,176,54
35,120,298,69,276,24,235,0,193,30,163,52,165,36,117,37,146,43,177,88,151,85,82,89,40,93,0,124,154,125,88,127,47,127,8,160,169,165,118,170,85,175,53
35,120,298,69,276,24,235,0,193,30,165,52,165,36,119,37,147,44,178,88,151,85,82,89,40,93,0,124,154,125,88,127,47,127,9,160,169,165,118,171,85,176,54
35,120,300,69,276,24,235,0,193,30,165,53,165,37,118,38,147,44,178,89,151,86,82,90,40,95,0,125,154,126,89,128,48,128,9,160,170,165,119,172,86,177,55
35,120,299,69,277,24,236,0,194,30,164,52,166,37,119,38,147,45,177,88,152,86,82,90,40,94,0,125,155,126,89,129,48,130,9,161,171,166,119,173,86,178,55
35,120,300,70,278,24,236,0,194,30,165,53,166,36,119,38,147,45,177,89,152,86,83,89,40,94,0,125,155,127,89,129,48,129,9,161,171,166,120,172,86,177,55
35,122,298,71,276,25,234,0,192,31,164,54,165,38,118,40,146,47,177,90,151,87,81,90,40,95,0,126,153,128,87,130,46,131,7,162,168,168,118,174,84,179,53
35,122,300,70,277,25,235,0,193,31,166,54,166,38,119,40,147,47,178,90,152,88,83,91,40,95,0,126,155,128,89,131,48,131,9,162,170,168,119,174,86,179,54
35,121,298,70,276,25,234,0,192,31,164,53,165,38,118,39,146,47,176,89,151,86,81,90,39,94,0,125,153,127,87,129,46,130,7,161,169,167,118,173,84,178,53
35,121,298,70,276,24,234,0,192,31,163,53,164,37,117,38,145,45,175,89,150,86,81,90,39,95,0,125,153,128,87,130,46,131,7,161,169,167,118,174,84,179,52
35,120,298,70,276,25,234,0,192,31,164,52,165,37,118,39,146,46,176,89,150,86,81,90,40,94,0,125,153,127,88,130,47,131,8,161,169,167,118,173,85,179,53
35,121,298,70,276,24,234,0,193,29,163,52,165,37,118,38,146,46,177,88,151,85,81,89,40,93,0,124,154,126,88,129,46,130,7,160,169,166,118,172,85,177,53
35,120,296,70,274,25,233,0,191,30,162,52,163,36,117,38,145,46,176,88,149,85,80,88,39,92,0,124,152,126,87,128,46,129,7,159,168,165,117,171,84,176,52
35,120,296,70,275,24,233,0,192,30,163,52,164,36,117,38,145,45,175,87,150,85,81,88,39,93,0,124,153,125,87,128,46,128,7,159,168,165,117,171,84,176,53
35,120,298,69,276,24,234,0,192,29,164,52,165,36,118,37,146,45,177,88,151,85,82,89,40,94,0,124,154,125,88,128,47,128,8,159,169,165,119,171,85,176,54
35,119,298,69,276,24,235,0,193,29,164,51,164,36,118,36,146,43,176,87,151,85,81,88,40,93,0,123,154,124,88,126,47,127,9,158,170,164,118,170,85,175,54
35,120,298,69,276,23,234,0,192,31,164,52,164,37,117,38,145,44,176,88,151,86,81,89,39,94,0,125,154,126,88,128,47,128,9,161,170,166,119,171,85,175,54
35,120,299,69,277,24,234,0,192,30,164,52,164,37,117,38,147,45,178,88,150,86,81,89,39,93,0,125,154,126,88,128,47,128,8,160,170,165,119,171,85,175,54
35,120,299,69,276,24,234,0,192,30,164,53,164,37,117,37,145,45,176,88,151,86,81,89,40,94,0,125,154,125,88,127,47,128,8,160,170,165,118,171,85,176,53
35,121,299,70,277,24,234,0,192,30,162,52,165,37,117,38,146,45,177,88,150,85,81,89,39,94,0,125,153,125,87,127,46,128,8,161,169,165,117,171,84,176,53
35,119,298,68,275,23,233,0,191,30,163,52,164,36,117,37,145,44,176,88,150,85,81,89,39,94,0,124,153,125,87,126,46,127,7,160,168,165,117,171,84,175,53
35,121,298,70,276,24,234,0,192,31,164,53,164,38,117,39,146,46,177,89,150,87,81,90,39,94,0,126,153,126,88,128,47,128,8,162,169,166,118,171,85,176,53
35,121,298,69,275,24,233,0,192,30,162,54,164,38,117,38,145,45,175,89,150,87,81,90,39,95,0,126,153,126,88,128,46,128,8,161,168,166,117,172,84,177,53
35,121,297,69,275,24,233,0,191,30,162,53,164,37,117,38,145,45,175,89,150,86,81,89,39,93,0,125,153,125,87,126,46,127,8,161,168,165,117,170,84,174,53
35,121,297,70,275,25,234,0,192,31,163,54,165,38,117,40,146,47,176,90,151,87,81,90,40,94,0,126,154,127,88,129,47,129,8,162,169,166,118,172,85,176,53
35,120,297,68,275,24,233,0,191,29,161,52,164,36,117,37,145,44,175,87,150,85,80,88,39,92,0,124,153,124,87,126,46,126,8,159,168,164,117,169,84,174,53
35,120,296,69,273,24,232,0,190,30,161,53,164,37,117,39,145,46,175,88,150,86,81,89,39,93,0,125,152,125,87,127,46,127,8,160,167,165,116,170,84,175,53
35,120,295,69,273,24,232,0,190,30,161,53,164,37,117,39,145,46,175,88,149,85,80,89,39,93,0,124,152,125,87,127,46,127,8,160,167,165,117,170,84,175,53
35,121,296,69,274,24,232,0,191,31,162,53,164,38,117,39,145,46,176,89,150,86,81,90,39,94,0,125,153,125,87,127,46,128,7,160,168,165,117,171,84,176,53
35,120,297,68,275,24,233,0,191,31,163,52,164,37,117,38,145,45,175,88,150,85,81,89,40,92,0,124,153,125,87,127,46,127,7,160,168,164,117,170,84,175,53
35,121,297,70,275,25,234,0,192,32,164,54,165,39,119,39,147,46,177,90,151,87,83,90,41,94,0,126,154,127,89,128,47,128,8,162,169,166,118,172,85,177,54
35,121,297,69,275,23,234,0,192,32,162,52,165,37,118,39,146,46,176,89,151,86,82,89,40,94,0,125,154,125,88,127,47,127,7,160,169,165,118,171,85,175,53
35,120,297,69,275,23,235,0,192,31,163,53,165,37,118,38,146,45,175,89,151,86,82,89,40,94,0,125,154,126,88,128,47,128,7,160,169,165,118,171,85,176,53
35,120,296,69,275,23,234,0,191,32,161,52,166,37,119,39,147,46,176,88,151,85,81,89,40,93,0,124,153,125,87,127,46,128,7,160,168,166,118,172,84,176,53
35,120,297,68,275,23,233,0,191,31,163,52,165,36,118,38,146,46,176,88,151,84,82,87,40,91,0,125,153,124,88,125,47,125,8,161,169,165,117,171,84,176,53
35,122,297,70,275,24,234,0,191,32,162,53,166,37,118,40,146,47,176,88,151,84,82,87,40,90,0,125,154,124,87,125,46,125,7,161,169,166,118,172,84,177,53
35,121,297,70,275,24,234,0,192,31,164,53,165,37,118,39,146,46,177,89,151,85,82,87,40,90,0,125,154,125,88,126,47,126,8,161,169,166,118,172,85,177,54
35,120,296,69,275,24,233,0,191,30,162,52,165,36,117,38,145,46,175,88,151,83,82,86,40,88,0,124,153,123,88,124,47,124,8,161,168,165,118,171,85,175,53
35,120,295,69,273,24,230,0,188,31,160,53,163,36,115,38,142,45,172,88,149,84,80,86,39,89,0,124,152,123,86,124,45,124,7,160,167,164,116,170,83,175,52
35,119,296,69,274,24,232,0,189,31,162,52,164,36,116,38,143,45,173,87,150,84,81,86,39,89,0,124,152,123,87,124,46,124,9,160,167,164,116,170,83,174,53
35,120,296,69,273,24,232,0,189,32,160,52,163,36,116,38,143,45,172,88,149,84,80,87,39,90,0,124,152,124,87,125,46,125,8,160,167,165,116,170,83,175,52
35,119,296,68,274,24,233,0,190,30,160,52,164,36,116,37,143,45,173,87,150,83,81,86,39,89,0,123,153,123,88,124,47,124,9,159,168,164,117,170,84,174,53
35,119,298,68,276,24,234,0,191,30,163,51,165,35,118,37,145,44,174,87,151,83,82,86,40,89,0,123,154,122,88,123,47,123,9,159,169,163,118,169,85,174,54
35,118,298,69,275,24,232,0,190,30,162,53,164,37,117,38,144,45,175,87,150,84,81,87,39,90,0,123,153,123,88,124,46,124,8,159,168,164,118,170,85,174,53
35,120,297,70,276,24,234,0,192,30,164,51,165,36,117,37,145,45,175,87,151,84,81,87,39,90,0,123,153,123,88,124,47,124,9,159,168,164,117,170,84,174,54
35,119,296,68,275,24,232,0,190,30,161,52,164,36,117,37,144,44,174,87,150,84,81,86,39,90,0,123,153,123,88,124,47,124,9,159,168,164,117,169,84,174,53
35,120,296,69,274,25,232,0,190,31,163,53,163,38,116,38,143,45,173,88,150,84,81,87,39,91,0,124,153,123,87,124,46,124,8,160,168,165,117,171,84,176,53
35,120,297,69,274,24,232,0,190,31,163,53,164,37,117,38,144,45,174,88,150,85,81,87,39,90,0,124,152,124,87,125,46,125,9,160,167,165,117,170,84,175,53
35,120,296,70,275,24,232,0,190,31,162,53,164,37,117,38,144,45,175,88,150,84,81,87,39,90,0,124,153,123,87,124,46,124,8,160,167,164,116,170,83,174,53
35,120,295,70,273,25,231,0,189,30,161,52,163,35,116,38,144,46,174,87,149,83,80,85,39,88,0,123,151,122,86,123,45,122,7,159,166,163,115,169,82,173,51
35,121,294,70,273,25,231,0,188,31,161,53,162,37,115,39,143,47,173,88,149,84,80,86,39,89,0,124,151,123,86,124,45,123,7,160,166,164,115,170,83,174,52
35,120,295,70,274,24,232,0,189,30,161,51,163,35,116,37,143,45,173,86,149,82,80,85,39,88,0,122,152,122,86,123,46,122,8,158,166,163,116,168,83,172,52
35,120,295,70,273,25,231,0,189,31,161,52,163,36,116,38,143,46,173,87,149,84,80,86,39,89,0,123,152,122,86,123,45,123,7,159,167,163,116,169,83,173,52
35,120,295,70,272,25,231,0,189,31,162,52,162,36,116,38,144,45,174,87,149,83,80,86,38,89,0,123,151,122,86,123,45,123,7,159,166,164,116,169,83,173,52
35,120,294,69,273,24,231,0,189,32,161,52,163,36,117,38,144,46,173,87,149,84,80,86,39,90,0,123,152,122,86,124,46,123,8,159,167,164,116,170,83,175,52
35,120,297,70,275,24,233,0,191,30,163,52,165,36,118,37,146,44,176,87,151,83,81,85,39,89,0,123,154,122,88,124,47,123,9,159,169,164,118,169,85,173,54
35,119,295,69,274,24,231,0,189,30,160,52,164,36,116,37,143,44,173,87,150,83,80,85,39,88,0,123,152,122,87,123,46,123,7,159,167,163,116,169,83,173,52
35,118,296,69,274,24,233,0,191,29,161,52,164,35,117,37,144,44,173,87,150,82,81,84,39,88,0,122,153,121,87,122,46,122,8,158,168,163,118,169,85,174,54
35,118,294,69,273,24,231,0,189,28,159,51,163,35,116,36,143,42,173,86,149,82,80,83,39,87,0,122,152,121,86,122,45,122,7,158,167,163,116,169,84,173,53
35,120,295,69,273,25,232,0,189,29,159,52,164,36,116,37,143,44,173,87,150,83,81,85,39,88,0,123,153,122,87,123,46,122,7,159,168,163,117,169,84,173,52
25,205,248,144,243,82,213,38,193,0,186,113,123,92,67,76,31,63,0,148,118,146,96,147,145,148,180,185,119,186,101,179,150,169,182,221,125,229,77,234,46,237,11
25,204,249,144,244,82,214,38,193,0,186,112,125,91,68,76,33,63,0,148,120,146,97,147,146,147,182,184,121,186,102,178,151,169,183,220,126,228,78,234,47,236,12
25,204,248,144,243,82,212,38,191,0,185,113,124,92,67,76,32,63,0,148,119,145,96,146,145,147,180,185,120,185,100,178,149,169,181,220,126,228,77,233,46,236,10
25,205,248,145,243,83,213,39,192,0,185,114,125,93,68,77,33,64,0,149,119,147,95,147,144,148,179,186,121,187,101,179,150,170,182,222,126,229,78,234,47,237,11
25,205,247,145,242,83,212,38,191,0,184,113,123,92,67,76,32,63,0,148,118,147,94,147,142,147,178,185,119,187,100,179,149,169,180,221,124,229,76,234,46,237,10
25,205,246,145,241,83,212,39,191,0,183,114,123,93,67,77,31,64,0,149,117,147,94,147,142,148,178,186,118,187,98,179,147,170,179,222,123,230,75,236,44,238,9
25,205,246,145,241,83,213,38,191,0,183,113,124,92,67,77,32,64,0,148,118,146,94,147,142,147,177,185,119,187,97,179,146,169,178,221,124,229,76,234,45,237,9
25,204,246,144,242,83,213,38,192,0,184,113,124,92,67,76,32,63,0,148,118,146,94,146,141,147,176,185,119,186,99,178,148,169,180,220,124,228,76,233,45,236,10
25,204,245,144,241,82,212,38,191,0,182,112,123,91,67,75,32,62,0,147,117,145,92,146,140,147,176,183,118,185,97,177,146,168,179,219,123,227,75,232,44,235,9
25,205,245,145,241,83,212,38,190,0,182,113,123,92,67,76,32,63,0,148,117,146,93,147,141,148,176,184,118,186,97,178,145,169,178,220,123,228,75,233,44,236,9
25,205,245,145,240,84,212,39,191,0,182,113,123,93,67,77,32,64,0,149,117,146,94,148,141,149,176,185,118,186,98,179,146,171,178,220,124,228,76,234,45,237,10
25,205,245,144,240,83,212,38,191,0,182,113,123,92,67,77,32,65,0,148,118,146,94,148,142,149,177,184,119,185,98,179,147,171,179,220,124,228,76,234,46,238,11
25,205,244,144,239,83,211,38,190,0,182,114,122,94,67,78,32,66,0,149,117,147,92,148,140,149,175,185,118,186,97,179,145,171,177,220,123,229,75,234,45,238,10
25,204,244,144,239,83,210,38,189,0,181,113,122,92,66,77,31,65,0,148,116,145,91,146,139,148,174,184,118,185,96,178,145,171,177,219,123,228,75,234,44,237,9
25,204,245,144,240,83,212,38,191,0,182,113,123,92,67,77,33,65,0,148,117,145,93,146,141,148,176,184,118,185,96,178,145,170,177,219,123,228,76,233,46,237,11
25,204,244,144,239,83,210,38,190,0,181,113,122,92,67,78,32,65,0,148,117,145,92,147,140,150,175,184,117,185,96,178,144,171,176,219,122,228,75,234,45,238,10
25,203,244,143,239,83,211,38,189,0,181,113,123,93,66,78,32,66,0,148,117,146,93,147,140,149,175,185,118,186,96,179,144,170,176,220,123,229,75,235,45,240,10
25,203,242,143,237,82,208,38,187,0,178,113,121,92,66,78,31,65,0,148,115,145,90,146,138,148,174,184,116,185,94,178,142,171,175,219,121,227,74,234,44,238,9
25,202,241,142,236,82,208,37,187,0,177,112,121,92,66,77,32,65,0,147,115,144,90,145,138,148,173,183,116,184,93,177,141,170,173,217,121,226,74,233,44,237,9
25,202,241,141,236,82,208,37,187,0,178,112,121,92,66,77,31,65,0,147,115,143,90,145,138,147,173,182,116,184,93,177,141,170,174,217,121,227,74,233,44,236,9
25,201,242,142,237,82,209,38,188,0,179,112,122,92,66,77,32,65,0,147,116,144,91,145,139,147,174,183,117,184,94,177,143,169,175,218,122,227,75,233,45,236,11
25,201,241,142,236,82,208,38,187,0,178,112,121,92,66,77,32,65,0,147,115,144,90,145,138,147,173,183,116,184,93,177,141,170,174,218,121,227,74,233,44,237,9
25,201,241,142,236,82,208,37,187,0,178,112,121,92,66,78,32,66,0,147,115,144,90,145,138,147,173,183,116,184,94,177,141,170,173,218,122,227,74,233,44,237,9
25,202,242,141,236,82,208,38,186,0,177,112,120,92,65,78,32,66,0,147,115,144,89,146,137,147,172,183,116,184,93,178,141,170,173,218,121,227,74,233,44,237,9
25,202,242,141,236,82,208,37,186,0,177,112,120,92,65,78,31,66,0,147,115,144,89,146,137,147,172,183,116,184,93,178,141,170,173,218,122,227,74,233,44,237,9
25,202,242,143,237,82,208,38,186,0,178,112,120,93,65,78,31,66,0,147,115,145,89,146,137,148,173,183,116,185,93,178,142,170,174,218,122,227,74,233,44,236,9
25,204,245,143,239,82,209,38,187,0,178,113,122,93,66,78,32,66,0,148,116,146,90,147,138,148,173,184,117,186,94,178,142,170,175,219,123,229,75,235,45,239,10
25,205,245,144,239,83,209,38,187,0,178,113,122,94,66,79,32,68,0,149,116,145,91,147,139,149,175,185,117,186,94,179,141,171,174,220,123,229,75,236,45,241,10
25,204,245,143,238,83,209,38,187,0,178,114,122,95,66,80,32,68,0,149,116,146,90,148,138,150,174,185,117,186,94,179,142,171,175,221,123,230,75,236,45,240,10
25,202,244,142,239,81,209,37,187,0,179,112,121,93,65,78,31,66,0,147,115,145,89,146,136,148,172,183,117,185,93,178,142,170,175,219,122,228,75,235,44,239,9
25,202,244,142,238,82,209,37,187,0,178,112,120,92,65,78,31,65,0,148,115,145,88,146,136,148,172,184,116,185,93,178,141,170,174,219,122,228,74,235,43,239,8
25,200,244,141,238,81,209,37,187,0,179,110,121,90,66,76,31,64,0,146,116,143,88,144,136,146,172,182,117,183,93,176,141,168,174,217,123,226,75,233,44,238,9
25,200,243,140,238,81,209,37,188,0,179,111,121,91,66,76,32,64,0,146,115,143,90,144,138,146,174,182,116,183,93,176,141,168,174,216,122,226,75,233,44,238,9
25,205,243,145,237,84,207,39,185,0,177,115,121,94,66,79,31,67,0,150,115,147,90,149,138,151,174,186,116,187,93,181,142,173,174,221,121,231,74,238,45,243,10
25,205,244,145,238,84,208,39,186,0,178,115,122,94,66,79,32,67,0,150,116,147,91,149,139,151,175,186,117,187,94,180,143,173,175,221,122,231,75,238,45,242,11
25,205,245,145,239,85,208,39,186,0,179,114,122,94,67,79,32,66,0,150,115,147,91,149,140,150,175,186,117,188,95,180,144,173,176,221,122,231,75,238,45,243,11
25,204,245,143,239,83,208,38,187,0,178,113,121,93,66,78,32,66,0,149,116,146,91,147,139,149,175,185,117,187,95,179,143,171,176,220,123,229,76,237,46,241,11
25,204,245,144,239,84,209,38,187,0,177,113,122,92,66,77,32,65,0,149,116,146,91,147,140,149,175,185,118,186,95,179,144,171,176,220,123,229,76,236,45,241,11
25,205,245,145,239,84,209,39,187,0,178,114,122,93,66,78,32,66,0,150,116,147,92,149,140,150,176,186,118,187,96,180,145,172,177,221,123,230,76,237,46,242,11
25,205,244,144,238,84,208,39,186,0,177,113,122,93,66,78,32,65,0,149,116,146,92,148,140,149,175,185,117,186,96,179,144,171,176,220,123,229,75,236,45,241,10
25,206,245,145,239,84,209,39,187,0,178,114,122,94,67,79,32,66,0,150,117,147,92,149,140,151,175,186,118,187,97,180,145,172,177,220,123,230,76,237,46,242,11
25,205,243,145,238,85,207,40,185,0,176,116,121,96,66,81,32,68,0,151,116,149,91,150,140,152,175,188,117,189,95,181,144,173,176,222,122,232,75,239,45,243,10
25,206,244,146,238,85,207,40,184,0,176,117,121,97,65,82,31,69,0,152,115,149,91,151,139,152,175,188,117,189,96,182,144,173,176,223,122,232,75,239,45,244,11
25,205,243,145,238,85,207,39,184,0,176,116,121,96,66,81,31,69,0,152,116,148,91,150,140,151,175,188,117,188,96,181,144,173,176,222,123,231,76,238,46,243,11
25,206,244,146,238,85,208,39,185,0,175,116,122,96,66,81,31,68,0,152,116,148,91,149,139,151,175,188,117,188,96,181,144,173,176,222,123,231,76,238,46,243,11
25,206,244,146,238,85,208,39,185,0,176,116,122,96,66,81,32,69,0,151,116,148,92,149,140,151,177,188,118,188,96,181,144,173,176,222,123,231,76,238,46,242,11
25,206,244,145,238,84,208,39,185,0,176,116,122,96,67,82,32,69,0,151,117,148,92,149,140,151,176,188,118,188,96,180,144,173,176,222,123,231,76,238,46,242,11
25,207,244,146,238,84,207,39,184,0,177,116,122,96,66,81,32,69,0,152,116,148,92,150,140,152,176,188,117,188,96,181,144,174,176,223,123,232,76,239,46,243,11
25,206,244,146,238,84,208,39,185,0,177,115,122,95,66,81,32,68,0,151,116,148,91,150,140,152,176,187,117,188,96,181,144,174,176,222,122,230,76,238,46,242,12
25,206,243,146,237,84,207,39,184,0,175,115,121,95,65,80,31,68,0,151,115,148,90,149,139,151,175,187,116,188,95,181,143,174,175,222,121,230,75,238,45,242,11
25,207,244,146,238,85,208,39,185,0,177,116,122,95,66,81,31,68,0,151,116,148,91,150,140,152,176,187,117,188,95,181,143,174,175,222,123,231,76,238,46,242,11
25,207,244,146,238,85,208,39,185,0,177,116,122,96,66,81,31,68,0,151,116,148,91,150,140,152,176,187,117,188,95,181,143,174,175,222,123,231,76,238,46,242,11
25,207,244,146,238,85,208,39,186,0,177,116,121,96,66,81,32,68,0,151,116,148,91,150,139,152,175,187,117,188,95,181,143,174,175,222,122,231,76,238,46,242,11
25,207,244,146,238,85,208,39,185,0,177,116,121,96,65,81,31,69,0,152,115,149,90,151,139,153,175,188,117,189,95,182,143,175,175,223,122,232,75,239,45,244,11
25,207,244,146,238,85,207,39,185,0,177,116,121,96,65,81,31,69,0,152,115,149,91,150,139,153,175,188,117,189,95,182,143,175,175,223,122,232,75,239,45,244,11
25,208,244,147,238,85,208,39,186,0,177,116,122,96,66,81,32,69,0,152,116,149,91,151,140,153,176,188,117,189,95,183,143,175,175,223,122,232,75,239,46,244,11
25,206,244,146,238,85,208,39,186,0,177,116,121,96,66,81,32,69,0,151,115,149,92,151,140,152,176,188,117,189,95,182,143,174,176,223,122,232,75,239,46,244,11
25,206,244,146,238,85,208,39,186,0,177,116,121,96,66,81,32,69,0,152,116,149,92,151,140,152,176,188,117,189,95,182,143,174,176,223,122,232,75,239,46,244,11
25,208,244,147,238,86,208,40,186,0,177,117,121,97,66,82,32,70,0,153,115,150,91,151,140,153,176,189,117,190,95,183,143,175,176,224,122,233,75,240,46,245,11
25,208,244,147,238,85,208,39,186,0,177,116,121,96,66,82,31,69,0,152,115,149,91,151,140,153,177,188,116,189,95,182,143,175,175,223,122,232,75,239,45,244,11
25,208,244,147,238,85,208,39,186,0,177,116,121,96,66,82,32,69,0,152,115,149,91,151,140,153,177,188,116,189,95,182,143,175,175,223,122,232,75,239,45,244,11
25,207,246,147,239,85,209,39,188,0,179,116,122,95,66,81,32,68,0,151,116,148,92,150,141,152,177,187,117,188,96,182,144,174,176,222,122,231,75,239,45,244,11
25,208,245,147,239,86,209,39,187,0,179,116,122,96,66,82,32,70,0,152,116,150,91,151,140,153,176,188,117,190,96,183,144,175,177,223,123,233,75,240,45,245,11
25,207,245,146,240,85,209,39,187,0,179,115,122,95,66,80,32,69,0,151,116,148,91,150,140,152,177,187,117,188,96,182,145,175,177,222,123,232,76,239,46,244,11
25,207,246,146,240,85,209,39,187,0,179,115,122,95,67,81,32,69,0,151,116,148,91,150,140,153,177,187,117,189,96,182,145,175,177,222,123,232,76,239,46,244,11
25,207,245,146,239,85,209,40,187,0,179,116,122,96,66,82,32,70,0,152,116,149,92,152,140,154,176,188,117,190,96,183,144,175,177,223,123,232,75,240,46,245,11
25,207,245,146,239,85,209,39,187,0,179,116,122,96,66,82,31,70,0,152,116,149,92,152,141,153,177,188,117,190,96,183,144,175,176,223,122,232,75,240,45,245,11
25,208,245,147,239,85,209,39,188,0,180,116,122,96,66,81,32,69,0,152,116,150,92,152,141,153,177,188,117,190,95,183,144,175,177,223,122,232,75,240,46,245,11
25,207,245,146,239,85,210,39,188,0,181,116,122,95,66,81,32,68,0,151,117,149,92,150,141,152,177,187,118,188,96,182,144,174,177,222,123,231,76,239,46,243,11
25,208,246,147,241,86,211,40,189,0,181,117,124,97,68,82,33,69,0,152,118,150,93,151,141,152,178,189,119,189,96,183,145,175,177,223,124,232,77,239,47,244,12
25,208,245,147,239,86,210,40,188,0,180,117,123,97,67,82,32,69,0,152,117,149,92,151,141,152,177,189,118,189,95,182,144,175,176,223,123,232,76,239,46,244,11
25,207,244,146,239,85,209,40,188,0,180,117,122,96,67,82,32,69,0,152,117,150,92,151,141,153,177,188,118,190,95,183,144,176,177,223,123,232,76,239,46,244,11
25,207,244,146,239,86,210,40,188,0,180,117,122,96,67,82,32,69,0,152,117,150,92,152,141,153,177,188,118,190,95,183,144,176,177,223,123,232,76,240,46,244,11
25,207,246,147,241,86,211,40,189,0,181,116,123,96,67,81,32,69,0,152,117,149,93,151,142,153,179,188,118,189,95,183,144,176,177,223,123,232,76,240,46,244,11
25,207,246,148,240,86,210,40,188,0,180,117,123,96,66,81,31,68,0,152,117,149,92,151,141,153,178,188,117,190,94,183,143,176,176,223,123,232,75,239,46,244,11
25,209,246,148,241,87,211,40,189,0,181,118,123,97,67,82,32,69,0,153,118,150,93,152,142,154,179,189,118,190,96,184,145,177,177,224,124,233,77,240,47,245,12
25,207,245,147,240,86,210,40,188,0,180,116,122,96,66,81,31,69,0,152,117,149,92,151,141,152,177,188,118,189,95,182,144,175,176,222,123,232,76,239,46,244,11
25,207,245,146,239,86,210,40,188,0,180,116,122,95,66,81,31,69,0,151,116,149,91,151,140,152,177,188,117,189,95,182,144,175,178,222,123,232,76,239,46,244,11
25,205,245,145,239,85,210,39,188,0,180,115,122,94,66,80,31,67,0,150,117,148,91,149,140,151,177,186,118,188,95,181,144,174,178,221,123,231,76,238,46,243,11
25,207,245,146,239,85,210,39,188,0,180,116,122,96,66,81,32,69,0,152,116,149,91,150,140,152,177,188,118,189,96,182,145,175,178,223,123,232,76,239,46,244,11
25,207,244,146,239,85,210,39,188,0,180,116,122,96,66,81,32,69,0,152,116,149,92,150,141,152,177,188,118,189,95,182,145,175,178,223,123,232,76,239,46,243,10
25,207,244,146,239,85,210,39,188,0,180,116,122,96,66,81,32,69,0,152,116,149,92,150,141,152,177,188,117,189,95,182,145,175,178,222,123,232,76,239,46,243,11
25,205,245,146,240,85,210,39,188,0,180,115,122,95,66,81,32,69,0,151,117,147,92,149,141,151,177,187,118,188,95,181,144,174,176,222,123,231,76,238,46,242,11
25,207,243,147,239,86,209,40,187,0,179,116,121,96,66,81,31,70,0,152,115,148,91,150,140,152,176,188,117,188,94,182,143,175,176,223,122,232,75,238,45,243,10
25,207,243,147,239,86,209,40,188,0,179,116,121,96,65,81,31,70,0,151,115,148,90,150,140,152,176,188,116,188,94,182,144,175,176,223,122,232,75,239,45,243,10
25,206,244,146,239,85,210,39,188,0,179,115,122,94,66,80,32,68,0,150,116,147,92,149,140,151,176,187,117,188,95,182,144,175,177,222,122,231,75,238,45,243,10
25,207,246,146,240,85,211,39,189,0,181,115,123,94,67,80,32,67,0,150,117,147,93,150,142,152,178,187,118,187,96,181,144,174,177,222,123,231,76,238,46,243,12
25,206,245,145,239,85,210,39,188,0,181,115,122,94,67,80,32,68,0,150,116,147,91,150,140,152,176,186,117,187,95,182,144,175,176,221,122,231,75,238,45,243,10
25,205,246,146,240,85,211,39,189,0,181,115,123,94,67,80,33,68,0,150,118,148,92,150,141,152,177,187,119,188,95,182,144,174,177,222,124,231,76,238,46,243,11
25,207,246,147,240,86,210,40,189,0,182,117,123,96,67,82,32,70,0,152,117,150,92,151,142,153,178,189,118,190,95,183,145,176,177,224,124,233,76,240,46,244,11
25,207,244,147,238,86,209,40,187,0,180,117,122,96,66,82,32,70,0,152,116,149,91,151,140,153,176,188,117,189,94,183,143,175,175,223,122,233,74,240,45,244,10
25,206,244,146,239,85,210,39,188,0,181,116,122,95,67,81,32,69,0,151,116,148,92,150,141,152,177,187,117,188,95,182,144,175,176,222,123,231,75,239,46,243,11
25,206,243,145,238,84,209,39,187,0,180,115,121,94,65,80,31,67,0,150,115,147,91,149,140,151,176,186,116,187,94,181,143,174,176,221,122,231,75,238,45,243,10
25,206,244,146,239,85,209,39,187,0,180,115,122,94,66,80,32,68,0,150,116,147,92,149,141,152,176,187,117,187,94,181,144,174,176,221,122,230,75,237,45,242,10
25,206,243,146,239,85,209,39,188,0,180,115,121,94,66,80,32,68,0,150,116,146,92,149,141,152,177,186,117,187,94,181,144,174,177,221,122,230,75,237,45,242,10
25,207,243,147,238,86,209,40,187,0,180,117,122,96,66,81,32,69,0,152,116,148,91,151,140,153,176,188,117,188,94,182,143,176,175,223,122,232,75,239,45,243,10
25,207,243,147,238,86,208,40,186,0,179,117,121,96,65,81,31,69,0,152,115,148,91,150,140,153,175,188,116,188,93,183,142,176,174,223,121,232,74,239,44,244,9
25,207,244,147,239,86,209,40,188,0,180,117,122,96,66,81,32,69,0,152,116,148,91,151,140,153,176,188,117,189,94,183,143,176,176,223,122,232,75,239,45,244,10
25,206,244,146,239,85,210,39,188,0,180,116,122,95,66,80,32,68,0,151,116,148,92,150,141,152,177,187,117,188,94,182,142,175,175,222,122,231,75,238,45,242,11
25,206,242,145,237,84,208,39,186,0,178,115,121,95,66,81,32,69,0,151,115,148,91,150,139,152,175,187,116,188,93,182,142,175,175,222,121,231,74,238,45,242,10
25,207,242,147,237,86,208,40,186,0,178,117,122,96,66,81,32,69,0,152,116,149,91,151,140,153,176,188,116,189,93,183,142,176,175,223,121,232,74,239,45,243,10
25,207,242,147,237,86,208,40,186,0,178,117,122,96,66,81,32,69,0,152,116,149,91,151,139,153,176,188,117,189,93,183,142,176,175,223,121,232,75,239,45,243,10
25,206,242,145,238,84,208,39,186,0,179,115,121,95,66,80,31,67,0,151,115,147,90,150,139,152,175,187,116,187,93,181,142,175,175,222,121,231,74,238,45,242,10
25,206,242,145,238,84,208,39,186,0,179,115,121,95,66,80,31,67,0,151,115,147,90,150,139,152,176,187,116,187,94,181,142,175,175,222,121,231,74,238,45,242,10
25,207,243,146,237,85,208,39,186,0,179,116,121,95,65,81,31,68,0,152,115,148,90,151,139,153,176,188,116,188,93,183,142,176,175,223,121,232,74,239,44,243,10
25,206,243,146,237,85,208,39,186,0,178,116,121,95,65,80,31,68,0,151,115,147,90,150,139,152,176,187,116,187,93,182,142,175,175,222,121,231,74,238,45,242,10
25,207,242,146,237,85,208,39,186,0,179,116,121,95,66,81,31,68,0,151,115,148,91,150,140,152,177,187,116,188,93,182,142,175,175,222,121,231,74,238,45,243,10
25,207,243,147,237,86,208,40,186,0,179,116,121,96,66,81,32,68,0,151,115,148,91,150,140,152,176,188,116,188,93,182,142,175,175,222,121,231,74,238,45,242,10
25,207,243,147,238,86,208,40,186,0,179,117,121,97,65,82,31,69,0,152,115,149,90,151,139,153,176,189,116,189,93,183,142,176,175,223,122,232,74,240,44,244,9
25,207,243,147,237,86,208,40,186,0,178,117,120,96,65,82,31,69,0,152,115,149,90,151,139,154,176,189,116,189,93,183,142,176,175,224,121,233,74,240,44,244,9
25,209,244,149,239,87,209,40,187,0,180,118,122,97,66,82,32,70,0,154,116,150,91,152,141,154,178,190,117,190,94,184,143,177,176,225,122,233,75,241,45,245,10
25,209,244,148,239,87,210,41,187,0,179,117,122,97,66,82,31,69,0,153,116,149,91,151,141,154,178,189,117,189,94,183,143,177,176,224,122,232,75,240,45,245,10
25,207,245,147,239,85,209,40,187,0,179,116,122,96,66,81,31,68,0,152,116,148,90,150,140,152,177,188,117,188,93,182,142,175,176,223,122,231,75,239,45,243,10
25,208,245,147,239,86,209,40,187,0,179,117,121,97,66,82,31,69,0,152,116,149,91,151,141,154,178,189,117,189,93,183,143,176,176,223,122,232,75,240,45,244,10
25,208,245,147,239,86,210,40,187,0,179,117,121,97,66,82,31,69,0,152,116,149,91,151,140,154,177,188,117,188,94,183,143,177,175,223,122,232,75,240,45,244,11
25,208,245,147,239,86,210,40,187,0,179,117,121,97,66,82,31,69,0,152,116,149,91,151,140,154,177,188,117,188,94,183,143,177,175,223,122,232,75,240,45,244,11
25,208,244,148,238,86,209,40,187,0,180,117,122,96,66,82,31,69,0,153,116,148,91,151,140,154,177,189,117,189,94,183,143,177,176,224,122,233,75,240,45,245,10
25,206,243,145,239,84,209,39,187,0,180,115,122,94,66,80,31,67,0,151,116,147,92,149,141,152,178,187,116,187,94,181,142,175,175,222,121,230,75,238,45,243,11
25,207,245,146,239,85,210,39,188,0,179,115,122,95,66,80,32,67,0,151,116,147,92,150,142,152,178,187,116,188,94,182,142,175,175,222,121,231,75,238,45,243,11
25,206,245,146,239,85,209,39,187,0,180,115,122,95,66,80,32,67,0,151,116,147,91,149,141,151,178,187,117,187,94,182,142,175,175,222,122,231,75,238,45,243,10
25,206,245,146,240,85,210,39,188,0,181,116,123,95,67,80,32,67,0,151,117,147,92,150,141,152,178,188,118,188,95,182,143,175,176,222,123,231,76,238,46,242,12
25,206,245,146,240,85,210,39,188,0,181,116,123,95,67,80,32,67,0,151,118,147,92,150,141,152,178,188,118,188,95,182,143,175,176,223,124,231,76,238,46,242,12
25,208,246,148,241,86,210,40,188,0,181,117,124,96,67,81,32,69,0,152,118,149,92,151,141,153,178,189,119,189,95,183,143,176,176,224,124,232,76,239,47,244,12
25,208,246,148,241,86,211,40,189,0,181,117,124,97,67,82,32,70,0,153,118,149,92,151,141,154,178,189,120,190,96,183,144,176,177,224,125,233,78,240,48,245,13
25,207,246,147,241,86,211,40,189,0,181,116,123,96,67,81,32,69,0,152,118,148,93,151,142,153,179,188,119,188,96,183,145,176,178,223,125,232,77,239,47,244,12
25,207,245,147,241,86,211,40,189,0,181,116,123,96,67,81,32,69,0,152,118,149,93,151,142,153,179,188,119,189,97,183,145,176,178,223,124,232,77,239,47,244,12
25,208,245,148,240,87,210,40,188,0,180,117,122,96,66,82,32,69,0,152,117,149,92,151,141,153,178,188,118,189,95,183,144,176,176,223,123,232,76,239,46,244,11
25,208,247,147,241,86,211,40,189,0,181,116,123,96,67,81,32,69,0,152,118,149,93,151,142,153,179,188,119,189,96,183,145,176,178,223,124,232,77,239,47,244,12
25,207,247,146,241,85,211,39,189,0,181,115,123,95,67,80,32,68,0,151,118,148,92,150,142,152,178,187,119,188,97,182,145,175,178,222,125,231,77,239,47,243,12
25,208,245,147,240,86,210,40,188,0,180,116,122,96,66,82,32,69,0,152,116,149,92,152,141,154,177,188,117,189,95,183,144,176,176,223,122,232,76,240,46,244,11
25,208,247,147,241,86,211,40,189,0,181,117,124,96,67,82,33,70,0,152,118,150,93,152,142,153,178,188,119,190,96,183,145,176,178,223,124,232,77,240,47,245,12
25,208,247,147,241,86,212,40,189,0,181,117,124,96,68,82,32,69,0,152,118,149,93,152,142,153,178,188,119,189,96,183,145,176,178,223,124,232,77,240,47,244,12
25,209,246,148,240,87,210,40,188,0,180,118,123,97,67,83,32,71,0,153,117,150,92,152,141,154,177,189,118,190,96,184,145,177,178,225,124,234,77,241,47,246,12
25,209,247,148,241,86,211,40,188,0,180,117,123,96,67,81,32,69,0,152,117,149,92,151,141,153,178,189,118,189,96,184,145,177,178,224,124,233,76,240,46,245,11
25,209,247,148,241,86,211,40,188,0,181,117,123,96,67,81,32,69,0,152,118,149,93,151,142,153,178,189,119,189,96,183,145,177,178,224,124,233,77,240,47,245,12
25,209,247,148,241,86,211,40,188,0,181,117,123,96,67,81,32,69,0,153,118,149,93,151,142,154,179,189,119,189,96,184,145,178,179,224,124,233,77,240,47,245,12
25,209,247,148,241,86,211,40,189,0,181,117,123,96,67,82,32,69,0,152,117,149,92,152,142,154,178,188,118,189,96,184,145,177,178,223,124,232,77,240,47,245,12
25,209,247,148,241,86,211,40,188,0,181,117,123,96,67,82,32,69,0,152,118,149,93,152,142,154,178,188,119,189,96,184,145,177,178,223,124,232,77,240,47,245,12
25,209,248,148,242,86,211,40,188,0,181,117,123,96,67,81,32,69,0,152,117,149,92,152,142,154,179,189,118,189,96,184,146,177,179,224,124,233,77,240,47,245,12
25,209,247,149,241,87,211,40,189,0,181,118,124,97,68,83,33,71,0,153,118,150,93,152,141,154,178,190,119,190,96,184,145,177,178,224,125,233,77,241,48,245,13
25,209,248,148,242,86,211,40,189,0,182,117,124,96,67,81,33,69,0,152,118,149,93,152,143,154,180,189,119,189,95,183,144,176,177,224,124,232,77,240,47,244,13
25,209,248,148,242,86,211,40,189,0,182,117,124,96,67,81,32,69,0,152,118,149,93,151,142,154,180,189,119,189,96,183,144,176,177,224,124,232,77,240,47,244,13
25,210,248,149,242,87,211,40,189,0,182,118,124,97,67,82,32,70,0,153,118,150,93,153,143,155,179,189,119,190,96,184,144,177,177,224,124,233,77,241,47,246,12
25,210,248,149,242,87,211,40,189,0,182,117,124,97,67,82,32,70,0,153,118,150,93,153,143,155,179,189,119,190,96,184,144,177,177,224,124,233,77,241,47,245,13
25,206,246,146,241,86,211,40,189,0,181,116,123,95,67,80,32,68,0,151,117,148,93,151,142,153,178,187,118,188,96,182,144,175,176,222,124,231,77,239,47,243,12
25,207,245,147,239,86,209,40,187,0,180,116,122,96,66,81,31,69,0,152,116,149,91,152,140,154,177,188,117,189,95,183,143,177,176,223,123,233,76,240,45,244,11
25,208,246,148,241,86,211,40,189,0,181,117,123,96,67,82,33,70,0,152,117,148,93,151,142,154,179,188,119,189,96,183,145,177,177,224,124,232,77,240,47,244,12
25,208,246,148,240,86,210,40,188,0,180,117,122,96,66,82,32,70,0,152,116,148,91,151,141,154,177,188,118,189,95,183,144,177,177,224,123,232,76,239,46,244,11
25,209,246,148,240,87,210,41,188,0,181,118,122,97,66,83,32,70,0,153,116,150,92,152,141,154,177,189,118,190,95,184,145,177,177,224,123,233,76,240,46,245,12
25,208,246,147,240,86,210,40,188,0,181,117,122,96,66,82,32,70,0,152,117,149,92,151,141,153,178,188,118,189,95,183,144,177,177,223,123,232,76,239,46,244,12
25,207,245,146,239,85,209,40,187,0,180,115,122,95,66,80,31,68,0,151,116,147,90,150,140,152,177,187,117,187,94,182,143,175,176,222,122,231,75,238,45,242,11
25,206,245,146,239,85,209,39,187,0,180,115,122,95,67,80,32,68,0,151,117,148,91,150,140,152,177,187,118,188,94,182,143,175,177,222,123,231,76,238,45,242,11
25,207,246,146,240,85,210,39,189,0,181,115,123,94,67,80,33,68,0,151,118,148,92,150,141,152,178,187,119,188,95,182,144,175,177,222,124,231,77,238,47,242,12
25,207,247,147,240,86,210,40,188,0,181,116,123,96,67,81,32,69,0,152,118,148,92,150,141,152,177,188,119,188,96,182,144,176,177,223,125,232,77,239,47,243,12
25,206,245,146,239,85,209,39,188,0,180,115,121,94,66,80,31,67,0,151,116,147,91,150,141,152,177,187,117,188,95,182,144,175,177,222,123,231,75,238,46,242,11
25,207,245,146,239,86,209,40,187,0,180,116,122,95,66,81,32,68,0,151,116,148,92,150,141,153,177,188,117,188,95,183,144,176,177,223,123,232,75,239,46,243,11
25,206,244,146,239,85,210,40,188,0,180,116,122,95,67,81,32,69,0,151,116,148,92,150,140,152,177,188,117,188,95,183,143,176,176,223,122,231,75,238,46,243,11
25,207,244,146,239,85,210,39,187,0,179,116,122,95,66,81,32,68,0,151,116,148,91,151,140,153,176,187,117,188,94,183,144,176,176,222,122,231,76,238,46,243,12
25,206,245,146,240,85,211,39,188,0,180,116,123,95,67,80,32,68,0,151,117,147,92,150,141,153,177,187,118,187,96,182,145,176,178,222,124,231,76,238,47,242,12
25,206,244,146,239,85,210,39,187,0,179,116,122,95,66,80,32,68,0,151,116,147,91,150,140,153,176,187,117,187,95,183,144,176,177,222,122,231,75,238,46,242,11
25,207,245,146,240,85,211,40,188,0,180,116,123,95,67,81,32,69,0,151,117,148,93,151,142,152,178,188,118,188,96,182,145,175,177,222,123,231,76,238,47,242,12
25,207,245,146,240,85,211,40,188,0,180,116,123,96,67,81,32,69,0,152,117,148,93,151,142,153,178,188,118,188,95,182,144,176,177,222,123,231,76,238,47,242,12
25,207,245,147,240,85,211,39,188,0,180,116,123,96,67,81,32,69,0,151,117,147,92,150,141,152,178,188,118,187,95,182,144,176,177,223,123,231,76,238,47,242,12
25,207,246,147,240,85,211,39,188,0,180,116,123,96,67,81,32,69,0,151,117,147,92,150,141,152,178,188,118,187,95,182,144,176,177,223,123,231,76,238,47,243,12
25,207,245,146,240,85,210,40,188,0,180,117,123,96,67,81,32,69,0,152,117,147,91,150,141,152,177,187,118,187,94,182,143,176,177,222,123,231,76,238,47,242,12
25,208,245,148,240,87,210,40,188,0,180,116,123,95,67,81,32,69,0,151,117,148,92,150,141,152,178,188,118,187,94,182,143,176,176,223,123,232,76,238,46,243,11
25,207,247,147,241,86,211,40,188,0,181,116,123,96,67,81,33,69,0,152,117,148,92,150,141,152,178,188,119,188,95,182,144,176,177,223,124,232,77,238,47,243,12
25,207,246,147,240,86,210,40,187,0,180,116,122,96,66,81,32,69,0,152,116,148,91,150,140,152,177,188,118,188,94,182,143,176,176,223,123,232,76,238,46,243,11
25,208,246,148,240,86,211,40,189,0,181,117,123,96,67,81,32,69,0,152,117,148,92,150,141,153,178,188,118,188,96,183,145,176,178,223,124,231,77,238,47,242,12
25,208,246,147,241,86,211,40,188,0,181,117,123,96,67,82,32,69,0,152,118,148,93,150,142,152,179,188,119,188,96,182,144,176,177,223,124,231,76,238,47,243,12
25,208,245,148,240,86,210,40,187,0,179,117,122,96,66,82,32,69,0,152,117,149,92,151,141,152,178,189,118,189,94,183,143,176,176,223,123,231,75,238,46,243,11
25,208,245,148,240,86,210,40,187,0,180,117,122,96,66,82,32,69,0,152,117,149,91,151,141,152,177,188,118,189,94,183,143,176,176,223,123,232,76,239,46,243,11
25,206,246,146,241,85,210,39,188,0,181,116,123,95,67,80,32,68,0,151,117,147,91,149,141,152,177,187,119,187,95,182,144,175,177,222,124,230,77,237,47,242,12
25,206,246,146,241,85,210,39,189,0,181,116,123,95,67,80,32,68,0,151,117,147,92,149,141,152,178,187,118,187,95,182,144,175,177,222,124,230,77,237,47,242,12
25,207,246,147,240,85,210,40,188,0,180,117,122,96,66,81,32,69,0,152,117,148,92,150,141,153,177,188,118,188,95,182,144,176,177,223,124,231,77,238,47,243,12
25,208,245,147,240,85,210,40,188,0,180,117,122,96,67,81,32,68,0,152,117,148,92,150,141,153,177,188,118,188,96,182,145,176,178,223,123,232,76,239,46,243,12
25,208,245,147,240,85,210,39,187,0,180,117,123,96,67,81,32,69,0,152,117,148,91,151,141,153,177,188,118,188,95,183,145,176,178,223,124,232,77,239,47,243,12
25,206,245,146,240,85,210,39,188,0,180,116,122,95,67,80,32,67,0,151,117,147,92,150,141,152,178,187,118,187,95,181,144,175,177,222,123,231,76,238,47,242,12
25,208,247,147,241,86,211,40,189,0,181,117,123,96,67,81,32,69,0,152,118,148,93,151,143,153,179,188,120,188,96,183,145,177,178,223,125,232,77,239,48,244,13
25,207,246,147,241,86,211,40,189,0,181,117,123,96,67,81,32,69,0,152,118,148,93,151,143,153,179,188,119,188,96,183,145,177,178,223,125,232,78,239,48,244,13
25,207,246,147,241,86,211,40,189,0,181,116,123,95,67,80,32,68,0,151,118,147,93,150,142,152,179,187,119,187,95,182,144,176,177,222,124,231,77,238,47,243,12
25,206,246,146,241,85,211,39,189,0,181,115,124,94,68,80,32,68,0,150,118,147,93,149,142,151,178,187,119,187,96,181,144,175,177,222,124,230,77,237,47,242,13
25,207,245,147,240,85,210,40,188,0,179,116,123,95,67,80,32,68,0,152,117,148,92,150,141,152,177,188,118,188,94,182,143,176,176,223,123,231,76,238,47,242,12
25,207,245,147,240,86,210,40,188,0,179,116,123,95,67,81,32,68,0,152,117,148,91,150,141,152,177,188,118,188,94,182,143,176,176,223,123,231,77,238,47,242,12
25,206,244,146,239,85,210,39,188,0,179,116,123,95,67,80,32,68,0,151,117,148,91,150,140,152,177,188,118,188,94,182,143,176,176,223,123,231,76,238,46,242,11
25,208,245,147,239,86,210,40,187,0,179,117,122,96,67,81,32,69,0,152,117,149,92,151,141,153,177,189,118,189,94,183,143,177,176,224,123,232,76,239,46,244,11
25,207,246,147,241,85,211,40,189,0,180,116,123,95,67,80,32,67,0,151,118,148,92,150,142,152,178,188,119,188,95,183,144,176,177,223,124,231,77,238,48,243,13
25,208,246,147,240,85,210,40,188,0,179,116,122,95,67,80,32,67,0,151,117,148,91,151,141,152,177,188,118,188,95,183,144,176,177,223,123,231,76,238,46,243,12
25,207,247,147,241,86,211,40,189,0,180,116,123,95,67,80,32,68,0,151,118,148,92,150,141,152,178,188,119,188,95,182,144,175,178,223,124,231,77,238,47,243,12
25,207,247,147,241,86,211,40,189,0,180,116,123,95,67,81,32,68,0,151,117,148,92,150,141,151,178,188,119,188,95,182,144,175,178,223,124,231,77,238,47,243,12
25,207,248,147,242,86,211,40,189,0,181,116,124,95,67,81,32,68,0,151,118,148,92,150,142,152,179,188,119,188,95,182,144,175,177,223,125,231,77,238,48,243,13
25,208,249,147,243,86,212,40,190,0,182,116,124,95,68,81,33,68,0,151,119,148,93,150,143,152,180,188,120,188,96,182,145,176,178,223,126,231,79,238,49,243,14
25,207,246,146,240,85,210,40,188,0,180,116,123,95,67,80,32,68,0,151,117,148,92,150,141,152,178,187,118,187,96,182,145,176,178,222,124,231,77,238,47,243,12
25,208,246,147,240,86,210,40,188,0,180,117,122,96,67,81,32,69,0,152,117,149,92,151,141,153,178,188,118,188,96,183,145,177,179,223,123,232,76,239,47,243,12
25,208,246,147,240,86,210,40,188,0,180,117,122,96,66,81,32,68,0,152,117,148,92,151,142,152,178,188,118,188,96,183,145,176,178,223,124,232,76,239,47,243,12
25,208,247,148,241,86,210,40,188,0,180,117,122,96,66,81,32,68,0,152,117,149,92,151,141,152,177,188,118,189,95,183,145,177,178,223,124,232,77,239,47,243,12
0,130,163,75,147,37,90,20,35,0,0,60,46,62,14,72,63,74,67,101,43,102,16,100,72,96,70,138,46,142,17,134,69,130,73,172,50,178,28,168,62,163,69
0,131,164,76,148,38,90,21,35,0,0,59,45,62,16,73,64,74,67,101,42,101,17,100,73,96,69,138,45,142,18,134,69,130,71,172,48,178,29,168,63,163,68
0,132,163,76,148,38,90,21,35,0,0,61,46,64,15,74,64,76,67,102,43,103,17,102,73,98,69,140,46,144,18,135,69,131,71,173,49,179,29,169,62,164,68
0,131,163,75,148,38,90,20,35,0,0,60,46,63,15,74,64,75,67,101,43,102,17,101,73,97,69,139,46,143,18,134,69,130,71,172,49,178,29,168,62,163,68
0,131,163,76,148,38,90,21,36,0,0,60,46,63,15,74,64,75,68,102,43,102,17,101,73,97,69,139,46,143,18,135,70,130,72,173,49,178,29,168,63,163,68
0,132,163,76,147,38,90,20,35,0,0,60,45,63,15,74,64,75,67,101,42,102,16,101,72,97,69,139,45,143,18,135,69,130,71,172,48,178,29,169,63,163,68
0,131,163,76,147,38,90,21,35,0,0,60,45,62,15,73,64,75,67,101,42,102,16,101,72,97,69,139,45,143,18,135,69,130,71,173,48,178,28,168,62,163,68
0,131,163,75,147,38,89,21,35,0,0,60,45,62,15,73,64,75,67,102,42,102,16,100,72,97,69,140,45,142,17,134,69,131,72,173,49,178,28,168,62,164,68
0,131,163,75,147,38,89,21,35,0,0,60,45,62,15,73,64,75,67,102,42,102,16,100,72,97,69,140,45,142,17,134,69,131,72,173,48,178,28,168,62,164,68
0,132,163,77,147,39,89,22,34,0,0,62,45,65,14,75,63,76,67,103,43,104,16,102,72,98,68,141,46,144,17,136,69,132,71,174,49,180,28,170,62,165,68
0,133,163,77,147,39,90,22,34,0,0,62,45,64,14,75,64,76,67,103,43,103,16,102,72,98,69,141,46,144,17,136,69,132,72,174,49,180,28,170,62,165,68
0,133,163,77,147,39,90,22,34,0,0,62,45,64,14,75,64,76,67,103,43,103,16,102,72,98,69,141,46,144,17,136,69,132,71,174,49,180,28,170,62,165,68
0,133,164,77,148,40,91,22,36,0,0,62,46,63,16,74,65,76,68,104,44,103,17,101,73,98,70,141,47,144,18,136,69,132,72,175,51,180,29,169,63,165,69
0,132,162,77,147,39,90,21,35,0,0,61,46,63,14,74,63,76,67,102,44,103,16,101,72,97,69,140,46,143,17,135,69,131,71,173,49,179,28,169,62,164,68
0,132,162,77,147,39,90,21,35,0,0,61,46,63,14,74,63,75,67,102,44,103,16,102,72,98,69,140,46,143,17,135,69,131,72,173,49,179,27,169,62,164,68
0,132,164,77,148,39,90,21,35,0,0,61,46,63,15,74,64,76,68,103,43,103,17,102,73,98,69,140,46,143,18,136,70,131,71,173,49,179,29,169,63,164,68
0,132,164,76,147,39,90,21,35,0,0,61,46,63,15,74,64,75,67,102,43,103,17,101,73,97,69,140,46,143,18,135,70,131,71,173,50,179,29,169,63,164,68
0,132,164,76,148,39,90,21,35,0,0,61,46,64,15,74,64,75,67,102,44,103,17,102,73,97,69,140,46,144,18,136,69,131,71,173,50,180,28,170,62,164,68
0,132,164,77,148,39,90,21,35,0,0,61,46,63,15,74,64,75,67,102,44,103,17,102,73,97,69,140,46,144,18,136,70,131,71,173,50,180,28,170,62,164,68
0,133,164,77,148,40,90,21,35,0,0,61,46,64,15,75,64,75,67,102,43,103,16,102,73,97,68,140,46,144,17,136,69,131,71,173,49,180,28,170,62,164,68
0,133,163,78,148,40,90,21,35,0,0,62,46,64,14,75,64,76,66,103,43,103,16,102,72,98,68,140,46,144,17,136,69,132,70,174,49,180,28,170,62,165,67
0,133,164,78,148,40,90,21,35,0,0,62,46,64,15,75,64,76,67,103,43,103,16,102,72,98,68,140,46,144,17,136,69,132,70,174,49,180,28,170,62,165,67
0,131,162,76,146,39,89,21,34,0,0,61,45,63,14,74,63,75,67,102,42,103,16,101,72,96,68,139,45,144,17,135,68,130,71,172,49,179,28,169,62,163,68
0,132,163,77,147,39,90,21,35,0,0,62,45,64,15,74,63,76,67,103,43,103,16,102,72,98,69,140,46,144,18,135,70,131,72,174,50,180,29,169,63,164,69
0,133,163,77,148,39,90,21,35,0,0,61,46,64,14,75,63,76,67,103,44,104,16,102,72,98,69,140,46,144,18,136,70,131,72,174,49,180,28,170,63,165,68
0,132,163,76,148,38,90,20,35,0,0,61,46,63,14,74,63,75,67,102,43,103,16,101,72,97,69,140,46,143,18,135,70,130,72,173,50,179,28,169,63,164,68
0,131,163,76,147,38,90,20,35,0,0,60,46,63,14,74,63,75,67,102,43,103,16,101,72,96,69,139,46,143,17,135,69,130,72,172,50,179,29,169,63,163,69
0,132,164,77,147,39,90,22,35,0,0,61,45,64,14,75,63,76,67,103,43,104,16,102,72,97,69,140,46,144,17,136,69,131,72,173,50,180,29,170,63,164,69
0,132,163,77,148,39,90,21,35,0,0,61,46,63,15,74,64,76,67,103,43,103,16,102,73,97,69,140,46,143,18,136,70,131,72,174,49,179,29,169,63,164,69
0,133,163,78,148,40,90,22,35,0,0,62,45,63,15,75,64,77,67,103,43,103,16,102,73,99,69,141,46,144,18,136,70,133,72,175,49,180,29,170,63,166,68
0,133,163,78,148,40,90,22,35,0,0,62,45,64,15,75,64,77,67,103,42,104,16,103,73,99,68,141,45,145,18,136,70,132,71,174,49,180,29,170,63,166,68
0,133,163,78,148,40,90,22,35,0,0,62,45,64,15,75,64,77,67,103,42,104,16,102,73,99,69,141,45,145,18,136,70,132,71,174,49,180,29,170,63,166,68
0,134,163,78,148,40,90,21,35,0,0,62,46,63,15,75,64,76,67,103,43,103,16,102,73,98,69,141,46,144,18,136,70,132,72,174,49,180,29,170,63,165,69
0,134,163,78,148,40,90,22,35,0,0,62,46,63,15,75,64,77,67,103,43,103,16,102,73,99,69,141,46,144,18,136,70,132,72,174,49,180,28,170,63,165,69
0,133,163,77,148,39,90,22,35,0,0,62,45,64,15,75,64,76,67,104,43,104,16,102,72,99,69,141,46,144,18,136,70,132,72,174,49,180,28,170,63,165,69
0,133,163,77,148,39,90,22,35,0,0,62,45,64,15,75,64,76,67,104,43,104,17,102,73,99,69,141,46,144,18,136,70,132,72,175,49,180,29,170,63,166,68
0,132,163,76,147,39,89,22,34,0,0,60,46,64,15,75,64,76,67,103,43,103,16,102,73,98,69,141,46,144,18,136,69,132,71,174,49,180,29,170,63,165,68
0,133,163,77,147,39,89,21,35,0,0,61,45,63,15,74,64,76,67,103,42,103,16,102,73,98,69,141,45,144,18,136,70,132,72,174,49,180,29,170,63,165,68
0,133,163,77,147,39,89,22,35,0,0,61,45,63,14,74,64,76,67,103,43,103,16,102,72,98,69,141,45,144,18,136,70,132,72,174,49,180,29,170,63,165,68
0,133,163,76,147,39,89,21,34,0,0,60,45,63,15,74,64,76,67,103,43,103,16,102,72,98,68,141,46,144,17,136,69,132,71,174,49,180,29,170,63,165,68
0,132,162,77,147,39,89,21,35,0,0,61,45,63,15,74,64,75,67,103,43,103,16,101,72,98,69,141,46,144,17,135,69,131,72,174,50,180,28,169,62,165,68
0,132,163,76,147,39,89,21,35,0,0,61,46,63,15,74,63,75,67,103,43,103,16,101,72,97,69,141,46,144,17,135,69,131,71,174,50,180,29,169,62,165,68
0,133,162,77,147,40,89,22,35,0,0,62,46,64,14,75,63,77,67,104,43,104,16,103,72,99,69,141,46,145,17,136,69,132,71,175,49,181,28,171,62,166,68
0,133,162,77,147,40,89,22,34,0,0,62,46,64,14,75,63,77,67,104,43,104,16,103,72,99,68,141,46,145,17,136,69,132,71,175,49,180,28,170,62,166,68
0,132,162,77,147,40,89,22,35,0,0,62,46,65,15,75,63,76,66,104,43,104,17,102,72,98,68,141,46,144,18,136,69,132,71,174,49,180,29,170,63,166,68
0,132,162,77,147,40,89,21,35,0,0,62,45,65,15,75,63,76,66,103,43,104,17,102,73,98,68,141,46,145,18,136,69,132,70,174,49,180,29,170,63,166,68
0,133,162,77,147,39,89,21,34,0,0,62,46,65,14,76,63,77,67,104,43,104,16,103,72,99,69,141,46,145,17,137,69,132,72,174,49,180,28,170,62,166,68
0,132,162,77,146,40,88,22,33,0,0,62,44,65,13,75,62,76,66,103,42,104,15,103,71,98,68,141,45,144,16,136,68,132,71,174,48,180,27,170,61,165,67
0,133,163,77,147,40,89,22,34,0,0,62,45,65,14,76,63,76,67,103,43,104,16,103,72,98,68,141,46,144,18,137,69,132,71,174,49,180,28,170,62,166,68
0,132,162,76,146,39,89,21,34,0,0,61,45,64,14,75,62,75,66,102,43,104,16,102,71,97,68,140,45,144,17,135,68,131,71,173,49,179,28,169,62,164,67
0,132,162,76,146,39,89,21,35,0,0,60,45,63,14,74,63,75,66,103,43,103,16,101,72,97,68,140,45,143,17,135,68,131,70,173,49,179,28,169,61,164,67
0,132,163,76,147,38,90,20,35,0,0,61,46,63,15,74,64,75,67,102,44,103,17,102,73,97,69,140,46,143,18,135,70,131,72,173,50,179,29,169,63,164,69
0,132,163,77,146,39,89,21,35,0,0,61,45,64,14,74,63,76,66,103,43,103,16,102,72,98,68,140,45,143,17,135,69,131,71,173,49,179,28,169,62,164,68
0,133,162,77,146,40,89,22,34,0,0,62,45,65,14,75,63,77,67,104,43,104,16,103,72,99,68,141,45,144,17,136,69,132,71,174,49,180,28,170,62,165,67
0,133,162,77,146,40,89,22,34,0,0,62,45,64,14,75,63,77,66,104,43,104,16,103,72,99,68,141,45,144,17,136,69,132,71,174,49,180,28,170,62,165,67
0,132,162,76,146,39,89,22,34,0,0,61,45,64,14,75,63,76,66,103,42,103,16,102,72,98,68,140,45,143,17,135,68,131,71,173,49,179,28,169,62,164,68
0,132,162,76,146,39,89,22,34,0,0,61,45,64,14,75,63,76,66,103,42,103,16,102,72,98,68,140,45,143,17,135,68,131,71,173,49,179,28,169,62,164,68
0,132,163,76,147,39,90,21,35,0,0,61,45,63,15,74,64,75,67,102,43,103,17,101,73,97,68,140,46,143,18,135,70,130,71,173,49,178,29,168,63,163,68
0,132,162,77,147,39,90,21,35,0,0,61,45,64,14,74,63,75,66,102,43,103,17,101,72,96,68,139,46,143,18,135,70,130,71,172,49,178,29,168,63,164,68
0,131,162,76,147,38,89,21,35,0,0,60,45,63,14,74,63,74,66,101,42,102,17,101,72,95,68,138,45,142,18,134,69,129,71,171,48,177,28,168,63,162,68
0,131,161,76,146,38,88,21,34,0,0,60,44,63,13,73,61,74,65,101,42,102,15,100,71,95,67,138,44,142,17,134,68,129,70,171,47,177,27,167,62,162,67
0,132,161,77,146,40,89,22,34,0,0,62,44,65,13,75,61,75,65,103,42,104,15,102,71,97,67,139,45,143,16,135,68,130,70,172,47,178,27,169,61,164,66
0,132,162,77,146,39,89,21,35,0,0,62,45,65,14,75,63,75,66,103,43,103,16,102,72,97,68,140,45,143,17,135,69,130,70,173,48,178,28,169,62,164,67
0,132,162,77,146,39,89,21,35,0,0,61,45,64,14,75,63,75,65,103,42,103,16,102,72,97,67,140,45,144,17,135,69,131,70,173,48,179,28,169,62,164,67
0,132,162,77,147,39,89,21,35,0,0,62,45,64,14,75,63,75,65,103,42,103,16,101,72,97,67,140,45,143,17,135,69,131,70,173,49,179,28,169,62,164,67
0,132,161,77,146,39,89,21,34,0,0,61,45,64,14,75,62,75,66,102,42,103,16,101,72,96,67,139,45,143,17,135,69,130,70,173,48,178,28,169,62,164,67
0,132,162,76,146,39,89,21,34,0,0,62,46,64,15,75,63,76,67,103,44,104,17,102,72,98,69,141,46,144,18,135,69,131,71,174,50,179,29,169,63,165,68
0,132,162,76,146,39,89,21,35,0,0,61,45,64,14,75,63,75,66,103,43,104,16,102,72,97,68,140,45,144,18,135,69,131,71,173,49,179,29,169,63,164,68
0,132,162,76,147,39,89,21,35,0,0,61,45,64,14,74,63,75,66,102,43,103,16,101,72,97,67,140,45,143,18,135,69,131,71,173,49,178,29,169,63,164,67
0,132,162,77,147,39,90,21,35,0,0,61,45,64,14,75,63,75,66,102,43,103,16,101,72,96,68,140,46,143,17,135,69,130,71,173,49,179,29,169,63,164,68
0,132,162,77,147,39,90,21,35,0,0,61,46,64,14,75,63,75,67,102,43,103,16,101,72,96,68,140,46,143,17,135,69,130,71,173,49,179,29,169,63,164,68
0,131,163,76,146,39,89,21,35,0,0,60,45,64,14,74,63,75,67,102,43,103,16,101,72,97,69,140,46,143,17,135,69,130,72,173,49,179,29,169,63,164,68
0,132,162,76,146,39,89,21,34,0,0,60,45,63,15,74,63,75,67,102,43,103,16,101,72,97,69,140,46,143,17,135,69,130,72,173,49,178,29,169,63,164,68
0,131,162,76,146,39,89,21,34,0,0,61,45,64,14,75,63,76,67,102,43,103,16,102,72,97,69,140,46,144,17,135,69,131,72,173,49,179,28,169,62,164,68
0,131,163,76,146,39,89,22,34,0,0,61,45,64,14,74,63,76,67,102,43,103,16,101,72,97,69,140,46,143,17,135,69,131,72,173,49,179,29,169,63,164,68
0,132,162,76,147,39,89,22,34,0,0,61,45,64,14,75,63,76,66,103,43,104,16,102,72,97,68,140,46,144,17,136,69,131,71,173,49,179,28,169,62,165,67
0,132,163,77,147,39,90,21,35,0,0,61,45,64,14,74,62,75,66,102,42,103,16,102,72,97,68,140,45,143,17,135,69,130,71,173,48,178,28,169,62,164,67
0,132,163,77,147,40,89,21,35,0,0,61,45,64,13,75,62,76,67,102,42,104,15,102,71,97,68,139,45,144,17,136,69,131,71,172,49,179,28,170,62,165,68
0,132,163,77,147,40,89,22,35,0,0,61,45,64,13,75,62,76,67,102,43,104,16,102,71,97,68,139,45,144,17,136,69,131,71,172,49,179,28,170,62,165,68
0,131,162,76,147,38,89,21,34,0,0,60,44,63,14,73,63,75,66,101,42,103,16,101,72,97,68,138,45,143,17,134,69,130,71,172,48,178,28,168,62,163,68
0,131,162,76,146,39,89,20,35,0,0,61,44,63,14,73,62,75,65,102,42,103,15,101,71,97,67,139,45,143,17,134,69,130,71,172,48,178,28,168,62,163,67
0,131,163,77,147,39,90,21,35,0,0,61,45,64,15,74,63,75,67,102,43,104,17,102,72,97,69,140,46,144,18,135,70,131,72,173,49,179,29,169,63,164,68
0,131,163,76,146,39,89,21,35,0,0,62,45,64,14,75,63,76,67,103,43,104,17,102,72,98,69,140,46,144,18,135,70,131,72,173,49,179,29,169,63,164,68
0,131,163,76,146,39,89,21,34,0,0,62,45,64,14,75,63,76,67,103,43,104,16,102,72,98,69,140,46,144,18,135,70,131,72,173,49,179,29,169,63,164,68
0,131,163,76,147,39,89,21,34,0,0,62,45,65,15,75,63,76,67,103,42,105,17,102,73,98,69,140,45,145,19,136,70,131,72,173,49,179,30,169,64,164,69
0,131,163,77,147,39,89,21,34,0,0,62,44,65,15,75,64,75,66,103,42,104,17,102,73,97,68,140,45,145,19,136,70,131,71,173,49,179,30,169,64,164,68
0,132,164,77,148,40,90,22,35,0,0,61,45,65,15,75,63,75,67,102,42,104,17,102,73,97,68,140,45,144,18,136,70,131,71,173,49,179,29,169,64,164,69
0,132,163,77,148,40,89,22,34,0,0,61,45,64,15,74,63,75,66,102,43,104,17,102,73,97,69,139,46,144,19,136,71,130,72,173,49,179,29,169,64,164,69
0,131,163,76,147,39,89,22,34,0,0,61,45,64,14,74,63,75,66,102,43,104,17,102,73,97,69,140,46,144,18,135,70,131,72,173,50,179,29,169,63,164,69
0,132,164,77,148,40,90,22,35,0,0,62,46,65,15,75,64,76,67,103,44,104,17,102,74,97,69,140,46,145,19,136,71,130,73,173,49,179,29,169,64,164,69
0,131,164,76,148,39,90,21,35,0,0,60,46,64,15,74,64,75,67,102,44,103,17,101,73,96,69,139,46,143,19,135,71,130,73,172,50,178,30,168,64,163,70
0,131,164,76,148,39,90,21,35,0,0,61,46,64,15,74,64,75,67,102,44,103,17,101,73,96,69,139,46,143,19,135,71,130,73,172,50,178,30,168,64,163,70
0,131,164,76,148,39,90,21,35,0,0,62,45,64,15,74,64,76,67,103,43,103,17,101,73,98,69,140,47,143,19,135,71,131,73,173,50,178,30,168,64,164,69
0,131,163,76,148,39,90,21,35,0,0,62,46,64,15,74,64,76,68,103,44,103,17,101,73,97,70,140,47,143,19,135,71,131,73,173,50,179,30,169,64,164,69
0,132,164,77,148,39,90,22,35,0,0,61,46,64,15,75,64,76,68,102,44,103,17,102,73,97,70,139,46,144,18,135,70,130,72,172,49,179,30,169,64,164,69
0,132,164,77,148,39,90,21,35,0,0,61,46,64,15,75,64,76,68,102,43,103,17,101,73,97,69,140,46,143,18,135,71,130,72,172,49,179,30,169,64,163,69
0,131,164,76,148,39,90,21,35,0,0,61,45,63,15,74,64,75,67,102,43,102,17,101,73,97,69,140,46,143,18,135,70,131,72,173,50,179,30,168,64,164,69
0,131,163,76,148,39,90,21,35,0,0,61,46,64,15,74,64,76,68,102,43,103,17,101,73,97,70,139,46,143,18,135,70,130,73,172,50,179,29,169,64,164,69
0,132,164,76,148,39,90,21,35,0,0,61,46,64,14,74,64,76,68,102,44,103,17,101,73,97,70,139,47,143,18,135,70,131,74,172,51,179,29,169,63,164,70
0,131,163,77,148,39,90,21,35,0,0,62,45,64,14,75,63,76,67,102,43,103,16,102,72,97,68,140,46,143,17,136,69,131,72,173,50,178,28,169,62,165,68
0,132,163,77,148,39,90,21,35,0,0,61,45,64,14,75,63,75,67,102,43,103,16,102,72,97,69,140,46,144,17,136,69,131,72,173,49,179,29,169,63,164,68
0,132,163,77,148,39,90,21,35,0,0,61,45,64,14,74,63,76,67,103,43,103,16,102,72,97,69,140,46,144,17,135,70,131,72,173,50,179,28,169,63,164,68
0,131,163,76,147,39,89,21,35,0,0,61,45,64,14,74,63,76,67,103,43,103,16,101,72,98,69,140,46,144,18,135,70,131,73,173,50,179,29,168,63,163,69
0,132,163,76,148,39,90,21,35,0,0,61,46,64,14,74,63,76,67,102,43,103,16,101,73,97,70,140,46,143,18,135,70,131,73,173,49,178,29,169,63,164,68
0,132,163,77,148,39,90,21,35,0,0,61,46,64,14,74,63,76,68,103,43,103,16,102,72,98,70,140,46,144,18,135,70,131,73,173,49,178,29,169,63,164,69
0,131,163,76,147,39,90,21,35,0,0,61,45,64,14,74,63,76,67,102,43,103,17,101,72,98,69,140,46,144,18,135,70,131,73,172,50,178,29,168,64,164,69
0,131,163,76,147,39,90,21,35,0,0,61,45,64,15,74,63,76,67,102,43,103,17,101,73,97,69,140,45,144,19,135,70,131,72,172,49,179,30,168,64,164,69
0,132,162,77,146,40,89,22,34,0,0,62,45,65,13,75,62,76,66,103,42,104,16,103,72,98,68,140,45,145,17,136,69,132,72,173,48,180,28,170,62,165,68
0,131,162,76,146,39,89,21,34,0,0,61,45,64,13,74,62,75,66,102,42,103,16,102,72,98,68,139,45,144,17,135,69,131,72,172,49,178,28,169,62,164,68
0,131,163,76,148,39,89,21,34,0,0,61,45,65,14,75,63,76,67,102,43,104,16,102,72,97,68,139,46,144,17,135,69,131,71,172,50,179,28,169,62,164,68
0,132,163,77,147,40,89,22,34,0,0,62,45,65,14,75,63,77,66,104,43,104,16,101,72,98,68,141,46,144,17,135,70,132,72,173,50,179,29,169,63,164,68
0,132,163,77,147,40,89,22,34,0,0,62,45,65,14,75,63,76,66,103,43,104,16,101,72,98,69,140,46,144,18,135,70,131,72,173,50,179,29,168,63,164,68
0,132,163,78,147,40,89,21,34,0,0,63,45,65,14,75,63,76,66,103,43,104,17,102,72,98,69,140,46,144,18,135,70,131,72,173,50,179,29,169,63,164,68
0,132,162,77,147,40,89,22,34,0,0,62,45,65,14,75,63,76,66,103,43,104,17,102,72,98,68,140,46,144,18,135,70,131,71,173,50,179,29,169,63,165,68
0,132,163,76,147,39,89,21,34,0,0,62,45,64,14,75,63,75,66,103,43,103,16,101,72,97,68,140,46,143,18,135,69,131,71,173,49,179,29,169,63,164,68
0,132,163,76,147,39,89,21,34,0,0,62,45,65,14,75,63,76,67,103,43,104,16,102,72,97,68,140,46,144,18,136,69,131,71,173,49,179,29,169,63,165,68
0,132,163,77,147,39,89,21,34,0,0,61,45,65,14,75,63,75,65,102,43,104,17,102,73,96,67,139,46,144,18,136,70,130,70,172,49,179,28,169,62,164,68
0,132,163,78,148,40,90,21,34,0,0,61,45,65,14,75,63,76,67,102,43,104,16,102,73,97,68,139,46,144,17,136,70,130,72,172,49,179,28,169,63,164,69
0,133,163,78,148,40,90,21,35,0,0,61,45,65,14,75,63,76,66,102,43,104,16,102,73,97,68,139,45,144,18,136,70,130,71,172,49,179,28,169,63,164,69
0,132,163,77,148,39,90,21,35,0,0,60,45,64,14,74,63,75,66,101,43,103,16,101,72,95,68,138,45,143,18,135,70,129,72,171,49,177,28,168,63,162,69
0,132,163,77,148,39,90,21,35,0,0,60,45,64,14,74,63,75,66,101,42,103,16,101,72,96,68,138,45,142,18,134,70,129,72,171,49,177,28,168,63,162,69
0,132,162,78,147,40,89,22,34,0,0,62,44,65,14,75,62,76,65,102,41,104,15,102,71,97,67,139,44,144,16,136,69,131,70,172,47,178,28,169,62,164,67
0,132,162,77,146,39,89,21,35,0,0,63,44,64,14,75,63,76,66,103,42,104,16,102,72,98,68,140,45,144,17,135,69,131,72,173,49,179,28,169,62,164,68
0,132,162,77,146,39,88,21,34,0,0,62,44,64,14,75,62,77,66,103,42,103,16,102,72,98,68,140,45,144,17,135,69,131,71,173,49,179,28,169,62,164,68
0,132,163,76,147,39,89,21,35,0,0,62,45,64,15,75,64,77,67,103,43,103,17,102,73,98,69,140,46,143,18,135,70,131,72,173,50,179,29,169,63,164,69
0,131,163,76,147,39,89,22,34,0,0,62,45,64,15,75,64,77,67,103,43,103,17,102,73,98,69,140,46,144,18,135,70,132,72,173,50,179,30,169,63,164,68
0,131,163,76,147,39,89,21,34,0,0,62,45,64,15,74,64,77,67,103,43,103,17,101,73,98,69,140,46,144,18,135,70,132,72,173,50,179,30,169,63,164,68
0,132,163,77,148,40,90,22,35,0,0,62,46,65,14,75,63,76,67,103,44,104,17,102,72,98,69,140,46,144,18,136,70,131,72,173,50,179,29,169,63,164,68
0,131,163,77,148,40,90,22,34,0,0,62,45,65,15,75,63,76,67,103,43,104,17,101,73,97,69,140,46,144,18,135,70,131,72,173,50,179,29,168,63,164,69
0,132,163,77,148,40,90,22,35,0,0,61,45,64,15,75,64,75,67,102,43,103,17,101,73,97,69,140,46,144,18,135,70,131,72,173,49,179,29,169,63,164,68
0,132,163,77,148,40,90,22,35,0,0,62,45,64,15,75,64,76,67,103,43,103,17,101,73,97,69,140,46,144,18,135,70,131,72,173,50,179,29,169,63,164,69
0,131,163,76,147,39,90,21,35,0,0,60,44,63,15,74,64,75,67,102,42,103,17,101,73,96,68,139,45,143,18,135,70,130,72,172,49,178,29,168,63,163,69
0,131,163,77,147,40,89,22,34,0,0,62,44,64,15,75,64,76,66,103,42,103,17,102,73,97,68,140,45,144,18,135,70,131,71,173,49,179,29,169,63,164,68
0,131,163,76,148,39,90,21,35,0,0,60,44,63,15,74,64,75,66,101,42,102,17,101,73,96,67,139,45,143,18,134,70,130,70,172,48,178,29,168,63,163,68
0,132,163,77,147,40,89,21,34,0,0,61,44,64,14,75,63,76,66,103,42,104,16,102,73,97,68,140,45,144,18,136,70,131,71,173,48,180,29,169,64,165,68
0,133,162,77,146,40,89,22,34,0,0,62,44,65,15,76,63,77,66,104,42,105,16,103,72,99,68,141,45,145,18,136,70,132,71,174,49,180,29,169,63,165,68
0,132,162,77,146,40,89,22,34,0,0,62,44,65,15,75,63,76,66,104,42,104,16,102,72,98,67,141,45,144,18,136,70,132,71,174,48,180,30,169,63,165,68
0,132,162,77,147,40,89,22,34,0,0,61,43,65,15,75,63,76,65,103,41,105,16,103,72,98,67,140,44,144,18,136,70,131,70,173,47,179,29,169,63,164,67
0,132,162,77,147,39,89,22,34,0,0,61,43,64,15,74,63,75,65,103,41,104,16,102,72,97,67,140,44,144,18,135,70,131,70,173,47,179,29,169,63,164,67
0,132,162,77,146,40,88,22,34,0,0,62,42,65,14,75,63,76,64,104,40,104,16,102,72,98,66,141,43,144,18,136,69,132,68,174,47,179,29,169,63,165,66
0,132,163,77,148,39,89,21,34,0,0,61,45,65,14,75,63,75,66,102,43,104,16,102,72,97,68,139,45,144,18,135,70,130,71,172,49,179,29,169,64,164,69
0,131,162,77,146,39,89,21,34,0,0,62,44,65,14,74,62,76,66,103,42,104,16,102,72,98,68,140,45,144,18,135,70,131,72,173,49,179,29,169,63,164,69
0,131,162,77,146,39,89,21,34,0,0,62,44,64,14,74,62,76,66,103,42,104,16,101,72,98,68,140,45,144,18,135,70,131,72,173,49,179,29,169,63,164,69
0,130,163,77,146,40,88,21,34,0,0,63,44,65,15,74,63,76,66,103,42,104,16,101,72,98,68,140,45,144,18,135,69,131,72,173,50,179,29,168,63,163,68
0,130,164,76,147,39,89,21,35,0,0,62,45,64,16,74,64,76,67,103,43,104,17,101,73,98,69,140,46,144,19,135,70,131,72,173,51,179,31,168,64,163,69
0,130,164,76,148,39,90,21,35,0,0,62,46,65,15,75,63,76,67,103,44,104,17,101,73,97,69,140,47,144,19,135,70,130,72,173,51,179,30,169,64,164,70
0,132,164,77,148,40,90,22,35,0,0,61,46,65,15,75,64,75,66,103,44,104,17,102,73,97,68,140,47,144,18,136,70,131,71,173,50,179,31,169,65,164,69
0,132,163,78,148,40,90,21,35,0,0,62,46,66,14,75,63,75,66,102,44,104,17,102,73,96,68,139,46,144,19,136,71,130,71,172,50,179,30,170,65,164,70
0,132,164,78,148,40,90,21,35,0,0,62,46,65,15,75,63,76,66,103,44,104,17,102,73,97,69,139,47,144,19,136,71,131,72,172,51,179,30,169,64,164,70
0,132,164,77,148,40,90,21,35,0,0,63,46,65,15,75,63,76,67,103,44,104,17,102,73,98,69,140,46,144,19,135,70,131,72,172,50,179,29,169,64,164,70
0,132,163,78,147,40,89,21,34,0,0,62,45,65,14,75,62,76,66,103,43,104,16,102,72,98,68,139,45,144,18,136,69,131,72,172,49,179,28,169,63,164,69
0,131,163,77,148,39,90,21,35,0,0,63,46,65,15,75,63,76,67,103,44,104,17,102,73,98,69,140,47,144,19,135,71,131,73,173,51,179,29,169,63,165,69
0,131,163,77,148,40,91,22,35,0,0,62,45,64,15,75,64,76,66,103,43,104,17,102,73,98,68,140,46,144,19,136,71,131,72,173,50,179,30,169,65,164,70
0,131,162,76,147,40,89,22,34,0,0,61,45,64,15,74,64,75,66,103,43,103,16,101,73,97,68,140,46,144,18,135,70,131,72,173,49,179,29,169,63,164,68
0,132,163,77,148,40,89,22,34,0,0,61,45,64,15,74,64,75,66,103,43,103,16,101,73,97,68,140,46,143,18,135,70,131,72,173,49,179,29,169,63,164,68
0,131,163,77,147,39,89,21,34,0,0,62,45,64,15,74,63,75,66,103,43,103,17,101,73,97,68,140,46,143,18,135,70,131,72,173,50,179,29,169,63,165,68
0,131,162,77,147,39,89,21,34,0,0,61,45,64,15,74,63,75,66,103,42,103,17,101,73,97,68,140,45,144,18,135,70,131,71,173,49,179,30,169,63,165,68
0,131,163,77,148,39,89,21,35,0,0,62,46,64,15,74,64,75,67,103,44,103,17,101,73,97,69,140,47,144,19,135,71,131,73,173,51,179,30,169,65,164,70
0,131,163,76,147,39,89,21,34,0,0,61,45,64,15,74,63,75,66,102,43,103,17,101,72,97,68,140,46,143,18,135,70,131,72,172,50,178,29,168,63,164,69
0,131,163,77,147,40,88,22,34,0,0,62,44,64,15,75,64,76,66,103,42,103,16,102,73,98,68,141,46,144,18,136,70,132,71,173,50,180,30,169,64,165,69
0,131,164,77,147,40,89,22,34,0,0,62,44,65,15,75,64,76,66,103,42,104,16,102,73,98,67,141,46,145,18,136,70,132,71,174,50,180,31,169,65,165,69
0,132,163,78,148,40,90,22,34,0,0,61,45,64,15,75,64,76,66,103,43,104,17,102,73,97,68,140,46,144,19,136,70,131,71,173,50,180,30,169,64,164,69
0,132,162,77,147,39,89,21,34,0,0,61,45,63,14,74,64,76,66,103,42,103,16,102,73,98,68,140,45,144,18,136,70,132,71,173,49,179,29,169,64,165,68
0,133,163,78,148,41,90,22,35,0,0,63,45,66,15,76,64,77,66,104,43,105,16,103,73,99,68,141,46,145,18,137,71,133,71,174,49,180,30,170,64,166,68
0,132,163,77,148,39,89,22,34,0,0,62,45,64,15,75,64,76,66,103,43,104,16,102,73,98,68,141,46,144,18,135,70,132,71,173,50,179,30,169,64,165,68
0,131,162,76,146,40,89,22,34,0,0,61,44,64,14,74,64,76,65,103,41,103,16,101,72,97,67,141,44,143,18,135,70,131,70,173,48,179,30,169,63,165,67
0,131,162,77,146,40,89,22,34,0,0,61,43,63,15,74,64,76,65,103,41,103,16,101,72,97,67,141,44,143,18,135,70,131,70,173,48,179,30,169,64,165,67
0,132,162,78,147,40,89,22,34,0,0,61,44,64,15,75,64,76,66,102,42,103,16,102,73,97,68,140,44,144,19,135,71,131,71,172,48,179,30,169,64,165,68
0,131,161,77,147,39,89,21,34,0,0,59,43,63,13,73,63,74,64,101,41,103,15,100,72,96,66,139,44,143,17,134,70,130,70,171,47,178,29,168,63,163,67
0,131,161,77,148,39,89,21,34,0,0,61,44,64,13,74,63,75,65,102,42,104,15,101,72,97,67,139,45,143,17,134,70,131,70,172,48,178,29,168,64,164,68
0,133,161,78,148,41,90,22,35,0,0,61,45,65,13,75,63,76,65,103,43,104,15,102,72,98,66,140,46,144,17,136,70,131,70,172,48,179,29,170,64,165,67
0,133,161,79,148,41,90,22,35,0,0,62,45,65,13,75,63,76,65,103,43,105,15,102,72,98,66,140,45,144,17,136,70,131,70,172,48,179,29,170,64,165,67
0,132,161,77,148,40,90,22,34,0,0,61,45,65,13,75,63,76,66,103,43,104,15,102,72,97,67,140,46,144,17,135,70,131,71,172,49,179,28,169,63,165,68
0,132,161,77,148,39,90,21,34,0,0,60,45,64,13,74,63,75,65,101,43,104,15,102,72,96,67,138,46,143,17,135,71,130,71,171,48,178,28,169,63,164,68
0,131,163,77,149,39,90,21,35,0,0,61,45,64,14,74,64,75,66,102,43,104,16,102,73,97,68,139,46,144,19,135,72,130,73,171,50,178,30,169,65,164,70
0,132,162,77,148,40,89,22,34,0,0,61,44,64,14,75,63,76,66,103,42,104,16,102,72,98,67,140,45,144,18,136,70,132,72,173,49,179,29,169,64,165,68
0,132,162,78,147,40,89,22,34,0,0,61,43,65,14,75,64,76,66,103,41,104,16,102,72,98,67,141,44,145,18,136,70,132,71,173,48,179,30,170,64,166,68
0,131,162,76,147,39,89,21,34,0,0,60,43,64,14,74,64,75,66,102,41,103,16,101,72,97,67,140,44,143,18,135,70,131,71,173,48,178,30,169,64,165,68
0,131,163,77,148,40,89,22,34,0,0,61,44,64,14,74,63,75,65,102,42,104,16,101,72,97,67,140,45,144,18,135,70,131,71,173,49,179,29,169,64,164,68
0,131,163,76,149,39,90,22,34,0,0,61,45,64,15,74,64,75,66,102,43,103,17,101,74,96,68,140,46,144,19,135,71,130,71,173,49,179,30,169,65,164,69
0,131,163,76,149,39,90,21,35,0,0,61,46,64,15,74,64,75,67,102,43,103,17,100,74,96,69,140,47,143,19,134,71,130,72,173,50,179,30,169,65,164,70
0,131,163,77,147,40,89,22,34,0,0,61,44,64,15,74,64,76,65,103,41,103,16,102,73,97,67,140,44,144,18,136,70,131,71,173,48,179,30,169,64,165,68
0,133,162,78,148,40,89,23,34,0,0,62,44,65,14,75,64,77,66,104,43,104,16,102,72,98,67,141,46,144,17,136,70,132,71,173,49,179,29,170,64,165,68
0,133,162,78,147,40,89,23,34,0,0,62,45,65,14,75,64,77,66,104,43,104,16,102,72,98,68,141,46,144,17,136,70,132,72,173,49,179,29,169,64,165,68
0,132,162,77,147,40,89,22,34,0,0,62,44,64,15,75,64,77,66,104,42,103,16,101,72,99,67,141,46,144,18,135,70,132,72,174,50,178,30,168,64,165,69
0,132,162,77,147,40,89,22,34,0,0,62,45,64,14,74,63,76,66,103,43,103,16,102,73,98,69,141,46,143,18,135,71,132,73,173,50,179,30,169,65,165,69
0,132,161,77,147,39,90,21,35,0,0,61,44,63,14,74,63,75,66,102,43,103,16,101,73,97,68,139,46,143,19,135,71,131,72,172,49,178,30,168,65,164,69
0,131,161,77,147,39,89,21,34,0,0,61,45,64,14,74,63,75,66,102,43,103,16,101,72,97,68,139,46,143,18,135,71,131,72,172,50,178,29,168,64,164,69
0,131,161,77,147,39,89,21,35,0,0,61,44,64,14,74,63,75,66,102,42,103,16,101,72,97,67,139,46,143,18,135,70,131,71,172,49,178,29,168,64,164,68
0,132,161,77,147,40,89,22,34,0,0,61,44,64,14,75,64,76,66,103,42,103,16,101,72,98,67,140,46,144,18,135,70,132,71,173,50,179,29,169,64,165,68
0,132,162,78,147,40,89,22,34,0,0,63,45,65,14,75,63,77,67,104,43,104,17,102,73,98,69,141,47,144,18,136,71,132,73,174,50,180,30,169,64,165,70
0,131,161,77,146,40,88,22,34,0,0,61,44,64,14,74,62,76,65,103,42,104,16,102,72,98,68,140,45,144,18,135,70,131,71,172,49,179,29,169,63,164,69
0,131,162,77,147,40,89,22,34,0,0,61,45,64,14,74,63,75,66,102,43,103,17,101,72,97,68,139,46,143,18,135,70,131,72,172,50,179,30,169,64,164,69
0,131,162,77,147,40,89,22,34,0,0,61,45,63,14,74,63,76,66,103,43,103,16,101,72,98,68,140,46,143,18,135,70,131,72,172,50,179,29,169,64,164,69
0,131,162,77,146,40,89,22,34,0,0,62,44,63,15,74,63,76,66,104,42,103,16,101,72,98,67,141,46,143,18,135,69,132,71,173,50,179,30,168,63,164,68
0,131,162,77,146,40,89,22,34,0,0,62,44,63,15,74,63,75,66,104,42,102,16,101,72,97,67,141,46,143,18,135,69,132,70,173,50,179,30,168,64,164,68
0,132,162,78,147,40,89,22,34,0,0,63,44,64,14,74,63,76,65,103,42,103,16,101,72,97,67,141,45,144,18,135,69,131,69,173,48,179,30,169,64,165,67
0,132,163,77,148,40,90,21,35,0,0,63,45,64,15,74,64,76,66,104,43,103,17,101,73,97,67,141,46,144,19,135,70,132,70,173,50,179,31,169,65,165,69
0,131,163,77,147,40,89,21,34,0,0,62,45,64,15,74,64,76,66,104,43,103,17,101,73,97,67,141,46,144,19,134,70,131,70,174,49,179,31,168,65,164,69
0,131,163,77,147,40,89,22,34,0,0,62,45,64,15,74,64,76,66,104,43,103,17,101,73,98,67,141,46,144,19,135,70,131,71,174,50,179,31,169,65,165,69
0,131,163,77,148,40,89,22,35,0,0,61,44,64,14,74,64,75,66,103,42,103,16,101,73,97,67,141,46,143,19,135,71,132,70,174,50,179,31,169,65,165,69
0,131,163,77,148,40,89,22,35,0,0,62,44,64,14,74,64,75,66,103,42,103,16,101,73,97,67,141,46,144,19,135,71,131,70,173,49,179,31,169,65,165,69
0,131,162,77,147,39,89,21,34,0,0,61,45,64,14,74,63,75,66,102,43,103,16,101,72,97,68,139,46,143,18,134,70,130,71,172,50,178,29,168,63,164,69
0,132,162,77,148,40,89,22,34,0,0,61,45,64,14,74,63,76,66,103,43,104,16,101,72,98,68,140,46,144,18,136,71,131,73,173,50,179,30,170,64,165,70
0,131,162,77,148,39,89,21,34,0,0,60,45,63,14,74,63,75,66,102,43,103,16,101,73,97,69,139,46,144,18,135,71,130,73,172,50,179,29,169,64,164,70
0,130,162,76,147,39,89,21,34,0,0,62,44,64,14,74,63,76,66,103,43,104,16,101,72,98,68,140,46,144,18,134,70,131,72,172,50,179,30,168,64,163,70
0,131,163,77,148,40,90,21,34,0,0,62,44,65,14,74,63,76,66,103,43,104,16,101,72,97,68,139,46,144,18,135,70,131,71,172,50,179,29,169,64,164,69
0,131,162,77,147,40,89,21,34,0,0,62,44,64,14,74,63,76,65,103,42,103,16,101,72,97,67,139,46,144,18,135,71,131,71,172,50,179,29,168,64,164,69
0,131,162,77,147,40,89,22,34,0,0,61,44,64,14,74,63,75,65,102,42,103,16,101,72,97,67,140,45,144,17,135,70,131,71,172,49,179,29,168,64,163,69
0,132,163,78,148,40,90,22,35,0,0,62,45,64,15,74,64,76,66,103,43,104,17,101,73,97,68,141,46,144,19,136,71,132,72,173,50,180,30,169,65,165,69
0,132,163,78,148,40,90,22,35,0,0,62,45,65,15,75,64,76,67,103,43,104,17,102,73,98,69,140,46,144,19,136,71,132,73,173,50,180,30,170,65,165,70
0,132,163,78,148,41,90,22,34,0,0,63,46,66,14,75,63,76,67,103,44,105,16,102,73,98,69,140,47,145,18,136,71,132,73,173,51,180,30,170,64,164,71
0,133,163,78,148,40,90,22,35,0,0,62,45,65,14,75,63,76,66,103,44,104,16,102,73,98,68,140,47,145,18,136,71,132,72,173,50,180,30,170,64,165,70
0,131,161,77,147,39,89,22,34,0,0,62,45,64,15,74,63,76,66,103,43,103,16,101,72,98,68,140,45,143,18,135,70,132,71,173,49,179,29,169,64,165,69
0,133,162,78,147,40,89,22,34,0,0,63,46,66,14,76,63,77,66,104,44,105,16,103,72,98,67,141,47,145,18,136,70,132,70,173,50,180,29,170,64,165,68
0,133,162,79,147,41,89,22,34,0,0,62,45,66,14,76,63,76,66,103,43,105,16,103,72,98,67,140,46,145,18,136,70,132,70,173,49,180,29,170,64,165,68
0,132,162,78,147,40,90,21,34,0,0,61,45,65,14,75,63,75,66,102,43,104,16,102,72,97,67,139,46,144,18,135,70,131,70,172,49,179,29,169,63,164,68
0,132,162,78,147,40,89,22,34,0,0,63,45,65,14,75,63,76,65,104,43,104,16,102,72,98,67,141,46,144,18,136,70,132,70,173,49,179,29,169,64,165,68
0,133,162,79,147,40,89,22,34,0,0,63,45,65,14,75,63,76,65,104,43,104,16,102,72,98,67,140,46,144,18,136,70,132,71,173,49,179,29,170,64,165,69
0,133,162,78,146,40,89,22,34,0,0,63,45,65,14,75,63,77,66,104,43,104,16,102,72,98,67,141,46,144,18,136,70,132,71,173,50,179,29,169,63,165,68
0,133,162,77,146,39,89,21,34,0,0,61,45,64,13,75,63,76,65,103,42,103,15,102,71,97,67,140,45,144,17,135,69,131,71,172,49,179,29,169,63,164,68
0,132,162,77,146,40,88,22,34,0,0,62,43,64,14,74,63,76,64,103,41,103,15,101,71,98,66,140,44,143,17,135,69,131,70,173,48,178,28,168,62,164,67
0,133,162,78,146,40,88,23,34,0,0,62,44,64,14,75,63,76,64,104,41,103,15,101,71,98,66,141,45,144,17,135,69,132,70,174,48,179,29,169,62,164,67
0,131,162,77,147,40,89,21,35,0,0,62,44,63,15,74,63,75,65,103,42,103,16,100,72,97,67,140,45,143,18,134,70,131,70,172,49,179,30,168,64,163,68
0,131,162,76,147,39,89,21,34,0,0,61,44,63,14,73,63,75,65,102,42,103,16,100,72,97,67,139,45,143,18,134,70,131,71,172,49,178,30,168,64,163,68
0,131,163,76,147,39,89,21,35,0,0,61,45,63,15,74,64,75,66,102,43,103,17,100,73,96,68,140,46,143,19,135,71,130,72,172,50,179,31,169,65,164,70
0,133,162,77,147,40,89,22,34,0,0,61,44,64,14,75,63,77,66,103,42,103,15,102,72,98,68,141,45,144,17,136,70,132,71,174,48,179,29,170,64,165,68
0,132,163,78,147,40,90,22,35,0,0,62,45,64,16,75,65,77,66,104,43,104,16,102,73,99,68,141,46,144,18,136,71,133,72,173,49,179,30,170,65,165,69
0,132,162,77,147,40,90,23,35,0,0,61,45,64,16,75,65,77,66,104,42,103,16,102,73,98,68,141,46,144,18,136,71,132,71,173,49,179,31,170,65,165,69
0,132,163,78,147,40,89,22,35,0,0,62,45,64,15,75,64,77,66,104,43,103,16,102,73,99,68,141,46,144,19,136,71,133,72,174,50,179,30,169,64,165,69
0,132,163,77,147,40,90,21,35,0,0,62,45,63,15,74,64,76,66,103,43,103,16,101,72,98,68,140,46,143,19,135,71,132,72,173,50,178,30,169,64,164,69
0,133,162,77,147,40,89,22,34,0,0,61,46,64,15,75,64,76,67,103,43,104,17,102,73,98,68,141,46,144,18,136,71,132,73,173,50,180,30,170,64,165,69
0,133,161,78,147,40,88,22,34,0,0,62,44,64,14,75,63,76,65,103,42,104,16,102,72,98,67,141,45,144,17,136,70,132,70,173,48,179,29,169,63,165,68
0,133,162,77,147,39,89,22,34,0,0,62,45,64,15,75,64,76,66,104,43,103,16,102,72,98,68,141,46,144,18,136,70,132,71,173,49,180,30,169,64,165,69
0,133,162,77,147,39,89,22,34,0,0,62,45,64,15,75,64,76,66,103,43,103,16,102,72,98,68,141,46,144,18,136,70,132,71,173,49,180,29,170,64,165,69
0,132,163,77,147,40,89,22,34,0,0,62,44,64,15,75,63,76,66,103,42,104,16,102,72,98,68,141,45,144,18,136,70,132,71,173,49,180,29,170,63,165,68
0,132,162,77,147,40,89,22,34,0,0,62,44,64,15,75,64,76,66,103,41,103,16,102,72,98,67,141,44,144,18,136,70,132,71,174,48,179,29,169,64,165,68
1,88,281,36,264,0,212,12,160,50,152,13,149,7,95,8,60,12,27,44,138,39,76,41,36,44,0,74,142,71,83,70,44,70,9,106,156,103,110,101,79,100,50
1,88,280,36,263,0,212,12,160,50,151,13,149,6,95,8,60,12,28,44,138,38,76,40,36,43,0,74,142,70,83,69,44,69,10,107,155,104,109,101,78,99,50
1,87,280,36,263,0,212,12,161,50,151,12,148,6,94,7,60,12,27,43,138,38,76,39,36,42,0,74,142,70,83,69,44,69,9,107,155,103,109,101,78,99,50
1,89,280,37,263,0,212,12,161,50,151,13,149,7,95,8,60,12,27,44,138,39,76,40,36,43,0,75,142,71,83,70,44,69,10,107,156,104,110,101,78,99,50
1,88,281,37,263,0,212,12,160,51,152,13,149,7,95,8,60,12,27,44,138,39,76,40,36,43,0,75,142,71,83,70,44,69,10,107,156,104,110,102,78,99,50
1,88,281,37,264,0,212,12,160,51,153,13,149,6,95,7,61,11,28,43,139,38,77,39,37,42,0,74,143,70,84,69,45,69,10,107,157,103,110,100,79,98,50
1,88,281,37,263,0,212,12,161,51,153,13,149,6,95,7,61,11,28,43,139,38,76,39,36,42,0,74,142,70,83,69,44,68,10,107,156,103,110,100,79,98,50
1,88,280,37,263,0,212,12,162,51,153,13,149,6,95,7,60,11,28,43,139,38,76,39,36,42,0,74,142,70,83,69,44,68,10,106,155,103,109,100,78,98,50
1,88,281,36,264,0,213,12,162,51,153,13,149,6,95,7,60,11,28,43,138,38,76,39,36,42,0,74,142,70,83,69,44,68,10,106,155,103,109,100,78,98,50
1,88,281,36,263,0,211,12,160,50,152,12,149,6,95,7,60,11,28,43,138,38,76,39,36,41,0,74,142,70,83,68,44,67,9,106,155,102,109,99,78,98,49
1,89,280,37,264,0,212,12,160,51,152,13,149,7,95,8,61,12,29,44,138,38,76,40,36,42,0,75,142,70,83,69,44,68,9,107,155,103,109,100,78,98,49
1,89,280,37,263,0,211,13,160,51,152,13,149,7,96,8,61,12,29,44,138,38,76,40,36,42,0,75,142,70,83,69,44,68,9,107,155,103,109,101,78,99,49
1,89,281,36,263,0,211,13,160,51,153,12,149,6,95,7,60,11,28,43,138,37,76,38,36,41,0,74,142,69,83,68,44,67,10,106,155,102,109,99,78,97,49
1,88,281,37,263,0,212,12,161,50,153,13,149,6,95,7,61,11,28,43,138,38,76,39,37,41,0,74,142,70,83,68,45,67,10,106,155,103,110,100,78,98,50
1,88,281,37,263,0,212,12,161,50,153,12,149,6,95,7,61,11,28,43,138,38,76,39,37,41,0,74,142,70,83,68,45,68,10,106,155,103,110,100,78,98,50
1,88,281,36,263,0,212,11,161,49,153,12,149,6,96,6,61,11,28,43,139,37,77,38,37,40,0,73,142,69,84,68,45,66,10,106,155,102,110,100,78,97,50
1,88,281,36,264,0,212,11,160,49,152,12,150,5,96,6,61,10,28,43,139,37,77,38,37,40,0,73,143,69,84,68,45,66,10,106,156,102,110,100,78,98,50
1,88,281,37,263,0,213,12,161,49,152,12,150,5,96,6,61,10,28,43,139,37,77,38,37,40,0,74,143,69,84,68,45,67,10,106,156,103,110,100,78,98,50
1,87,281,36,263,0,213,11,162,48,152,11,150,4,96,5,61,9,28,42,139,36,77,37,37,39,0,73,143,68,84,67,45,66,10,105,156,102,110,99,79,97,50
1,87,281,37,264,0,213,11,161,49,151,13,150,5,96,6,61,10,28,43,139,37,77,38,37,41,0,74,143,70,84,68,45,67,10,106,156,103,110,100,79,98,50
1,87,280,36,263,0,213,10,160,48,151,11,149,4,95,5,60,9,27,42,138,36,76,37,36,40,0,73,142,68,83,67,44,66,10,105,155,102,109,99,78,97,49
1,87,280,36,263,0,212,10,160,48,150,11,149,4,95,5,60,9,27,42,138,36,76,37,36,40,0,73,142,68,83,67,44,66,9,106,155,102,109,99,78,97,49
1,87,280,36,264,0,214,10,162,48,152,11,150,4,96,5,61,9,29,42,139,37,77,38,37,40,0,73,143,69,84,67,45,66,10,105,156,102,110,100,78,98,50
1,88,280,37,263,0,214,11,162,49,152,13,150,6,96,6,61,10,29,44,139,38,77,39,37,41,0,74,142,70,83,68,45,68,10,106,155,103,110,101,78,99,50
1,87,281,37,264,0,214,10,162,48,152,12,150,5,96,5,61,9,29,42,139,37,77,37,37,40,0,73,142,69,84,67,45,66,10,106,155,102,110,100,78,98,50
1,87,279,37,263,0,213,10,161,48,150,12,149,5,95,5,60,9,28,43,139,37,76,38,36,40,0,73,142,69,83,67,44,67,9,106,155,102,109,100,77,98,49
1,87,280,37,263,0,214,10,162,47,151,11,149,4,95,5,60,9,28,42,139,36,76,38,36,40,0,73,142,69,83,67,44,66,9,105,155,102,109,100,77,98,49
1,87,280,37,263,0,213,10,161,48,151,11,150,4,95,5,60,9,28,42,139,36,76,37,36,40,0,73,142,69,83,67,44,66,9,105,155,102,109,100,77,98,49
1,86,280,36,262,0,212,11,161,47,150,11,150,4,96,5,61,9,28,42,139,36,77,38,37,40,0,73,142,68,83,67,44,66,9,105,155,102,109,99,78,97,49
1,87,280,37,262,0,213,11,162,47,150,12,150,5,96,5,61,9,28,43,139,37,76,38,36,40,0,74,143,69,83,68,44,67,9,106,156,103,110,100,78,98,49
1,87,280,37,263,0,214,11,163,48,151,12,150,5,95,5,61,9,28,43,139,37,76,38,36,41,0,74,142,69,83,68,45,67,10,106,156,102,109,100,78,98,50
1,87,280,37,263,0,214,11,162,48,151,12,150,5,95,5,61,9,28,43,139,37,76,38,36,40,0,74,142,69,83,67,45,67,10,106,156,102,109,100,78,98,50
1,86,280,36,262,0,213,10,161,48,152,11,150,3,96,4,61,8,28,41,139,35,76,37,37,39,0,72,142,68,83,67,45,66,10,105,156,102,110,99,78,97,50
1,87,280,37,262,0,213,11,162,49,152,11,150,4,96,5,61,9,28,42,139,36,77,37,37,40,0,73,142,69,83,68,45,67,10,106,156,103,110,100,78,98,50
1,88,280,37,263,0,214,10,161,49,151,11,150,4,95,5,61,9,28,42,139,37,76,38,36,40,0,73,142,69,83,68,45,67,10,106,156,103,110,100,78,98,50
1,88,280,37,263,0,214,11,162,49,151,11,150,5,96,5,61,10,29,42,139,36,76,38,37,40,0,73,142,69,83,68,45,67,10,105,155,102,110,99,78,97,50
1,88,280,37,263,0,213,10,162,48,151,11,149,5,95,6,61,10,29,42,138,37,76,38,36,40,0,73,142,69,83,67,44,67,10,105,155,102,110,99,78,97,50
1,88,280,37,263,0,214,10,162,48,151,11,150,4,96,5,61,10,29,42,139,36,77,38,37,40,0,73,142,68,84,67,45,66,10,105,156,101,110,99,79,97,50
1,89,280,38,263,0,213,12,162,50,151,12,150,5,96,6,62,10,29,43,139,37,77,39,37,41,0,74,142,70,83,68,44,67,10,106,155,103,110,100,78,98,50
1,88,279,37,263,0,213,12,162,50,152,12,150,6,96,7,61,10,29,43,139,37,76,39,36,41,0,74,142,70,83,69,44,68,9,106,155,103,109,101,78,98,50
1,87,279,37,262,0,213,10,161,48,150,12,149,5,95,5,61,9,28,42,138,37,76,37,36,40,0,73,141,69,82,67,44,65,9,106,154,102,109,99,78,96,49
1,87,279,36,262,0,213,10,162,47,150,12,149,4,95,5,60,9,28,42,138,36,76,37,36,40,0,73,141,69,82,67,44,66,9,105,154,102,109,99,77,96,49
1,87,279,36,262,0,213,10,162,47,150,12,149,5,95,5,60,9,28,42,138,36,76,38,36,40,0,73,141,69,82,67,44,66,9,105,154,102,109,99,78,96,49
1,87,280,36,263,0,214,10,162,47,151,11,150,4,96,5,61,9,28,42,139,36,77,37,37,39,0,73,142,68,83,67,45,66,10,105,155,102,109,99,78,97,50
1,88,279,37,262,0,213,11,161,48,152,12,149,5,96,6,61,10,28,43,138,37,76,38,37,41,0,74,142,69,83,68,45,67,10,106,155,102,109,100,78,98,50
1,88,279,37,262,0,213,11,161,48,152,12,149,5,96,6,61,10,29,43,138,37,77,38,37,40,0,74,142,69,83,68,45,67,10,106,155,102,109,100,78,98,50
1,87,279,36,262,0,213,10,162,47,151,11,149,4,96,4,61,8,28,42,138,36,76,37,36,40,0,72,142,68,83,67,44,66,9,104,155,101,110,99,78,96,49
1,87,278,36,261,0,212,11,161,48,151,12,148,5,95,5,60,9,28,43,138,37,76,38,36,40,0,73,141,69,82,68,44,67,9,106,154,102,109,100,77,97,49
1,87,278,37,261,0,212,11,162,48,151,11,148,4,94,5,60,9,28,42,137,36,75,38,36,40,0,73,141,69,82,68,43,67,9,105,154,102,109,100,77,97,49
1,87,278,36,261,0,213,10,162,47,151,10,148,3,94,5,60,9,28,41,138,35,75,37,36,39,0,72,141,68,82,66,43,65,9,104,154,101,108,99,77,96,49
1,88,279,37,263,0,215,10,163,47,151,11,149,5,95,6,61,10,28,42,138,36,76,37,37,40,0,73,142,69,83,67,44,67,10,105,155,102,109,99,78,97,49
1,88,279,37,263,0,214,10,163,47,151,11,149,5,95,5,61,10,28,42,138,36,76,37,37,40,0,73,142,69,83,67,44,66,10,105,155,102,109,99,78,97,49
1,87,279,36,261,0,212,11,161,49,152,12,149,5,95,5,61,9,28,42,138,37,76,37,36,40,0,73,141,69,83,67,44,66,9,105,154,102,109,99,78,97,49
1,87,279,36,261,0,212,11,161,48,152,11,148,4,94,5,60,9,28,42,137,36,76,37,36,39,0,73,141,69,82,67,44,65,9,105,154,101,109,98,77,96,49
1,87,279,36,261,0,212,11,161,49,152,11,148,4,94,5,60,9,27,42,137,36,76,37,36,39,0,73,141,68,83,67,44,66,10,105,154,101,109,98,77,96,49
1,87,279,36,261,0,211,12,161,49,152,11,148,4,94,5,60,9,27,42,138,36,76,37,36,39,0,73,141,68,83,66,44,65,10,105,154,101,109,98,77,96,49
1,87,280,37,262,0,213,12,162,49,152,11,149,4,96,5,61,9,29,42,139,36,77,37,37,39,0,73,142,68,84,67,45,65,10,105,155,101,109,98,78,96,50
1,87,279,37,262,0,213,11,162,49,152,11,149,4,96,5,61,9,29,42,138,36,76,37,37,39,0,73,142,68,83,66,45,65,10,105,155,101,109,98,78,96,50
1,87,279,37,262,0,213,10,162,49,151,11,149,5,95,5,60,9,28,42,138,36,76,37,36,40,0,73,142,68,82,67,44,66,9,105,155,101,109,98,78,96,49
1,88,280,37,263,0,214,10,162,49,152,11,150,5,96,5,61,9,29,42,139,37,77,38,37,40,0,72,142,68,83,67,45,66,10,104,155,101,110,98,79,96,51
1,88,280,37,263,0,214,10,162,49,152,11,150,5,96,6,61,9,29,42,139,37,77,38,37,40,0,72,142,68,83,67,45,66,10,104,155,101,110,98,79,96,51
1,87,280,36,262,0,213,10,162,48,152,11,150,5,96,5,61,9,29,42,139,37,77,38,37,40,0,72,142,68,83,67,45,66,10,104,155,101,110,98,79,96,50
1,87,279,36,263,0,214,10,162,48,152,11,150,5,96,5,61,9,29,42,139,37,77,38,37,40,0,72,142,68,83,67,45,66,10,104,155,101,110,99,79,96,51
1,88,279,37,263,0,213,11,162,50,152,12,150,6,96,7,61,10,29,43,139,38,77,38,37,41,0,73,142,69,83,68,45,67,10,106,155,102,110,100,79,98,50
1,88,280,37,264,0,213,11,161,49,152,12,150,6,96,6,61,10,29,42,139,37,77,38,37,41,0,73,142,69,84,68,45,67,10,105,156,102,110,99,79,97,51
1,88,280,36,262,0,212,11,162,48,152,11,150,4,96,5,61,9,29,41,139,36,77,37,37,40,0,72,142,68,84,67,45,66,10,104,155,101,110,98,79,96,50
1,88,279,36,262,0,213,11,162,48,152,11,150,4,96,5,61,9,29,41,139,36,77,37,37,40,0,72,143,68,84,67,45,66,10,104,155,101,110,98,79,96,50
1,89,280,37,263,0,212,11,160,50,152,12,150,6,96,6,61,10,29,42,139,37,77,38,37,41,0,73,142,69,83,68,45,67,10,105,155,102,110,99,79,97,51
1,89,280,37,263,0,212,12,160,50,152,12,149,6,96,6,61,10,29,42,138,37,77,39,37,41,0,73,142,69,84,68,45,67,10,105,155,102,110,99,79,97,51
1,88,280,37,263,0,212,11,160,50,152,11,149,5,96,6,61,10,29,42,138,37,77,38,37,41,0,73,142,69,83,68,45,67,10,105,155,102,110,99,79,97,50
1,87,279,36,261,0,211,11,160,50,151,10,148,4,95,5,60,9,28,41,138,36,76,37,36,39,0,72,141,68,83,67,44,65,9,104,155,101,109,98,78,96,49
1,87,280,37,263,0,213,11,162,49,153,11,150,5,96,5,62,8,29,41,139,36,77,37,37,39,0,72,143,68,84,66,45,65,10,104,156,101,110,98,79,96,51
1,87,280,36,263,0,213,11,161,50,153,11,150,5,96,5,61,9,29,41,139,36,77,37,37,40,0,72,143,68,84,66,45,66,10,104,156,101,110,98,79,96,50
1,87,279,36,262,0,211,11,160,49,151,11,149,5,95,6,61,9,28,41,138,36,76,38,36,40,0,72,141,68,83,67,44,66,9,104,155,101,109,98,78,96,49
1,87,279,36,262,0,212,11,160,49,151,11,149,5,95,5,60,9,28,41,138,36,76,37,36,40,0,72,141,68,82,66,44,65,9,104,155,101,109,99,77,97,49
1,87,279,36,261,0,212,10,160,48,151,11,149,5,95,5,60,9,28,41,138,36,76,37,36,40,0,72,141,68,82,66,44,65,9,104,155,101,109,99,78,97,49
1,88,279,37,262,0,211,11,159,51,151,12,149,6,95,7,61,11,28,42,138,38,76,39,36,41,0,73,142,69,83,68,44,66,9,105,155,101,109,99,78,97,50
1,87,279,36,261,0,210,11,159,50,151,11,149,5,95,6,61,9,28,42,138,36,76,38,36,40,0,72,142,68,83,66,44,65,9,104,155,100,109,98,78,96,49
1,87,278,36,261,0,211,11,159,50,151,11,149,5,95,6,61,10,28,42,139,36,77,37,37,39,0,72,142,68,83,66,44,65,10,104,155,101,109,98,78,97,50
1,87,278,36,261,0,211,11,160,50,151,11,150,5,96,6,61,9,29,42,139,36,77,37,37,39,0,72,142,68,83,67,45,66,10,104,155,101,109,98,78,97,50
1,87,279,36,262,0,211,11,159,50,152,11,149,5,96,6,61,10,29,42,139,37,77,38,37,40,0,72,142,68,83,67,45,67,10,104,155,101,110,98,78,96,50
1,87,279,36,262,0,211,11,159,51,151,11,149,5,96,6,61,10,28,42,139,37,77,38,37,40,0,72,142,68,83,67,45,67,10,104,155,101,110,98,78,96,50
1,87,277,36,260,0,209,12,158,51,150,11,148,5,95,6,60,9,28,42,137,37,76,38,36,40,0,72,141,68,82,67,44,66,9,104,154,101,109,99,77,97,49
1,87,277,36,260,0,210,11,159,50,150,11,148,5,95,5,60,9,28,41,138,37,76,38,36,40,0,72,141,68,83,67,44,66,10,104,154,101,109,98,78,96,50
1,87,277,36,260,0,210,12,159,51,150,11,148,5,95,5,60,9,28,41,138,37,76,38,36,40,0,72,141,68,83,67,44,66,10,104,154,101,109,98,78,96,50
1,87,278,36,261,0,212,12,160,50,151,11,149,5,96,6,61,9,29,41,139,36,77,37,37,39,0,72,142,68,84,67,45,66,10,104,155,101,110,98,79,96,51
1,87,278,36,261,0,211,12,160,50,151,11,149,5,96,6,61,9,29,41,139,36,77,37,37,39,0,72,142,68,84,67,45,65,10,104,155,101,110,98,79,96,51
1,87,278,36,262,0,211,12,159,51,151,11,149,5,96,6,61,9,29,41,138,36,77,37,37,39,0,72,142,68,83,67,45,66,10,104,154,101,109,99,78,97,51
1,87,277,36,260,0,210,11,159,50,149,11,148,5,94,6,60,9,28,41,137,37,76,38,36,40,0,72,141,68,82,67,44,66,10,104,154,101,108,98,77,96,49
1,87,277,36,260,0,210,12,158,50,149,11,148,5,94,6,60,9,27,42,137,36,76,37,36,40,0,72,141,68,82,66,44,66,9,104,154,101,108,98,77,97,49
1,87,277,36,260,0,210,12,158,50,149,11,148,5,94,6,60,9,28,42,137,36,76,37,36,40,0,72,141,68,82,66,44,66,9,104,154,101,108,98,77,97,49
1,87,278,36,260,0,210,12,159,50,151,11,148,5,95,6,60,10,28,41,138,36,76,38,36,40,0,72,141,68,83,67,44,67,10,104,154,100,109,98,78,96,50
1,87,278,36,260,0,210,11,159,50,150,11,148,5,94,6,60,9,28,41,137,37,76,38,36,40,0,72,141,68,83,67,44,66,10,104,154,100,109,98,78,96,50
1,87,278,36,260,0,210,12,159,51,150,11,148,5,94,6,60,9,28,42,137,37,75,38,36,40,0,72,141,68,82,67,44,66,10,104,154,101,109,99,78,97,50
1,87,277,36,260,0,211,10,159,49,149,11,148,5,94,6,60,9,28,42,137,37,75,38,36,40,0,72,141,68,82,67,44,66,9,104,154,101,108,98,77,96,49
1,87,277,36,260,0,211,10,160,49,149,11,148,5,94,6,60,9,28,42,137,36,75,38,36,40,0,72,141,68,82,66,44,65,9,104,154,101,108,98,77,96,49
1,86,278,36,261,0,211,11,160,49,151,11,149,5,95,6,61,10,28,42,138,37,76,38,36,40,0,72,142,68,83,67,45,66,10,104,155,101,109,99,78,97,50
1,86,278,36,261,0,211,11,160,50,150,11,149,5,95,5,61,9,28,42,138,36,76,37,37,40,0,72,142,68,83,67,45,65,11,104,155,101,109,99,78,97,50
1,87,278,36,261,0,210,12,158,52,151,12,148,6,95,7,60,10,28,43,138,38,76,39,36,41,0,73,141,69,83,68,44,67,10,105,154,102,109,99,78,97,50
1,87,278,36,261,0,210,12,159,51,150,12,148,6,95,7,60,10,28,43,138,38,76,39,36,41,0,73,141,69,83,68,44,67,9,106,154,102,109,99,78,97,49
1,87,278,36,261,0,211,11,160,49,151,11,148,4,94,5,60,9,28,41,137,36,75,37,36,40,0,72,141,68,82,67,44,66,10,104,154,101,108,98,77,96,49
1,86,278,36,260,0,211,11,160,49,150,11,148,5,94,6,60,10,28,42,137,37,75,38,36,41,0,72,141,68,82,67,44,67,10,104,154,101,109,98,77,96,49
1,87,278,36,261,0,211,11,159,50,150,11,147,5,94,6,60,10,28,41,137,37,75,38,36,40,0,72,141,68,82,67,44,66,10,104,154,101,109,98,77,96,49
1,87,279,36,262,0,212,11,160,50,151,11,148,5,95,6,61,10,29,41,138,37,76,38,37,40,0,72,142,68,83,67,45,66,11,104,155,101,110,98,78,96,50
1,86,278,36,261,0,212,11,160,49,150,11,149,5,95,6,61,10,28,42,138,37,76,38,36,40,0,72,142,68,83,67,44,65,10,104,155,101,110,98,78,96,50
1,86,278,37,261,0,213,10,161,48,149,11,149,5,95,6,61,10,28,42,138,37,76,38,36,40,0,72,141,68,83,67,44,65,10,104,154,101,109,98,78,96,50
1,85,278,36,261,0,213,9,161,47,149,10,149,4,95,5,61,9,28,41,138,36,76,37,36,39,0,71,141,67,82,66,44,64,9,103,154,100,109,97,78,95,50
1,86,278,36,260,0,211,11,160,49,150,11,149,5,95,6,61,9,29,42,138,37,76,38,36,40,0,72,141,68,82,67,44,66,9,104,154,101,109,99,77,96,49
1,86,278,36,260,0,211,11,159,51,150,11,148,5,95,6,60,9,28,42,137,37,76,38,36,40,0,72,141,69,82,67,44,66,10,104,154,101,109,99,78,97,49
1,86,278,36,260,0,210,12,159,50,150,11,148,5,94,6,60,10,28,42,137,37,75,38,36,40,0,72,141,69,82,67,44,66,10,104,154,102,109,99,78,97,50
1,86,278,36,261,0,211,11,160,50,149,11,148,5,94,6,60,10,28,42,137,37,76,38,36,41,0,72,141,69,83,67,45,66,10,104,154,101,109,99,78,97,50
1,86,278,36,261,0,211,12,160,50,150,11,148,5,94,6,60,10,28,42,137,37,76,38,36,40,0,72,141,68,83,67,45,66,10,104,154,101,109,99,78,97,49
1,87,279,36,261,0,211,12,159,51,150,11,148,5,94,6,60,10,28,42,137,37,76,38,36,40,0,72,141,68,83,67,45,65,10,104,154,101,109,99,78,97,49
1,87,278,36,260,0,211,12,159,50,150,11,148,5,94,6,60,9,28,42,137,37,75,38,36,40,0,72,141,69,83,68,44,66,9,104,154,102,109,100,77,98,49
1,87,278,37,261,0,212,10,161,49,150,11,148,5,94,5,60,9,28,42,138,37,76,38,36,40,0,72,141,69,83,67,45,66,10,104,154,102,109,99,78,97,49
1,87,277,36,261,0,212,11,160,49,150,11,148,5,94,6,60,9,28,42,137,37,76,38,36,41,0,72,141,69,83,67,44,66,10,104,154,102,109,99,78,97,50
1,87,278,36,260,0,211,11,160,49,150,11,148,5,95,6,60,9,28,42,138,37,76,38,36,40,0,72,141,69,83,67,44,66,10,104,154,102,109,99,78,97,50
1,87,278,36,261,0,212,11,160,50,149,11,149,5,95,6,60,9,28,42,138,37,76,38,36,40,0,72,141,69,83,68,44,66,10,104,154,101,109,99,78,97,50
1,87,278,36,261,0,212,11,159,50,150,11,148,5,95,6,60,9,28,42,138,37,76,38,36,40,0,72,141,69,83,68,44,66,10,104,154,101,109,99,78,97,50
1,87,279,36,261,0,212,11,160,50,150,11,149,5,95,6,61,9,29,42,138,37,76,38,37,40,0,72,142,69,83,67,44,66,10,104,155,102,109,99,78,98,50
1,86,278,36,260,0,211,11,160,49,149,11,148,5,94,5,60,9,27,42,137,37,75,38,36,40,0,72,141,69,82,67,44,66,9,105,154,102,108,99,77,97,49
1,87,278,37,261,0,212,12,161,50,150,13,148,6,95,7,60,10,28,43,138,38,76,39,36,42,0,74,142,70,83,69,45,68,10,106,155,103,109,101,78,99,50
1,87,278,37,260,0,212,11,161,50,150,13,148,6,95,7,60,10,28,43,138,38,76,39,36,42,0,74,141,70,83,69,44,68,10,106,155,103,109,101,78,99,50
1,86,278,36,260,0,212,10,161,47,149,11,148,5,94,6,60,10,28,42,137,37,76,38,36,41,0,73,141,69,83,67,45,67,10,105,154,102,109,99,77,97,49
1,86,278,36,260,0,212,10,161,47,149,12,148,5,94,6,60,9,28,42,138,37,76,38,36,41,0,73,141,69,83,68,44,67,10,105,154,102,108,100,77,98,49
1,87,278,37,261,0,214,10,162,47,149,12,149,5,95,5,61,9,28,42,138,37,76,38,36,41,0,73,141,69,82,68,44,67,10,105,154,102,108,99,77,97,49
1,86,277,36,260,0,213,10,162,47,149,12,148,5,94,6,60,9,28,42,137,37,75,38,36,41,0,73,141,69,83,68,45,67,10,105,154,102,108,100,77,97,49
1,87,278,37,261,0,213,11,161,49,150,13,149,6,96,7,61,10,29,43,138,38,76,40,36,42,0,74,142,71,83,69,45,68,11,105,155,103,109,101,78,99,50
1,87,277,37,261,0,213,11,162,49,150,13,149,6,96,7,61,10,29,43,138,38,76,40,36,42,0,74,141,71,83,69,45,68,11,105,154,103,109,101,78,99,50
1,86,276,36,259,0,212,10,162,48,150,12,148,5,94,6,60,10,28,42,137,37,75,39,36,41,0,73,140,69,82,68,44,67,10,104,153,102,108,100,77,98,49
1,86,276,36,259,0,213,10,162,47,150,12,148,5,94,6,60,10,28,42,137,37,75,39,36,41,0,73,140,69,82,68,44,67,10,105,153,102,108,100,77,98,49
1,86,276,36,259,0,212,11,162,47,150,11,147,5,94,6,60,10,27,42,137,37,75,39,35,41,0,73,140,69,81,68,43,67,9,105,153,102,108,100,77,98,50
1,86,276,36,259,0,212,11,161,47,149,11,148,5,94,6,60,10,28,42,137,37,75,39,36,41,0,73,140,69,82,68,43,67,9,105,153,102,108,100,77,98,49
1,85,276,35,259,0,211,10,160,47,149,12,148,5,94,6,60,10,27,42,137,37,75,39,36,41,0,73,141,69,82,68,44,67,9,105,154,102,108,100,77,98,49
1,86,277,35,259,0,211,10,160,48,149,12,148,5,94,6,60,10,27,42,137,37,75,38,36,41,0,73,141,69,82,68,44,67,10,105,154,102,108,100,77,98,50
1,86,276,36,259,0,212,10,161,48,149,12,148,5,94,6,60,10,27,43,137,38,75,39,36,41,0,73,141,70,82,69,44,68,10,105,154,102,108,100,78,98,50
1,86,276,36,259,0,212,11,161,48,149,12,148,5,95,6,60,10,28,43,137,38,76,39,36,41,0,73,141,70,82,69,44,68,10,105,154,102,108,100,78,98,50
1,85,276,36,259,0,211,11,160,48,148,11,148,5,94,6,60,10,27,42,137,36,75,37,36,40,0,72,141,68,82,67,44,66,9,104,154,101,108,99,77,97,50
1,85,276,36,259,0,212,10,162,47,149,11,148,5,94,5,60,10,28,42,137,37,75,38,36,41,0,72,141,69,82,67,44,66,9,104,154,101,109,99,78,97,50
1,85,276,36,259,0,211,10,161,47,149,11,148,5,94,6,60,10,28,41,137,37,75,38,36,40,0,72,141,68,82,67,44,66,9,104,154,101,109,99,78,97,50
1,85,276,36,258,0,211,12,161,49,149,11,148,5,94,6,60,10,27,42,137,37,75,39,36,41,0,72,140,69,82,68,44,67,9,104,154,102,108,100,78,98,50
1,86,276,36,258,0,211,11,161,48,148,11,148,5,94,6,60,10,27,42,137,38,75,39,36,42,0,72,140,70,82,69,43,68,10,104,153,102,108,100,77,98,49
1,86,276,36,258,0,211,11,161,48,148,12,148,5,94,6,60,10,27,42,137,38,75,39,36,42,0,72,140,70,82,69,43,68,9,104,153,102,108,100,77,98,49
1,85,276,36,259,0,211,11,160,48,148,12,148,6,94,7,59,11,27,43,137,38,75,40,36,42,0,73,140,70,82,69,43,68,9,105,154,102,108,100,77,98,49
1,85,276,35,258,0,211,10,160,48,148,11,148,5,94,6,59,10,27,42,137,37,75,38,36,41,0,72,140,69,82,68,43,67,9,104,153,101,108,99,77,97,49
1,86,277,36,259,0,211,11,160,49,148,13,148,6,94,7,60,11,28,43,138,38,76,40,36,43,0,73,141,70,83,69,44,69,10,105,154,102,109,100,78,98,50
1,86,277,36,260,0,211,11,160,49,149,12,148,6,94,7,60,11,27,43,137,38,76,40,36,43,0,73,141,70,83,69,44,68,10,105,154,102,109,100,78,98,50
1,85,277,35,259,0,211,11,161,49,149,12,148,6,94,7,60,11,27,42,138,38,76,39,36,42,0,72,141,70,83,69,44,69,10,104,154,102,109,100,78,98,50
1,85,277,35,259,0,212,11,161,48,149,12,148,6,94,6,60,10,28,42,137,37,76,39,36,42,0,72,141,70,83,69,45,69,10,104,154,102,109,99,78,98,50
1,85,277,35,259,0,212,10,161,48,149,12,147,6,94,6,60,10,28,42,137,38,76,39,36,42,0,72,141,70,83,69,45,68,10,104,154,102,109,100,78,98,50
1,85,277,35,259,0,212,10,161,47,149,12,147,6,94,6,60,10,28,42,137,38,76,39,36,42,0,72,141,69,83,69,45,68,10,104,154,102,109,99,78,98,50
1,85,276,36,259,0,213,10,162,47,148,12,148,5,95,6,60,10,28,42,138,37,76,39,36,42,0,72,141,70,83,69,44,68,10,104,154,102,109,100,78,98,50
1,85,277,35,259,0,211,10,160,48,149,11,148,5,94,6,60,11,28,42,137,37,76,39,36,41,0,73,141,69,82,68,44,68,10,105,154,102,109,100,77,98,49
1,85,277,36,259,0,211,10,160,48,149,12,147,6,94,7,60,11,28,42,137,38,76,39,36,42,0,72,141,70,83,69,44,68,10,104,154,102,108,100,77,98,49
1,85,277,35,259,0,211,10,160,48,149,12,147,5,94,6,60,11,28,42,137,38,76,39,36,42,0,72,141,70,83,69,44,68,10,104,154,102,108,100,77,98,49
1,85,277,36,258,0,210,11,160,49,149,12,147,6,94,7,59,11,27,42,137,38,75,39,36,42,0,73,141,70,82,69,44,68,10,104,154,102,108,100,77,98,49
1,84,276,35,258,0,212,9,161,46,148,11,148,5,94,6,60,10,27,41,138,37,76,38,36,41,0,72,141,69,83,68,44,67,10,103,154,101,108,99,77,97,49
1,84,277,35,258,0,211,10,162,46,147,11,148,4,94,5,60,10,27,41,138,37,75,38,36,41,0,71,141,69,82,68,44,68,10,103,154,101,108,99,77,97,49
1,84,277,35,259,0,212,10,162,46,147,11,148,4,94,5,59,10,27,41,138,36,75,38,36,42,0,71,141,69,82,68,44,68,10,103,154,101,108,99,77,97,49
1,84,277,35,258,0,211,10,161,46,148,11,148,5,94,5,59,10,27,41,138,36,76,38,36,41,0,71,141,68,83,68,44,68,10,103,154,101,109,99,77,97,49
1,84,277,35,258,0,211,10,161,46,148,11,148,4,94,5,60,9,27,41,138,36,76,38,36,41,0,71,141,68,83,68,44,68,10,103,154,101,108,99,77,97,49
1,84,276,35,258,0,211,10,161,47,149,10,148,4,94,5,59,10,27,41,137,37,75,38,36,41,0,71,141,69,82,68,44,68,9,103,154,101,108,99,77,97,50
1,85,277,36,259,0,211,11,160,48,148,11,147,5,93,7,59,11,27,42,137,37,75,39,36,42,0,72,141,70,82,69,44,68,10,104,154,102,109,100,78,98,50
1,85,277,36,259,0,211,11,160,48,149,12,147,5,93,7,59,11,27,42,137,37,75,39,36,42,0,72,141,69,82,69,44,68,10,104,154,102,109,100,78,98,50
1,85,277,36,259,0,211,11,160,48,148,12,147,6,94,6,59,11,27,42,137,38,75,39,36,42,0,72,141,69,82,69,44,68,10,104,154,102,109,100,78,99,49
1,85,276,36,259,0,211,11,160,48,148,12,147,5,94,6,60,10,27,42,137,37,75,39,36,42,0,72,140,69,82,69,44,68,10,104,153,102,108,100,77,98,49
1,85,275,35,257,0,212,9,162,44,148,12,147,6,94,6,60,10,28,42,137,37,76,39,36,41,0,72,140,69,82,68,45,68,11,104,153,102,108,99,78,97,50
1,84,275,35,258,0,212,9,162,45,148,12,148,5,94,6,60,10,28,42,137,37,76,39,37,42,0,72,141,70,83,69,45,69,11,104,154,102,108,100,77,98,49
1,84,275,35,258,0,212,9,162,44,149,12,147,5,94,6,60,10,28,42,137,37,76,39,36,42,0,72,141,70,83,69,45,69,11,104,154,102,108,100,78,98,49
1,85,275,36,258,0,212,10,162,46,148,12,147,6,94,7,60,11,28,43,137,38,76,40,37,43,0,73,141,71,83,70,45,70,11,105,153,103,108,101,77,99,49
1,85,275,36,257,0,212,10,162,46,148,12,148,6,94,7,60,11,28,43,137,38,76,40,37,42,0,73,141,71,83,70,45,69,11,105,153,103,108,101,77,99,49
1,84,274,35,257,0,212,9,162,45,147,11,148,5,94,6,60,10,28,42,138,37,76,39,37,41,0,72,141,70,83,69,45,68,10,104,153,102,108,100,78,98,50
1,85,274,36,257,0,211,9,161,46,147,12,148,6,95,7,60,11,28,43,138,38,76,39,36,42,0,73,141,70,83,70,44,69,10,104,154,103,108,101,78,99,50
1,85,274,35,257,0,211,10,161,46,147,12,147,6,94,7,60,11,27,43,137,38,75,39,36,42,0,73,140,70,82,70,44,69,10,104,153,103,108,101,77,99,50
1,84,275,35,258,0,212,10,162,46,148,12,148,6,95,7,61,11,28,43,138,38,76,39,37,42,0,73,141,70,83,69,45,69,11,104,154,103,109,101,78,99,51
1,85,274,36,257,0,212,9,161,45,147,12,147,6,94,7,59,11,27,43,136,38,75,39,36,42,0,73,140,70,82,70,44,69,10,105,153,103,108,101,77,99,49
1,85,274,36,257,0,211,9,162,45,147,12,147,6,94,7,59,11,27,43,136,38,75,39,36,42,0,73,140,70,82,69,44,69,10,105,153,103,107,101,77,99,49
1,85,276,36,258,0,212,9,162,46,149,12,148,6,95,7,61,11,28,43,137,38,76,39,37,42,0,73,140,70,83,70,45,70,11,105,153,103,108,101,78,99,50
1,84,275,36,258,0,212,8,162,44,148,12,148,5,95,6,60,10,28,42,137,37,76,39,37,41,0,72,141,69,82,69,45,68,11,104,153,102,108,100,78,98,50
1,84,275,36,257,0,212,10,162,46,148,12,148,6,95,7,60,11,28,43,138,38,76,40,37,42,0,73,141,70,83,70,45,69,10,105,154,103,109,101,78,99,50
1,84,274,35,256,0,211,10,162,45,147,12,147,6,94,7,59,11,27,43,137,38,75,40,36,42,0,73,140,70,82,70,44,69,10,105,153,103,108,101,77,99,49
1,84,274,35,256,0,211,9,162,45,147,12,147,5,94,6,59,11,27,42,137,38,75,40,36,42,0,73,140,70,82,70,44,69,10,105,153,103,108,101,77,99,49
27,72,288,32,268,0,225,1,182,32,165,10,146,3,77,3,36,6,0,52,150,46,138,39,196,40,230,91,164,81,157,69,211,66,239,126,184,114,179,98,213,94,230
27,73,287,34,268,0,223,3,179,37,162,13,146,6,76,5,35,7,0,54,149,48,136,41,195,42,227,93,162,82,154,71,210,69,237,128,182,114,177,99,213,96,229
27,74,286,34,268,0,224,3,179,36,161,12,146,6,76,5,36,7,0,53,150,47,136,41,194,41,226,92,163,82,153,71,209,68,237,127,182,113,177,99,213,96,229
27,74,286,34,268,0,224,2,179,36,163,11,146,5,77,5,36,7,0,53,149,47,136,41,194,42,227,92,161,82,153,71,208,69,236,127,180,114,177,100,212,97,228
27,73,287,34,269,0,224,2,180,36,163,12,146,5,77,5,36,7,0,54,150,47,137,41,196,42,228,92,162,82,155,71,210,69,237,127,182,114,178,100,213,97,230
27,73,287,34,268,0,224,2,180,35,164,12,147,6,77,5,36,7,0,54,151,47,137,41,195,42,228,92,163,82,155,71,210,69,237,127,183,114,178,99,213,97,229
27,72,286,33,268,0,224,2,180,34,164,11,147,5,77,4,36,7,0,53,150,46,137,40,196,41,228,91,163,81,155,69,210,68,237,126,183,113,178,98,213,96,229
27,73,286,34,268,0,224,2,179,36,163,12,147,6,76,5,35,8,0,54,151,48,137,41,196,42,228,92,164,82,154,71,210,69,237,127,184,114,178,99,213,97,228
27,73,287,33,268,0,224,2,179,35,163,11,147,5,77,4,36,7,0,53,151,47,138,41,197,41,228,91,164,81,155,70,210,68,236,126,183,114,178,99,213,96,228
27,73,286,33,268,0,223,2,178,35,162,11,146,5,76,4,35,7,0,53,150,47,136,41,195,41,227,91,163,82,154,70,209,68,235,126,182,114,177,99,212,96,227
27,73,287,33,268,0,222,2,176,36,162,11,146,5,77,5,36,8,0,53,150,46,135,40,193,40,224,91,163,81,153,70,208,67,235,127,182,113,177,99,212,96,227
27,74,288,34,269,0,224,2,178,37,163,12,147,6,77,5,36,8,0,54,151,48,136,42,194,42,227,93,164,82,154,71,208,68,237,128,183,113,177,100,212,97,229
27,73,288,34,269,0,224,1,178,36,162,11,147,4,77,4,36,7,0,53,150,46,136,40,194,41,227,92,163,81,154,70,209,67,237,127,182,112,178,98,213,96,230
27,73,287,34,268,0,224,2,178,36,162,11,147,4,77,4,36,7,0,53,150,46,136,40,194,40,227,92,163,81,154,70,209,67,238,127,182,113,178,99,213,96,229
27,73,287,34,268,0,223,3,178,36,162,11,146,5,76,4,35,7,0,54,150,46,136,40,193,41,227,92,163,81,153,70,208,67,237,127,182,113,177,99,212,96,229
27,73,287,34,269,0,224,3,180,36,163,12,147,5,77,5,36,7,0,54,151,47,136,41,194,41,228,92,164,82,154,70,209,68,238,127,184,114,178,99,213,96,229
27,73,286,34,268,0,223,3,179,36,162,12,146,5,76,5,35,7,0,54,150,47,136,41,193,41,226,92,163,81,153,70,208,68,237,127,182,113,177,99,212,96,228
27,73,287,34,269,0,224,3,179,36,164,12,147,5,77,5,36,8,0,53,150,47,136,41,194,41,227,92,163,81,155,70,210,68,239,127,182,113,178,99,213,97,230
27,74,287,34,269,0,223,3,178,36,163,11,147,5,78,5,36,8,0,53,151,46,135,41,192,41,226,91,163,81,153,70,209,68,237,127,182,113,177,99,212,97,228
27,74,288,34,269,0,224,2,178,37,163,11,148,5,78,5,37,8,0,53,151,46,135,40,193,40,226,91,164,81,153,70,209,68,237,127,183,113,178,99,213,98,229
27,74,289,34,271,0,225,3,179,37,164,12,148,6,78,6,37,9,0,53,152,47,136,41,195,41,228,92,165,82,155,71,211,68,239,127,184,114,179,100,215,97,231
27,73,288,33,269,0,224,2,179,36,163,10,147,5,77,5,36,7,0,52,150,46,136,40,194,40,227,91,162,81,154,70,210,67,238,127,182,113,178,99,213,97,229
27,73,288,33,269,0,224,2,179,36,163,10,147,5,77,4,36,7,0,52,150,46,136,40,194,40,227,91,162,81,154,70,210,67,237,127,182,113,178,99,213,96,229
27,73,288,34,269,0,225,2,180,36,163,11,148,5,78,5,36,8,0,53,151,47,137,41,195,41,228,91,163,82,154,70,209,67,237,127,182,113,178,99,213,96,229
27,73,288,34,269,0,225,2,180,36,163,11,147,5,77,5,36,8,0,53,151,47,137,41,195,41,228,91,163,82,154,70,209,67,238,127,183,113,178,99,213,96,229
27,74,288,34,270,0,225,4,180,38,164,12,148,6,78,6,36,8,0,54,152,48,137,42,195,42,229,92,165,83,155,71,210,69,238,127,184,114,179,100,213,97,230
27,73,288,33,269,0,224,3,179,38,163,11,148,5,77,5,36,8,0,53,152,47,137,42,196,42,228,92,164,82,154,71,209,68,237,127,184,113,178,99,213,97,229
27,73,288,33,269,0,225,3,180,37,164,11,147,5,77,5,36,8,0,53,151,47,137,42,195,42,228,92,163,82,154,71,209,68,238,128,183,114,178,99,213,96,230
27,73,289,33,270,0,225,4,182,36,165,11,147,5,77,5,36,8,0,54,151,48,138,41,196,42,230,93,164,82,156,71,211,68,239,128,184,114,179,100,214,97,231
27,73,289,33,270,0,226,4,182,36,165,11,147,5,77,5,36,8,0,54,151,48,138,41,197,42,231,93,164,82,156,71,211,69,240,128,184,114,178,100,214,97,231
27,72,288,33,269,0,225,2,181,35,164,11,146,5,77,4,36,7,0,53,150,47,137,41,196,41,230,92,163,81,154,70,210,68,239,127,183,113,177,99,212,96,229
27,72,288,32,269,0,225,3,181,35,165,11,147,4,77,4,36,7,0,53,151,47,137,41,195,41,229,91,164,81,156,70,210,67,239,126,183,113,177,98,212,95,229
27,74,287,33,269,0,224,4,180,37,164,12,147,6,77,6,36,9,0,54,151,48,137,42,195,43,229,92,164,82,156,71,210,69,238,127,183,114,178,100,212,97,229
27,74,287,34,268,0,224,3,178,38,161,11,148,6,77,5,36,8,0,53,151,47,136,42,194,42,228,92,163,83,152,72,207,69,236,127,182,114,176,100,211,98,227
27,74,287,34,268,0,224,3,178,38,161,12,148,6,77,6,36,8,0,53,151,47,136,42,194,42,228,92,163,83,152,72,207,69,237,127,182,114,176,101,211,98,227
27,74,288,34,269,0,224,3,178,38,162,12,148,6,77,5,36,8,0,53,152,47,136,41,194,42,228,92,164,82,153,71,208,69,238,127,184,114,177,100,212,97,229
27,74,288,34,269,0,224,2,178,37,162,12,148,5,78,5,36,8,0,53,152,47,137,41,195,42,228,92,165,82,153,71,208,69,237,127,184,115,177,101,212,98,229
27,74,288,34,268,0,224,3,179,37,163,11,147,5,77,5,36,8,0,54,151,47,136,41,194,41,227,93,164,82,152,71,207,69,236,128,183,115,177,101,211,98,228
27,74,287,34,268,0,224,3,178,37,162,12,147,6,77,6,35,9,0,54,151,49,136,42,195,43,227,93,164,83,153,72,208,70,236,128,183,115,176,101,212,98,228
27,74,288,34,270,0,225,4,181,38,164,13,147,6,77,6,36,9,0,55,151,48,139,42,198,43,230,93,164,83,155,72,211,70,239,129,184,115,178,101,214,98,230
27,74,288,34,270,0,226,4,181,38,164,13,147,7,77,7,36,9,0,55,152,48,138,42,197,43,229,94,165,83,155,72,211,70,239,129,184,115,178,100,214,98,230
27,73,288,34,270,0,225,4,180,38,164,13,147,7,76,6,35,9,0,55,152,49,138,42,196,42,229,93,165,83,155,72,210,69,239,129,185,114,178,100,214,97,231
27,73,288,33,270,0,225,4,180,37,164,13,147,7,77,6,36,9,0,55,152,49,138,42,197,43,229,93,165,83,155,72,211,70,239,129,185,115,178,100,214,97,231
27,74,289,34,270,0,225,4,181,38,165,13,147,7,77,7,36,9,0,55,151,49,138,43,196,43,229,93,164,83,155,72,210,70,238,128,184,114,178,100,213,98,230
27,73,288,33,269,0,224,3,179,37,163,12,147,6,76,6,36,8,0,54,151,49,137,42,194,42,227,92,164,83,154,71,208,69,236,127,183,113,178,99,212,96,228
27,74,289,34,270,0,225,3,179,38,163,13,147,7,77,6,36,9,0,54,152,49,137,43,195,44,228,93,164,84,154,73,209,70,237,128,184,115,177,101,212,98,229
27,74,287,35,268,0,223,3,177,39,161,12,146,6,76,6,35,9,0,54,150,49,135,43,193,43,225,93,163,84,152,72,207,70,235,128,182,114,175,101,211,98,227
27,74,288,35,269,0,224,3,178,39,162,12,148,6,77,6,36,9,0,54,151,49,136,44,194,43,227,93,164,84,152,73,207,70,236,128,183,115,176,100,212,97,229
27,74,287,35,269,0,224,3,178,39,162,12,148,7,77,6,36,9,0,54,151,49,136,44,194,44,227,92,163,84,152,73,207,70,236,127,182,115,176,100,211,97,229
27,74,287,34,269,0,223,3,178,39,161,12,148,6,76,6,36,9,0,54,151,49,136,43,194,43,226,93,164,84,152,73,207,70,236,128,182,115,176,101,211,97,228
27,73,286,34,267,0,222,2,177,38,160,12,146,6,76,5,35,8,0,53,150,47,134,42,191,42,224,91,162,82,151,72,206,69,235,126,181,112,174,99,209,97,227
27,73,286,34,268,0,223,2,177,37,161,11,146,6,76,5,36,8,0,53,150,47,134,41,192,41,225,91,162,82,151,71,206,69,235,127,182,114,175,100,210,97,227
27,73,286,34,268,0,223,3,177,38,161,11,146,6,76,5,35,8,0,53,150,47,134,42,192,42,224,91,163,82,151,71,206,69,234,127,182,114,175,100,210,97,226
27,74,287,35,269,0,224,3,178,39,162,12,147,7,77,7,36,9,0,54,151,48,135,42,193,43,225,92,164,83,151,72,206,70,235,128,183,115,175,101,210,98,227
27,73,288,34,270,0,225,2,179,38,163,11,147,6,77,6,36,9,0,53,151,47,136,41,193,42,226,92,164,82,153,71,208,69,236,127,183,114,177,100,211,98,228
27,74,288,34,269,0,224,3,178,38,162,11,147,6,77,6,36,8,0,53,150,48,136,42,192,43,226,91,163,82,153,72,207,69,235,126,181,113,176,100,210,97,227
27,74,287,34,269,0,225,3,179,37,162,11,147,5,76,6,36,8,0,53,151,47,135,42,192,42,225,91,163,82,152,71,207,68,235,126,182,113,176,100,211,97,227
27,74,287,34,269,0,225,3,179,38,162,11,147,5,76,5,36,8,0,53,151,47,135,42,192,42,225,91,163,82,152,71,207,68,235,126,182,113,176,100,211,97,227
27,74,287,34,269,0,225,3,179,38,162,12,147,6,77,5,36,8,0,53,151,47,136,42,192,42,225,92,163,82,152,71,207,69,235,127,182,113,177,100,211,97,227
27,73,286,34,267,0,223,3,177,38,161,11,146,6,76,5,35,8,0,53,150,48,134,42,191,42,224,91,162,83,150,71,205,68,234,127,181,114,174,100,209,97,226
27,74,286,34,267,0,223,3,177,38,161,12,146,6,76,6,36,9,0,53,150,48,134,42,191,41,224,92,162,83,151,71,205,68,234,127,181,114,174,100,209,97,226
27,74,287,34,268,0,224,3,179,38,162,11,147,6,77,6,36,9,0,53,151,47,135,42,192,41,225,91,163,82,151,71,206,68,236,126,182,113,175,100,210,97,227
27,74,287,34,269,0,224,3,178,38,162,12,147,6,77,6,36,8,0,53,151,47,136,41,192,41,225,92,163,83,151,71,206,68,236,127,182,114,175,100,210,97,228
27,73,286,34,268,0,223,2,177,37,161,11,147,5,76,5,36,7,0,52,150,46,134,40,191,40,224,91,162,82,150,71,205,68,235,126,181,113,174,99,209,97,227
27,74,286,35,268,0,224,3,178,38,161,11,147,6,76,6,35,8,0,53,151,48,134,42,192,42,225,92,163,83,150,72,206,69,236,127,182,113,174,100,210,98,228
27,74,286,35,268,0,224,3,178,38,161,11,147,6,76,6,35,8,0,53,151,48,134,42,192,42,225,92,163,83,150,72,206,69,235,127,182,113,175,100,210,98,228
27,73,286,34,268,0,224,3,179,39,163,11,147,6,77,6,36,8,0,53,150,47,135,42,193,42,226,92,163,83,151,72,207,69,236,127,181,114,175,100,211,97,228
27,74,286,34,268,0,223,5,179,39,162,11,146,6,76,6,36,9,0,53,149,48,137,42,195,43,227,92,162,83,152,72,207,70,235,128,181,115,175,101,211,98,227
27,73,287,34,269,0,223,3,178,38,163,11,147,5,77,5,36,8,0,53,151,47,135,42,193,42,226,92,163,82,152,71,206,69,235,127,181,114,175,100,210,97,227
27,72,288,33,268,0,224,3,179,37,164,11,146,5,77,5,36,7,0,53,151,47,136,41,194,41,227,91,163,82,153,71,208,68,237,126,183,113,176,99,211,96,228
27,73,287,33,268,0,223,4,178,38,163,11,145,6,76,5,35,8,0,53,149,48,136,42,193,42,226,92,162,83,152,72,207,69,236,127,181,114,176,100,210,97,227
27,73,287,33,268,0,223,3,179,39,163,12,146,6,76,6,35,9,0,54,150,48,135,41,193,42,226,92,163,83,152,71,207,69,236,127,182,114,176,100,211,97,228
27,74,288,34,270,0,225,3,179,39,163,12,147,6,77,6,36,9,0,53,151,48,136,42,193,42,225,92,163,83,151,72,206,69,235,127,182,113,176,100,211,97,228
27,74,288,35,269,0,225,2,179,38,163,11,148,6,77,6,36,9,0,53,152,47,135,41,193,42,225,91,164,82,151,72,207,70,236,127,183,113,175,100,210,98,228
27,74,288,35,269,0,225,2,179,38,162,11,148,6,77,6,36,8,0,53,152,46,135,41,192,41,225,91,164,82,151,71,207,69,236,127,183,113,175,100,211,98,228
27,74,289,34,270,0,226,3,180,37,163,11,149,6,78,6,37,8,0,52,153,47,136,41,194,42,226,91,165,82,151,71,208,69,237,126,184,113,175,100,211,98,228
27,74,287,34,268,0,224,3,178,38,162,11,148,6,77,5,36,8,0,52,153,47,134,41,191,42,224,91,165,83,149,71,206,69,236,126,183,114,174,100,209,98,227
27,74,286,33,268,0,224,3,178,38,162,10,147,6,77,5,36,8,0,52,151,47,134,42,192,42,224,91,164,82,150,71,206,69,235,126,182,114,174,100,209,97,227
27,74,286,34,268,0,223,4,178,39,162,12,147,7,76,7,36,9,0,54,151,48,135,43,192,43,225,92,163,83,151,72,206,69,235,127,181,114,174,101,209,98,226
27,74,286,34,268,0,224,4,179,40,163,12,146,7,76,7,35,10,0,54,150,48,136,42,193,43,226,93,163,83,151,72,206,70,235,128,182,114,175,101,210,98,227
27,74,286,34,268,0,224,5,179,40,163,11,145,6,75,7,35,9,0,54,149,48,136,43,193,43,225,92,162,83,152,72,206,70,235,128,181,114,176,100,211,98,228
27,74,286,34,268,0,224,3,179,38,162,12,147,6,76,6,36,8,0,53,150,47,136,42,193,42,225,92,163,83,151,72,206,69,235,127,181,114,173,101,209,98,226
27,74,287,34,268,0,225,3,180,38,163,11,148,6,77,6,36,9,0,53,152,48,136,42,193,43,226,91,164,83,151,72,206,70,235,126,183,114,174,101,209,98,226
27,74,286,34,267,0,224,4,179,38,162,11,147,6,76,6,36,9,0,53,151,48,135,42,192,43,225,91,163,83,150,72,205,70,234,126,181,114,173,101,208,98,225
27,74,286,34,268,0,224,3,178,38,162,11,146,6,76,6,36,9,0,53,150,47,135,42,192,42,225,92,163,83,150,72,205,70,234,127,181,114,174,101,209,98,226
27,75,285,35,267,0,223,2,177,38,161,11,145,6,76,6,36,9,0,53,149,47,133,41,191,41,223,92,161,82,149,71,204,69,234,127,180,113,173,100,208,97,225
27,74,286,34,267,0,224,2,178,38,162,11,146,6,77,6,36,9,0,53,150,47,134,42,192,42,225,92,162,82,150,72,205,69,234,127,181,113,174,100,209,97,226
27,75,286,35,267,0,224,3,178,39,162,12,146,7,76,7,35,9,0,54,151,48,134,42,192,42,225,92,163,83,149,73,205,70,235,127,182,115,174,101,209,99,226
27,74,286,34,268,0,224,2,178,38,161,11,146,6,76,6,36,8,0,52,151,47,133,42,190,42,224,91,163,82,150,72,205,69,235,126,181,113,174,100,209,98,226
27,74,286,35,268,0,224,2,178,38,161,11,146,6,76,6,36,9,0,53,151,47,133,42,191,42,224,91,163,82,150,72,205,70,235,126,182,113,174,100,208,98,226
27,74,286,34,267,0,223,2,178,37,161,12,146,6,76,6,36,8,0,53,151,48,134,42,192,42,225,91,163,82,150,72,205,69,234,126,182,114,173,100,208,98,225
27,74,285,34,267,0,223,2,178,38,162,11,146,6,76,6,36,8,0,53,150,48,135,43,191,42,225,92,163,83,150,72,205,69,235,127,181,114,173,101,207,98,226
27,74,285,35,268,0,223,2,178,38,162,11,146,5,76,6,35,8,0,53,150,48,134,43,191,42,225,92,162,83,150,72,205,69,235,127,181,114,173,101,208,98,226
27,74,285,34,267,0,222,2,177,38,160,11,146,5,76,5,36,8,0,53,150,47,133,42,190,42,223,91,162,82,149,72,204,69,234,127,180,114,172,101,207,98,225
27,74,286,34,268,0,224,2,178,38,162,12,147,6,77,6,36,9,0,54,151,48,134,42,191,43,224,92,163,83,149,72,204,70,234,127,182,114,174,100,208,98,226
27,75,286,35,268,0,223,3,178,39,162,12,147,6,76,6,36,8,0,53,151,48,135,43,191,42,224,92,163,83,150,73,204,70,234,127,181,114,174,101,209,98,226
27,75,286,35,267,0,224,3,178,38,162,12,147,7,76,6,36,8,0,54,151,48,135,42,191,42,224,92,163,83,149,72,204,69,234,127,182,114,174,100,208,98,226
27,74,287,34,269,0,225,2,179,37,162,11,148,6,77,6,36,8,0,53,152,47,136,42,193,42,226,91,164,82,151,72,206,69,236,126,183,113,174,100,209,97,227
27,75,286,35,268,0,223,3,177,38,161,12,147,7,76,6,35,9,0,54,151,48,135,43,191,43,225,92,163,83,150,73,205,70,235,127,182,114,173,101,208,98,226
27,73,286,34,268,0,224,2,179,37,162,11,147,5,77,5,36,7,0,52,152,47,134,41,192,42,225,91,164,81,151,71,206,69,236,126,182,112,175,100,210,98,227
27,74,286,34,268,0,224,2,178,38,161,10,147,5,77,5,36,8,0,52,150,47,134,42,191,42,224,91,162,82,151,72,206,69,234,126,180,113,175,100,210,98,226
27,75,286,35,267,0,224,3,178,38,161,11,148,6,77,6,37,8,0,53,151,47,135,42,191,42,223,91,163,82,151,72,206,69,234,126,181,114,175,101,209,98,226
27,73,286,34,267,0,224,2,178,37,161,10,148,5,77,5,36,7,0,52,151,46,134,41,191,41,223,90,163,82,151,71,206,68,234,125,180,113,174,100,209,97,226
27,73,285,34,266,0,223,2,177,37,160,11,147,5,76,5,36,7,0,52,150,46,133,41,191,41,223,91,162,82,149,71,204,68,233,126,180,113,173,100,208,97,225
27,74,287,35,270,0,225,4,179,39,163,13,147,7,77,6,36,8,0,54,152,48,135,42,192,42,225,92,164,83,151,72,206,69,236,127,183,115,174,101,209,98,227
27,75,286,35,269,0,224,3,177,39,162,12,147,7,76,6,36,8,0,54,151,48,133,42,190,42,224,92,163,83,150,72,206,69,235,127,182,114,173,101,208,98,226
27,75,286,35,268,0,224,3,178,38,162,12,147,7,77,6,36,8,0,54,151,48,135,43,192,43,225,92,164,83,151,73,205,70,235,127,182,115,174,102,208,99,226
27,75,286,35,268,0,224,3,179,39,162,12,148,7,77,6,36,8,0,54,152,48,135,43,191,43,225,92,164,83,150,72,205,70,235,127,182,114,173,101,208,99,225
27,75,286,35,268,0,224,4,178,39,162,12,148,7,77,7,36,9,0,54,152,48,135,43,191,43,225,92,164,83,150,72,205,70,235,127,182,114,173,101,208,99,225
27,74,286,35,268,0,224,3,178,39,162,12,147,6,77,6,36,9,0,54,152,47,134,42,191,42,224,92,164,83,150,72,205,69,235,127,182,115,173,102,208,99,225
27,75,287,35,268,0,224,3,178,39,162,12,147,6,77,6,37,8,0,54,151,47,134,42,190,42,224,92,163,83,150,72,205,69,235,127,182,114,173,102,208,99,226
27,74,286,34,268,0,224,2,178,37,161,11,147,5,76,5,36,8,0,53,152,47,136,42,192,42,226,91,164,82,150,72,205,69,235,126,182,114,172,101,207,98,226
27,74,286,34,267,0,223,3,177,38,160,12,147,6,76,6,36,8,0,53,151,47,134,42,191,42,224,91,163,83,149,72,204,69,234,126,181,114,172,100,207,98,225
27,74,285,34,266,0,223,2,178,38,160,11,146,6,76,5,36,8,0,53,150,47,134,42,191,42,225,92,162,82,149,71,204,68,234,127,180,114,173,100,208,98,225
27,73,286,34,267,0,224,3,179,38,161,12,146,6,76,6,35,8,0,54,150,48,134,42,191,42,224,92,162,82,150,71,205,69,234,127,181,113,174,100,209,98,226
27,73,286,34,267,0,223,3,178,38,161,12,145,6,76,5,35,8,0,53,149,48,134,42,191,41,224,92,162,82,150,71,205,68,234,127,181,113,174,100,209,97,226
27,73,287,34,268,0,224,3,179,38,162,12,147,6,77,5,36,8,0,53,150,47,135,41,192,41,225,92,163,82,151,71,206,68,236,127,182,113,175,100,210,97,227
27,73,287,34,268,0,224,3,179,38,162,12,146,6,76,5,35,8,0,53,151,48,136,42,193,42,226,91,163,83,151,72,206,69,236,126,182,114,174,100,209,97,227
27,73,287,34,268,0,224,3,179,38,162,11,147,6,77,5,36,8,0,53,151,48,136,43,193,43,227,91,163,83,151,72,206,69,236,126,182,113,174,100,209,97,227
27,73,285,34,266,0,223,2,178,37,161,11,146,6,76,5,35,8,0,53,151,47,135,42,192,42,225,91,163,82,150,71,205,69,235,126,181,113,174,100,208,97,226
27,73,285,33,266,0,222,2,177,37,161,11,146,5,76,5,35,8,0,52,150,47,135,42,192,42,225,91,162,82,150,72,204,69,234,126,181,113,173,100,208,97,226
27,73,286,34,267,0,223,2,178,38,161,11,147,6,77,6,36,8,0,53,151,48,135,42,192,43,226,91,163,82,149,72,204,69,234,126,181,113,173,100,207,98,225
27,73,285,34,267,0,223,3,178,39,161,11,146,6,76,6,35,9,0,53,150,48,135,43,192,43,226,91,163,83,149,72,203,70,233,126,181,113,173,100,207,98,225
27,75,284,35,266,0,223,3,177,39,160,12,146,6,76,6,36,9,0,54,150,48,135,43,192,43,226,92,162,83,149,73,203,70,233,127,180,114,173,101,207,98,225
27,74,285,35,267,0,223,3,178,39,161,12,147,7,76,7,36,9,0,54,151,48,135,43,192,43,225,92,163,83,149,72,204,69,234,127,182,113,174,100,208,97,226
27,73,284,34,266,0,222,4,177,39,161,12,147,7,76,6,36,9,0,53,151,48,135,42,191,42,224,91,164,83,149,72,203,69,234,127,182,114,174,101,208,97,225
27,74,284,34,265,0,221,3,176,39,160,12,146,7,76,6,35,9,0,53,150,48,134,42,190,42,224,92,162,83,148,72,202,69,233,127,181,114,173,101,207,97,224
27,74,283,34,265,0,221,4,177,39,160,12,145,6,75,6,35,9,0,53,150,48,134,43,190,43,224,92,162,83,149,72,203,69,233,127,180,114,173,101,206,97,224
27,74,284,34,266,0,223,4,178,39,160,13,146,6,76,6,35,9,0,54,150,48,136,43,191,42,225,92,163,83,150,72,203,69,233,127,181,114,173,101,207,97,225
27,73,284,34,266,0,222,3,178,38,160,12,146,6,76,6,36,8,0,53,151,48,135,42,191,42,225,91,163,82,150,71,204,68,234,126,181,113,173,100,207,96,225
27,73,285,34,267,0,223,4,179,39,162,13,146,6,76,6,35,8,0,54,151,48,135,42,191,42,225,92,163,82,150,71,205,69,235,126,182,113,173,100,208,97,226
27,73,286,33,268,0,224,5,179,39,163,12,147,6,76,6,36,8,0,53,151,47,135,42,191,42,224,91,163,82,151,72,205,69,235,126,182,113,174,100,208,97,226
27,73,286,34,267,0,223,3,178,38,161,11,147,5,76,5,36,8,0,52,151,47,134,41,191,42,224,91,163,82,150,71,204,69,234,126,182,113,173,100,207,98,225
27,74,286,34,268,0,224,4,179,39,162,12,148,6,77,6,36,8,0,54,152,48,136,43,193,43,227,92,164,83,150,73,204,70,234,127,182,115,174,101,208,98,226
27,74,286,34,268,0,224,3,179,39,163,11,147,6,77,6,36,8,0,53,150,47,135,41,191,42,224,92,162,82,150,72,205,69,235,127,181,113,174,101,208,99,225
27,73,286,34,267,0,224,2,179,38,162,10,146,5,76,5,36,8,0,52,150,46,135,41,191,41,224,91,162,82,150,71,204,69,233,126,181,113,173,100,208,98,225
27,74,286,35,267,0,223,3,178,40,162,12,146,6,76,6,35,9,0,53,151,48,135,42,191,42,224,92,163,83,150,72,204,70,234,127,182,115,173,101,207,98,225
27,74,286,35,267,0,224,3,178,39,161,12,146,6,76,6,35,9,0,54,151,48,134,42,191,42,224,92,163,83,150,72,204,70,234,127,182,115,173,101,207,99,225
27,73,286,34,267,0,224,2,179,38,162,10,146,5,76,5,36,8,0,52,151,47,135,41,191,41,224,91,163,82,150,71,204,69,234,126,182,114,173,100,208,97,225
27,73,286,34,267,0,224,3,179,38,162,10,147,5,77,5,36,7,0,52,150,46,135,41,192,41,225,91,162,82,150,71,205,69,234,126,181,113,173,100,208,97,226
27,73,286,34,267,0,224,3,179,39,162,11,146,5,76,5,36,7,0,53,150,47,135,41,192,42,225,91,163,82,150,72,205,69,234,126,181,114,173,100,208,97,226
27,73,286,34,267,0,224,4,179,38,162,11,146,6,76,5,35,7,0,53,150,47,134,41,191,41,223,91,162,82,151,71,206,68,234,125,180,112,174,99,209,97,226
27,72,286,33,267,0,224,3,180,38,163,11,146,5,76,5,36,7,0,53,150,47,134,41,190,41,222,91,162,82,153,71,206,68,234,125,181,112,176,99,210,96,226
27,72,286,33,267,0,224,4,179,38,163,12,146,6,76,5,35,7,0,53,150,47,134,41,190,41,223,91,162,82,152,71,206,68,234,126,181,112,175,99,209,97,226
27,73,286,33,267,0,224,5,180,39,163,12,146,6,76,6,36,8,0,53,150,47,134,42,190,42,223,91,163,82,151,71,206,69,235,126,181,113,175,100,209,98,225
27,74,285,34,267,0,223,3,178,38,161,10,146,5,76,5,35,8,0,52,150,47,134,41,191,42,224,91,162,82,149,72,204,69,233,126,180,113,172,100,207,98,224
27,74,284,34,266,0,223,3,178,38,161,11,146,6,76,5,36,8,0,52,150,47,133,41,190,42,223,91,162,82,148,71,203,69,233,126,180,113,171,100,206,97,224
27,74,284,34,266,0,223,3,178,38,161,11,146,5,76,5,35,8,0,52,150,47,133,41,190,42,223,91,162,82,149,71,203,69,233,126,180,113,171,100,206,97,224
27,73,285,34,267,0,224,2,179,37,161,10,146,4,77,4,36,7,0,51,150,46,134,41,191,41,224,90,162,81,150,71,205,68,234,125,180,112,171,99,207,97,224
27,73,285,33,267,0,224,3,179,37,161,10,146,4,76,4,36,7,0,51,150,46,135,41,192,41,224,90,162,82,150,71,205,69,234,125,180,113,171,100,207,97,224
27,73,285,33,267,0,224,3,179,37,162,10,147,5,76,4,36,7,0,52,150,46,135,41,192,41,225,90,162,81,150,71,205,68,233,125,181,112,172,99,207,97,224
27,74,284,34,266,0,223,4,179,38,162,11,146,5,76,5,36,8,0,52,150,48,135,43,191,43,224,90,162,83,150,72,204,69,233,125,180,113,172,100,206,97,224
27,74,285,34,266,0,223,4,178,38,160,11,147,5,76,5,36,7,0,52,151,47,134,42,190,42,224,90,164,82,148,72,203,69,233,125,182,113,171,100,206,97,224
27,73,284,33,266,0,223,2,178,37,160,10,147,4,76,4,36,6,0,51,152,46,134,41,191,42,224,89,164,81,148,71,203,68,233,124,182,112,171,99,206,97,224
27,72,284,33,266,0,223,2,178,38,160,10,146,4,76,4,35,6,0,51,150,46,133,41,190,42,224,89,162,81,147,71,202,68,232,124,180,112,171,99,206,96,223
27,72,284,33,266,0,223,3,179,37,160,10,146,4,76,4,36,7,0,52,150,47,135,42,191,42,225,90,162,82,149,71,203,68,233,125,180,113,172,99,206,96,224
27,72,283,34,265,0,222,4,178,38,160,11,145,5,75,4,35,6,0,52,149,47,133,42,189,42,223,90,161,81,148,71,202,68,232,125,179,113,171,99,205,96,223
27,72,283,33,265,0,222,3,177,38,160,11,145,4,75,4,35,6,0,52,149,47,133,42,190,42,223,90,161,81,148,71,202,68,232,124,180,112,171,99,205,96,223
27,72,284,33,266,0,222,3,178,38,160,11,146,5,77,4,36,7,0,52,150,47,134,42,190,42,224,90,162,81,149,71,203,68,233,125,180,113,173,99,206,96,223
27,72,284,33,266,0,223,3,179,37,162,11,145,5,76,5,35,7,0,53,149,47,135,41,192,42,225,91,162,81,150,71,204,68,234,125,181,112,173,99,207,96,225
27,71,283,32,265,0,222,4,179,38,162,11,144,5,75,5,35,7,0,53,148,47,136,41,191,41,224,91,160,81,151,70,204,67,232,125,179,112,173,98,207,95,224
27,71,284,32,265,0,222,4,179,38,162,12,145,5,75,5,35,7,0,53,149,47,136,42,191,41,224,91,161,81,151,71,203,68,232,125,179,112,173,98,207,95,224
27,72,283,33,265,0,222,5,179,38,163,13,145,6,75,6,35,7,0,54,148,48,135,42,191,42,222,92,161,82,153,71,206,68,232,126,179,113,174,99,208,97,224
27,72,283,33,265,0,222,5,178,39,162,13,145,7,75,6,35,8,0,54,149,48,135,42,190,43,223,91,161,82,151,71,205,68,233,126,179,112,173,99,207,96,225
27,72,283,33,266,0,223,5,179,39,163,13,146,6,76,6,35,8,0,54,150,47,136,42,191,42,224,91,162,82,153,71,206,68,234,125,180,112,174,99,209,96,225
27,72,283,33,265,0,222,6,179,39,162,13,145,7,75,6,35,8,0,54,150,48,135,42,190,42,223,92,162,82,150,71,204,68,233,126,180,112,173,99,207,96,225
27,72,283,33,265,0,222,6,179,39,161,13,145,7,75,6,35,8,0,54,150,48,135,42,190,42,223,92,162,82,150,71,204,69,233,126,180,113,173,99,207,96,225
27,73,283,34,265,0,222,6,179,39,162,13,146,7,76,6,35,8,0,54,150,48,134,42,190,42,223,92,162,82,150,71,204,69,232,126,180,113,173,99,207,96,224
27,73,285,33,266,0,223,5,179,39,161,12,146,6,75,6,35,8,0,53,150,48,136,43,192,43,225,92,163,83,150,72,204,70,233,126,181,113,172,100,207,98,225
27,73,286,34,267,0,223,4,179,39,162,12,146,6,76,5,36,8,0,53,151,48,135,42,191,43,225,91,163,82,149,72,204,70,234,126,182,113,173,100,207,98,224
27,74,285,34,266,0,223,4,178,39,161,11,146,5,76,5,35,8,0,53,150,47,134,42,191,43,224,91,162,82,148,72,203,70,233,126,181,113,172,100,206,99,223
27,74,285,34,266,0,223,4,178,39,161,11,146,6,76,5,36,8,0,53,150,47,133,42,190,42,223,91,162,82,148,72,203,70,234,126,180,113,172,101,206,98,224
27,73,285,34,267,0,223,4,179,39,162,12,146,6,76,6,36,8,0,54,150,48,134,42,191,43,224,92,162,82,149,72,204,70,233,127,180,113,173,101,207,99,224
27,72,284,33,267,0,223,4,179,38,162,12,146,6,76,5,36,7,0,53,149,47,135,41,192,42,224,91,161,81,151,71,205,69,233,126,180,112,174,99,209,97,225
27,73,284,34,267,0,223,5,180,39,163,13,145,7,76,6,35,8,0,55,149,48,135,42,192,42,224,92,161,82,152,71,206,69,233,127,180,113,174,100,209,98,225
27,72,284,33,267,0,224,5,180,39,163,13,145,7,76,6,35,8,0,54,149,48,135,42,192,42,224,92,162,82,151,71,205,69,232,126,180,113,172,99,207,97,224
27,73,284,33,266,0,223,5,180,39,162,13,146,7,75,6,35,8,0,55,150,48,135,42,191,43,225,92,162,82,150,72,204,70,233,127,181,113,171,100,206,97,224
27,72,284,33,266,0,223,5,179,38,162,13,146,6,76,5,35,7,0,54,151,47,135,42,192,42,224,92,163,81,150,71,204,69,233,126,181,113,171,99,206,97,224
27,72,284,33,265,0,222,6,179,40,162,14,146,7,76,6,35,8,0,55,151,49,135,43,192,43,225,93,163,83,149,72,204,70,233,127,182,114,172,100,207,98,224
27,72,285,33,267,0,223,6,180,40,163,14,147,7,76,7,35,8,0,55,151,48,135,42,191,43,225,92,164,82,150,72,204,70,234,127,182,113,172,100,207,98,225
27,72,285,33,267,0,224,6,180,39,163,13,147,7,76,6,36,8,0,55,151,48,135,42,191,43,224,92,164,82,150,72,205,69,234,127,182,113,172,100,207,97,225
27,72,284,34,266,0,223,6,179,39,163,14,146,8,76,7,35,8,0,55,150,48,134,42,190,42,223,92,162,82,149,71,204,70,233,126,181,112,172,99,207,98,225
27,72,284,34,266,0,223,6,180,40,164,14,147,7,76,7,35,9,0,55,152,48,135,43,191,43,225,92,164,82,150,72,203,69,234,126,182,113,173,100,207,97,226
27,72,284,34,266,0,223,6,180,40,164,14,147,7,76,7,35,9,0,55,151,48,135,43,191,43,225,92,164,82,150,72,203,69,234,126,182,113,173,100,207,97,225
27,72,284,34,266,0,224,4,180,38,162,12,146,6,75,6,35,8,0,53,150,47,135,41,191,42,225,91,162,81,150,71,204,68,234,125,181,112,173,98,207,96,225
27,72,285,33,267,0,223,6,180,39,163,13,146,6,76,6,35,7,0,54,150,47,135,41,190,42,224,91,162,81,150,70,204,68,234,125,181,112,173,98,208,96,226
27,71,285,33,267,0,223,5,179,39,163,13,146,6,76,6,35,7,0,54,150,47,134,41,190,42,224,91,163,81,150,71,204,68,234,125,181,112,173,99,207,96,226
27,72,284,34,266,0,223,5,179,39,162,13,146,6,75,5,35,7,0,53,151,47,134,41,189,41,223,91,163,82,149,71,203,68,234,125,182,112,172,99,207,96,225
27,72,285,34,266,0,223,5,179,39,161,13,146,7,76,6,35,7,0,53,151,47,134,41,190,41,224,91,163,82,149,71,204,68,234,125,182,112,173,99,207,96,225
27,72,285,33,267,0,224,5,180,38,163,12,147,6,77,5,36,7,0,53,153,47,135,42,192,42,225,90,165,82,149,71,204,68,234,124,183,113,173,99,208,96,226
27,72,285,33,266,0,223,3,178,38,161,11,147,5,76,5,35,7,0,52,151,46,134,41,190,41,224,89,163,81,149,70,203,68,233,124,181,111,172,99,206,96,224
27,72,284,33,266,0,223,3,179,38,161,10,145,5,76,5,35,7,0,51,150,46,135,41,191,41,225,89,162,81,148,71,203,68,233,124,180,112,171,99,206,97,223
27,72,286,34,267,0,224,3,179,38,162,10,147,5,77,5,36,7,0,52,151,46,135,41,192,41,225,90,164,81,149,71,204,68,234,124,182,112,172,99,207,97,225
27,72,285,33,267,0,224,3,179,38,162,11,147,6,77,5,36,7,0,52,152,47,134,41,191,41,224,90,164,82,149,71,204,68,234,124,182,112,172,99,207,96,225
27,72,284,33,266,0,223,3,178,38,161,11,146,5,76,5,35,7,0,52,150,47,133,41,190,41,223,90,163,81,148,71,203,68,233,124,181,112,171,99,206,96,224
27,71,284,33,265,0,222,3,179,37,162,11,145,5,76,4,35,6,0,52,150,46,134,40,190,40,224,90,163,81,149,70,202,67,233,124,182,112,172,98,206,96,224
27,71,285,33,267,0,223,3,178,38,161,12,146,6,76,5,35,6,0,53,151,46,133,40,189,41,223,90,164,81,148,70,203,69,232,124,183,111,171,99,205,97,223
27,71,286,33,268,0,225,3,179,37,163,12,147,6,76,5,35,6,0,53,152,46,134,40,190,40,223,90,164,81,150,70,205,68,234,124,183,111,173,98,207,96,224
27,72,286,34,267,0,224,5,180,39,163,14,147,7,76,6,35,7,0,55,152,48,135,42,191,42,225,92,165,82,150,71,204,69,234,126,183,112,173,99,208,97,226
27,71,284,33,266,0,224,4,179,38,162,13,146,6,76,5,35,7,0,53,151,47,136,41,192,42,225,90,164,81,150,71,203,69,233,125,182,112,172,99,206,97,224
27,71,285,34,266,0,223,5,178,39,161,13,146,7,75,6,35,8,0,54,151,48,134,42,190,42,223,91,164,82,149,72,203,70,233,126,182,113,171,100,205,98,223
27,70,286,32,267,0,224,4,180,38,163,12,148,5,77,5,36,7,0,53,153,46,136,41,192,41,225,90,165,81,150,70,204,68,233,124,183,113,172,99,206,97,224
27,71,286,33,267,0,224,4,179,39,162,13,147,7,77,6,36,8,0,54,152,47,135,41,192,42,226,91,165,81,150,71,204,69,235,125,183,112,173,99,207,97,225
27,72,286,34,268,0,224,5,179,40,162,13,147,7,76,6,36,8,0,54,152,48,134,42,191,42,225,91,165,83,149,72,205,69,235,126,184,113,173,100,208,98,226
27,71,285,34,267,0,223,4,178,39,161,13,146,7,75,6,35,8,0,53,152,47,134,41,190,42,225,90,164,81,148,71,203,69,234,124,182,112,171,99,206,96,224
27,70,287,33,268,0,224,3,179,37,163,12,148,6,77,5,36,7,0,52,153,46,136,40,192,41,226,90,165,81,151,70,205,68,235,124,184,113,172,99,207,96,226
27,71,287,33,269,0,225,3,180,37,162,12,148,6,77,5,36,7,0,53,152,46,135,41,192,42,226,90,165,81,149,71,205,69,235,125,183,113,171,99,206,97,225
27,71,285,33,266,0,223,4,178,38,161,12,147,6,76,5,35,7,0,53,152,46,135,41,191,42,224,90,164,81,149,70,204,68,234,124,182,112,171,99,206,96,224
27,71,286,33,267,0,223,3,178,38,161,12,147,6,76,5,35,7,0,52,153,46,134,41,191,41,224,90,165,82,148,71,203,69,233,124,184,113,170,100,205,98,224
27,71,285,33,265,0,222,3,177,38,160,12,147,5,76,5,35,7,0,52,152,47,134,41,190,42,224,90,164,82,147,71,201,68,233,124,182,113,170,99,204,97,223
27,70,285,33,266,0,223,3,178,37,160,11,146,6,76,5,35,7,0,52,151,46,133,40,190,41,222,89,164,81,147,70,202,68,232,123,182,112,170,99,205,96,223
27,72,284,33,267,0,223,5,179,39,161,13,146,7,76,6,35,8,0,54,152,48,134,42,190,43,224,91,164,83,148,72,203,70,232,126,182,114,171,101,206,99,224
27,72,285,33,266,0,223,5,178,39,161,12,146,7,76,6,35,8,0,53,152,48,133,42,189,42,223,91,164,83,147,72,202,69,233,125,183,114,170,101,205,98,224
27,70,286,33,267,0,223,4,178,37,161,12,146,6,76,5,35,6,0,53,151,46,133,40,190,41,222,90,163,81,149,70,204,68,233,124,182,112,172,99,207,97,224
27,71,286,33,267,0,224,4,179,38,161,12,146,6,76,4,35,6,0,52,152,46,133,40,191,42,223,90,164,82,148,71,203,69,232,124,183,113,170,100,206,98,223
27,71,286,33,267,0,224,4,179,38,161,12,146,5,76,5,35,7,0,53,151,47,134,41,191,42,224,90,164,82,149,71,203,69,232,124,182,112,172,99,206,97,224
27,71,286,33,268,0,224,5,179,38,160,11,147,5,76,5,35,7,0,52,152,47,133,41,190,42,223,90,164,82,147,71,203,69,232,124,183,114,170,100,205,98,223
27,70,286,33,267,0,223,3,178,37,160,11,147,5,76,4,35,7,0,52,152,45,134,40,190,41,223,89,164,80,147,70,203,68,233,124,182,112,169,99,204,97,223
27,70,285,32,266,0,223,3,178,37,160,11,146,5,76,4,35,6,0,52,151,46,133,40,190,41,222,89,163,81,148,70,203,68,232,124,182,113,170,99,205,97,223
27,70,286,33,267,0,224,4,179,38,161,11,147,6,76,5,35,7,0,52,152,47,134,41,191,42,224,90,165,82,148,71,202,69,232,124,183,113,169,99,205,97,224
27,71,285,33,266,0,222,4,178,38,159,11,146,6,76,5,35,7,0,52,151,46,133,41,189,42,223,90,163,82,147,71,202,69,233,124,182,113,168,100,204,97,223
27,70,285,33,266,0,223,3,178,37,160,11,146,4,76,3,35,5,0,51,151,46,133,40,188,40,222,89,164,81,147,70,202,67,232,123,182,112,170,98,204,96,223
27,70,286,33,267,0,223,4,179,38,161,12,147,5,77,4,36,5,0,52,152,46,133,40,189,41,223,90,165,81,148,70,203,68,234,124,183,112,171,99,206,97,224
27,70,286,33,267,0,223,4,179,38,161,12,146,6,76,5,35,7,0,52,151,47,133,40,190,41,223,90,164,82,148,70,203,68,233,124,182,113,170,99,205,97,223
27,69,286,32,267,0,223,4,179,38,161,11,146,5,76,4,36,6,0,52,151,46,133,40,189,40,223,89,164,81,148,70,203,67,233,124,182,112,171,99,205,96,224
27,70,286,33,267,0,224,4,180,37,161,12,147,5,76,4,35,6,0,52,153,47,134,41,190,41,223,90,165,81,148,70,203,68,233,123,184,112,171,99,206,96,224
27,70,286,32,267,0,224,4,179,37,161,12,148,6,77,4,35,6,0,52,154,47,134,41,191,41,224,90,166,82,148,71,203,69,233,123,184,113,170,99,205,97,224
27,70,285,33,266,0,223,4,178,37,160,12,146,5,76,4,36,6,0,52,151,46,132,40,189,41,222,89,163,81,148,70,203,68,233,124,181,112,169,99,204,96,223
27,69,285,33,266,0,223,3,178,37,159,11,146,5,76,4,35,6,0,52,152,46,133,40,189,40,222,89,164,80,148,69,202,67,233,122,182,110,171,97,205,95,223
28,91,261,59,232,49,179,73,140,101,122,48,141,25,85,11,50,0,20,82,138,82,78,90,35,99,0,114,149,107,151,89,190,79,218,143,166,130,173,112,201,102,223
28,91,260,60,231,50,179,74,140,102,121,48,140,25,84,11,49,0,19,82,137,82,77,90,34,98,0,114,147,108,150,89,189,78,217,143,164,130,172,113,200,102,222
28,91,261,59,232,49,179,73,140,100,122,48,141,25,85,11,50,0,20,82,138,82,78,89,35,98,0,114,148,108,150,90,189,79,217,143,166,130,172,113,201,102,222
28,91,261,59,232,50,179,74,140,101,122,48,141,25,85,11,50,0,20,82,138,82,78,89,35,98,0,114,148,108,150,90,189,79,218,143,166,130,172,113,200,103,222
28,90,261,59,231,49,179,72,140,99,123,48,141,25,85,11,50,0,19,81,137,81,78,89,35,98,0,114,147,107,152,89,190,78,218,143,165,130,174,112,201,101,223
28,90,261,59,231,49,179,73,140,100,123,48,141,25,84,11,50,0,20,82,137,81,77,89,34,98,0,114,147,107,152,89,190,78,218,143,165,129,174,112,201,101,222
28,90,260,59,231,49,179,73,140,100,123,48,141,25,85,11,50,0,20,81,137,81,77,89,34,98,0,114,147,106,152,89,190,78,219,143,165,129,173,112,200,102,221
28,92,259,60,230,51,177,75,139,102,122,49,140,26,84,11,49,0,18,82,137,82,77,90,34,98,0,115,147,108,151,91,189,80,218,143,164,131,172,113,200,102,222
28,92,259,60,229,50,176,75,138,103,122,49,141,26,84,12,49,0,19,82,137,82,77,90,34,98,0,115,147,108,151,91,189,79,217,144,165,131,172,113,199,101,220
28,90,259,59,230,49,177,73,139,100,121,48,140,25,84,11,49,0,19,81,136,81,76,89,34,97,0,114,147,106,151,89,189,78,218,143,165,129,171,112,199,101,220
28,91,260,59,231,50,178,74,140,101,122,49,141,25,85,11,50,0,20,82,137,82,77,90,35,98,0,115,148,107,152,90,191,79,219,144,166,130,172,113,200,102,221
28,92,259,60,231,50,179,73,140,101,122,48,141,25,85,11,50,0,19,82,137,82,77,90,34,98,0,115,148,108,150,90,189,79,217,143,165,131,170,114,198,102,219
28,92,260,60,232,50,180,73,141,101,123,48,142,25,86,11,51,0,21,82,138,82,78,90,35,98,0,115,149,108,151,91,190,79,219,144,166,131,171,114,199,102,220
28,92,259,60,230,49,178,73,140,101,122,48,141,25,85,11,51,0,20,82,138,82,77,90,34,98,0,115,148,108,150,90,189,79,218,144,165,131,171,114,198,103,218
28,90,259,58,230,48,178,72,139,100,122,47,141,24,85,10,50,0,20,81,138,81,77,89,34,97,0,114,148,107,151,89,190,78,219,143,166,130,171,113,198,102,219
28,91,259,59,229,49,178,73,139,100,122,48,141,25,85,11,50,0,19,82,137,81,77,89,34,98,0,115,147,107,151,89,190,77,219,143,164,130,172,112,200,101,221
28,91,259,59,230,49,178,73,140,99,122,48,141,25,85,11,50,0,19,81,136,81,77,89,34,98,0,115,146,106,151,88,190,78,219,144,164,129,172,111,200,101,221
28,91,259,59,230,50,178,73,139,100,121,48,140,25,84,11,50,0,19,82,137,82,77,89,35,98,0,115,147,106,150,89,189,79,218,144,166,129,171,112,198,101,219
28,91,260,59,231,49,178,74,139,102,123,49,141,26,85,12,50,0,20,82,138,82,78,89,35,98,0,115,149,107,150,89,189,78,218,143,167,130,170,113,198,103,219
28,91,260,59,230,50,178,74,140,103,122,48,141,25,85,11,50,0,20,82,138,81,78,89,35,98,0,114,148,107,151,90,189,79,218,143,166,130,172,113,200,102,221
28,92,259,60,229,51,178,75,139,103,121,49,141,26,85,11,50,0,20,82,137,82,76,90,34,98,0,115,147,108,150,90,188,79,217,144,165,130,172,113,199,103,220
28,92,260,60,232,51,179,74,140,101,121,49,141,26,85,11,51,0,21,83,137,83,77,90,34,99,0,116,147,108,150,91,189,80,217,144,165,131,172,114,200,103,221
28,92,260,60,232,51,179,73,140,100,121,49,141,26,85,11,51,0,21,83,137,83,77,90,34,99,0,115,147,108,150,91,189,80,217,144,165,131,172,114,200,103,221
28,92,260,60,231,51,178,75,140,103,122,49,141,26,86,12,51,0,21,83,137,82,77,90,34,98,0,116,147,108,150,91,189,79,218,145,164,131,173,113,201,103,223
28,91,259,59,230,50,177,74,139,102,121,48,140,25,84,11,50,0,20,82,136,81,76,89,34,98,0,115,146,107,150,90,188,79,217,143,163,130,172,112,200,101,222
28,91,259,60,230,50,178,74,139,101,121,48,141,25,85,11,50,0,19,82,137,82,77,89,34,98,0,115,146,107,149,90,188,79,216,143,163,130,172,112,200,101,221
28,91,258,60,230,50,179,73,139,100,120,48,141,25,85,11,50,0,19,82,137,81,76,89,34,98,0,115,146,107,149,89,188,78,217,144,164,130,171,112,199,101,220
28,92,258,61,229,51,176,76,138,103,121,50,140,26,84,12,50,0,20,83,136,83,77,90,34,99,0,116,146,108,149,90,188,79,216,145,164,130,171,112,199,101,220
28,92,260,60,232,50,178,75,139,103,121,49,141,26,85,11,51,0,20,83,138,82,78,89,35,98,0,116,148,107,150,90,189,79,217,144,166,130,172,112,200,101,221
28,91,259,60,231,50,177,74,137,103,120,48,139,25,84,11,49,0,19,82,136,81,77,89,34,97,0,114,147,107,148,89,186,78,215,142,165,129,170,112,198,102,220
28,91,259,60,231,50,177,73,137,102,120,48,140,25,84,11,50,0,20,81,136,81,77,89,34,97,0,114,147,107,148,89,186,78,215,142,164,129,170,112,198,102,219
28,92,260,60,232,50,178,73,138,103,121,48,141,25,85,11,50,0,20,82,138,82,78,89,35,98,0,114,148,108,149,90,188,78,216,143,165,129,171,112,199,102,220
28,90,260,59,232,49,179,72,139,101,122,48,141,25,85,11,51,0,21,81,137,81,78,88,35,96,0,114,147,106,150,88,188,77,217,142,165,128,171,111,198,101,219
28,90,260,59,232,49,179,73,139,101,122,48,141,25,85,11,51,0,21,81,138,81,78,88,35,97,0,114,148,106,150,88,188,77,217,142,166,128,171,111,198,101,219
28,90,260,59,231,49,179,73,140,100,122,48,141,25,85,11,51,0,21,81,137,80,77,88,35,96,0,113,147,106,150,88,188,77,216,142,165,128,171,111,199,100,221
28,90,260,59,231,49,178,73,139,100,122,48,141,25,85,11,51,0,21,81,137,80,77,88,34,97,0,113,147,106,150,88,188,77,216,142,165,128,171,111,199,101,220
28,91,259,59,231,49,178,72,138,100,121,48,139,25,84,11,49,0,20,80,136,80,76,88,33,96,0,113,146,106,149,88,188,77,216,142,164,128,171,111,198,100,219
28,90,259,59,231,49,178,73,138,101,121,48,140,25,84,11,49,0,20,81,136,80,76,88,33,96,0,113,146,106,149,88,187,78,216,142,164,128,171,111,198,101,219
28,92,260,60,231,51,178,74,139,101,122,49,141,26,86,12,51,0,21,82,137,81,77,89,34,98,0,115,148,107,150,90,188,79,216,143,165,130,171,113,198,103,219
28,89,260,58,230,50,178,73,139,102,121,47,142,24,86,11,50,0,20,81,138,81,78,89,35,98,0,113,148,106,151,88,189,76,218,142,166,128,173,111,201,100,222
28,91,258,59,229,51,178,74,139,101,121,48,140,25,85,11,50,0,20,82,136,81,78,89,35,98,0,114,146,106,150,88,189,77,217,142,164,128,172,110,200,100,221
28,90,258,59,229,51,178,74,139,100,121,48,140,25,85,11,50,0,20,82,136,81,77,89,35,98,0,115,146,106,150,88,189,76,217,143,164,128,172,110,200,100,221
28,88,258,57,228,49,177,73,139,100,122,47,140,24,85,10,51,0,20,81,136,81,78,88,35,97,0,114,147,105,150,87,189,75,218,142,165,127,171,110,199,99,220
28,90,258,58,228,50,176,75,137,102,121,49,140,26,85,11,50,0,20,82,137,82,78,90,35,99,0,115,147,106,150,88,189,77,218,143,166,128,172,110,200,100,221
28,90,259,58,229,50,177,74,139,102,122,49,141,26,86,11,51,0,21,82,138,82,79,90,36,98,0,115,148,106,151,88,190,76,219,143,167,128,173,110,201,99,222
28,89,258,58,229,50,177,75,138,102,121,49,140,26,85,11,50,0,20,82,137,82,77,89,35,98,0,115,147,106,150,87,189,76,218,143,165,128,171,110,199,100,220
28,89,258,58,229,50,177,75,138,103,121,49,141,26,85,11,50,0,20,82,137,82,77,89,35,98,0,115,147,106,150,88,189,77,218,143,165,128,171,110,199,100,221
28,89,258,57,229,49,176,73,138,100,120,48,141,25,85,11,50,0,19,80,136,80,77,88,34,97,0,113,146,105,149,86,188,75,217,141,164,127,171,109,199,99,220
28,89,258,58,228,50,176,74,137,102,119,48,140,25,85,11,50,0,19,81,136,81,77,89,34,97,0,114,146,106,150,88,188,76,217,142,164,128,172,110,199,99,221
28,88,259,57,229,49,178,73,139,100,120,47,141,24,85,11,50,0,20,80,137,80,78,88,35,97,0,113,147,105,149,87,188,75,217,141,165,127,170,110,198,99,219
28,90,259,59,229,50,178,74,139,101,120,48,141,25,86,11,51,0,21,81,137,81,78,89,35,97,0,114,147,106,149,88,188,77,217,142,166,129,170,111,198,100,219
28,90,259,59,230,51,177,74,138,101,120,48,141,25,86,11,51,0,21,81,137,81,78,88,35,97,0,114,147,107,149,88,188,77,217,142,165,128,171,111,199,99,220
28,88,259,58,229,49,177,73,138,100,120,47,140,24,85,10,51,0,20,80,136,80,78,88,35,97,0,113,146,105,149,87,188,75,217,141,164,127,171,109,199,98,220
28,89,259,58,229,50,177,73,138,101,120,47,140,24,85,10,50,0,20,80,137,80,78,87,35,96,0,112,147,106,148,88,187,76,216,141,166,128,169,111,197,100,219
28,89,260,58,229,50,177,73,138,101,120,47,140,24,86,10,51,0,20,80,137,79,78,87,35,96,0,112,148,106,148,88,187,77,216,141,166,128,169,111,197,101,218
28,89,259,58,229,50,177,73,138,101,120,48,140,25,85,11,51,0,21,81,136,80,78,88,35,97,0,114,147,105,149,87,188,76,217,142,165,128,170,111,197,101,219
28,89,258,58,229,49,177,72,138,100,121,48,140,25,85,11,50,0,20,81,136,81,78,88,35,97,0,114,146,105,149,87,188,76,217,142,164,127,171,109,200,98,221
28,89,258,58,228,50,176,73,138,101,121,48,139,25,84,11,50,0,20,82,136,81,77,88,35,97,0,114,146,105,149,87,187,75,216,143,164,127,172,109,199,98,221
28,89,258,59,228,50,176,73,137,101,120,48,139,25,84,11,49,0,19,82,136,82,77,89,35,97,0,114,146,106,149,87,187,76,216,142,164,127,171,110,199,99,220
28,90,257,59,227,50,176,74,137,100,120,49,139,26,84,11,49,0,19,82,135,81,77,88,34,97,0,115,145,104,149,86,187,75,217,143,162,127,171,109,199,98,220
28,90,258,58,228,50,176,74,137,103,120,50,141,26,85,12,50,0,20,82,137,81,78,89,35,97,0,115,147,105,150,86,189,75,218,143,165,127,171,110,198,99,220
28,89,258,58,228,50,175,74,137,103,121,50,140,26,85,12,50,0,20,83,137,81,78,89,35,97,0,115,147,104,151,86,189,75,218,143,165,127,172,109,199,99,221
28,89,258,57,228,49,176,73,137,102,120,48,140,26,86,12,51,0,20,81,137,81,78,88,35,96,0,114,147,104,150,86,188,74,218,142,165,126,171,109,199,98,221
28,90,259,58,229,50,176,73,137,102,120,48,141,25,86,11,51,0,20,81,137,80,78,88,35,96,0,113,147,104,150,86,188,75,216,142,165,127,171,109,199,99,221
28,90,259,59,229,50,177,74,137,103,120,49,141,26,85,11,50,0,20,82,137,81,78,89,35,98,0,114,148,106,150,88,188,76,217,143,166,129,170,111,198,101,220
28,90,259,58,229,50,176,74,137,102,120,49,140,26,85,11,50,0,20,82,137,81,78,89,35,98,0,114,147,106,149,87,188,76,217,143,165,128,170,110,198,99,220
28,89,259,58,229,49,177,73,138,101,121,48,141,25,85,11,50,0,20,81,137,81,78,89,35,97,0,114,147,104,150,86,189,75,218,142,165,127,170,109,199,99,221
28,90,258,59,229,51,177,75,139,103,121,49,141,26,85,12,50,0,20,82,137,82,78,89,35,98,0,115,147,105,151,87,190,75,218,143,165,127,173,109,200,99,222
28,90,258,58,229,50,177,75,138,103,120,49,141,26,85,12,50,0,19,82,137,82,78,89,34,98,0,115,147,105,150,87,189,75,218,143,165,127,171,110,199,99,221
28,89,258,58,229,50,176,75,138,103,121,49,141,26,86,12,51,0,21,82,137,82,78,89,35,98,0,115,147,105,151,87,189,76,218,142,165,127,172,110,199,100,221
28,88,257,58,228,50,177,74,139,102,122,48,140,25,85,11,50,0,20,81,137,80,78,88,35,97,0,114,147,104,150,86,189,75,218,142,165,126,172,109,199,98,220
28,89,257,58,228,51,177,75,139,103,122,49,140,26,85,12,50,0,20,82,137,81,78,89,35,97,0,115,147,104,151,86,190,75,219,143,165,127,172,109,199,99,221
28,88,258,57,228,49,176,73,137,102,121,48,140,25,85,11,50,0,20,81,136,80,77,88,35,97,0,114,147,103,151,85,190,74,219,142,165,126,171,109,198,99,219
28,88,258,57,228,49,176,74,137,102,121,48,140,25,85,11,50,0,20,81,136,80,77,88,35,97,0,114,147,103,150,85,189,74,218,142,165,126,171,109,198,99,219
28,89,258,57,228,49,177,73,138,100,122,48,140,25,85,11,50,0,20,81,136,80,78,88,35,97,0,114,146,104,151,86,190,75,218,142,164,126,173,108,200,97,221
28,89,259,58,228,49,176,73,138,101,121,48,140,25,85,11,50,0,20,81,137,80,78,88,35,96,0,114,147,104,149,86,188,75,217,142,166,126,171,108,198,98,220
28,89,259,58,229,49,177,74,138,102,122,49,141,25,86,11,51,0,20,81,137,80,79,88,35,96,0,114,148,104,150,86,189,75,218,142,166,126,172,108,200,97,221
28,89,259,58,229,49,177,74,138,102,122,49,141,25,86,11,51,0,20,82,138,80,78,88,35,97,0,114,148,104,151,86,189,75,218,142,166,125,173,108,200,97,222
28,89,259,57,229,50,177,74,138,103,121,48,141,25,86,11,51,0,20,81,137,81,79,88,35,97,0,114,148,104,151,86,189,75,218,142,166,126,173,108,201,98,222
28,89,259,57,228,50,176,74,138,102,120,48,140,25,85,11,50,0,19,82,137,81,78,88,35,97,0,114,147,104,150,86,188,75,217,142,165,125,172,108,200,98,222
28,89,259,57,229,49,177,72,138,101,121,48,140,25,84,11,49,0,19,81,136,81,77,88,35,97,0,114,146,104,150,86,188,75,217,142,164,125,172,108,200,98,222
28,89,259,57,229,49,177,73,138,101,121,48,140,25,84,11,49,0,19,81,136,81,78,88,35,97,0,114,146,104,149,86,188,75,217,142,164,125,172,108,200,98,222
28,88,258,57,228,49,176,73,138,102,120,48,140,25,84,11,50,0,20,81,136,80,77,88,35,97,0,114,147,105,149,86,188,75,216,141,165,126,171,109,199,98,221
28,89,259,57,229,49,177,73,138,101,121,49,141,25,86,11,51,0,20,82,138,81,78,88,35,97,0,114,148,104,150,86,189,75,218,142,166,127,171,109,199,97,221
28,89,259,57,229,49,177,74,138,102,121,49,141,25,86,11,51,0,20,82,137,81,78,88,35,97,0,114,148,105,150,86,189,75,218,142,166,127,171,109,199,98,222
28,89,259,57,229,49,177,74,139,102,122,48,142,25,86,11,51,0,21,81,138,81,79,88,35,97,0,114,148,104,151,86,190,75,219,141,165,126,173,109,201,98,223
28,88,258,57,227,49,175,74,137,103,121,49,141,25,85,11,50,0,20,82,137,81,78,88,35,97,0,114,147,105,150,86,189,75,218,142,165,127,172,109,200,98,221
28,89,258,58,228,50,176,75,138,103,121,49,141,26,86,12,51,0,21,82,137,81,78,88,35,97,0,114,147,104,150,86,188,75,217,142,165,126,171,109,199,98,220
28,88,258,57,228,49,176,74,138,102,121,48,141,25,86,11,51,0,21,81,137,80,78,87,35,96,0,113,147,103,150,85,188,74,217,141,165,125,171,108,199,97,220
28,88,257,57,227,49,176,73,138,101,121,47,140,24,85,11,50,0,20,80,136,80,77,88,35,96,0,113,147,103,150,86,188,75,216,140,165,125,171,108,199,98,220
28,88,257,57,227,49,176,73,138,100,121,47,140,24,85,11,50,0,20,80,136,80,77,87,35,96,0,113,147,103,151,85,189,75,217,141,165,125,171,108,198,98,219
28,88,257,57,227,49,176,73,138,101,121,48,140,25,85,11,50,0,20,81,136,81,77,89,35,97,0,114,147,104,150,86,189,75,218,142,165,126,171,109,199,98,220
28,88,257,57,227,49,176,73,138,101,121,48,139,25,85,11,50,0,20,81,136,81,77,88,35,97,0,114,146,104,150,86,189,75,218,142,164,126,171,109,199,98,220
28,88,258,57,228,49,176,74,137,102,120,48,139,25,85,11,50,0,20,81,136,81,77,89,35,97,0,113,146,104,150,86,189,75,218,141,165,127,170,110,198,99,219
28,88,257,57,227,49,175,72,136,100,120,48,139,25,84,11,50,0,20,81,135,81,77,88,34,97,0,114,146,104,149,86,188,75,217,141,164,126,170,109,197,100,219
28,89,256,58,226,51,174,75,136,103,119,48,139,25,85,11,50,0,20,81,135,81,77,88,34,97,0,114,145,104,150,86,188,75,216,142,163,127,171,109,198,98,219
28,89,258,58,228,50,176,74,137,101,120,48,140,25,86,11,51,0,21,81,137,80,78,88,35,97,0,114,147,105,149,87,188,76,217,142,165,128,170,110,198,99,220
28,90,259,59,227,51,176,75,137,102,120,49,140,26,86,12,51,0,21,82,136,81,78,89,35,97,0,115,147,106,149,87,187,76,216,143,165,128,171,110,198,99,220
28,89,258,58,229,50,176,74,138,101,121,49,140,26,85,12,50,0,20,82,136,81,77,88,34,97,0,115,146,105,150,87,188,76,217,143,164,127,171,110,199,99,221
28,89,258,57,227,49,176,73,138,101,121,48,141,25,86,11,51,0,21,81,137,80,78,88,35,96,0,114,146,104,151,86,189,75,219,142,164,126,172,108,199,98,221
28,88,258,56,228,49,175,74,137,102,121,47,140,25,86,11,51,0,21,80,137,79,78,87,35,95,0,113,147,104,150,86,188,75,217,141,166,126,171,109,198,98,220
28,90,259,58,228,50,176,74,138,101,121,49,141,25,86,11,51,0,21,82,136,81,78,88,35,97,0,115,146,104,151,85,189,74,218,143,164,125,173,108,201,97,222
28,89,259,57,228,50,175,74,136,103,120,48,141,25,86,11,51,0,20,81,137,80,78,88,35,97,0,114,147,105,150,87,188,76,217,142,165,127,170,110,197,100,218
3,79,374,33,339,0,279,10,228,47,196,32,176,27,91,26,44,28,0,85,189,82,141,59,209,49,255,133,217,121,205,88,273,72,307,175,253,165,239,131,282,113,304
3,79,372,32,337,0,278,10,227,47,195,32,178,27,93,26,45,28,0,85,192,82,140,60,206,50,252,132,220,120,203,88,270,72,306,175,256,164,237,132,279,113,303
3,79,374,32,338,0,279,10,227,47,195,32,178,28,93,27,45,29,0,85,192,81,140,59,208,50,255,131,219,121,204,88,272,72,308,173,255,164,238,131,280,111,303
3,78,374,32,338,0,279,11,227,48,196,32,178,27,92,26,44,29,0,85,191,82,141,59,209,49,256,132,219,121,203,88,271,72,308,174,256,164,238,131,280,110,304
3,78,374,32,339,0,280,10,229,49,198,31,178,27,92,26,45,28,0,85,191,82,140,60,206,49,252,132,218,121,207,87,274,71,309,174,254,163,239,131,282,114,306
3,78,374,32,340,0,280,10,228,48,197,31,179,27,92,26,44,29,0,84,192,81,141,59,208,49,255,132,219,120,205,87,273,71,308,174,254,163,239,130,281,111,304
3,76,374,31,339,0,280,11,229,47,198,30,177,26,92,26,44,28,0,84,191,81,143,58,210,48,256,131,218,120,206,87,274,71,308,173,255,163,239,131,281,112,303
3,78,374,32,341,0,281,10,229,48,197,31,179,27,92,26,45,28,0,84,192,82,142,60,209,51,254,131,219,122,206,89,274,73,308,172,256,164,239,133,282,115,304
3,78,372,32,338,0,280,11,228,48,195,30,178,26,92,25,45,28,0,83,191,80,140,59,207,50,253,130,218,120,204,87,272,71,306,171,254,163,237,131,279,112,302
3,77,373,32,338,0,279,11,227,48,196,31,178,28,92,27,45,28,0,84,192,81,140,60,205,50,250,130,219,120,204,88,271,71,306,172,255,163,237,131,278,113,301
3,75,373,31,337,0,279,11,227,49,196,31,179,28,93,27,45,30,0,84,192,81,139,59,205,50,251,130,220,119,206,87,273,71,308,172,256,162,237,130,279,111,303
3,77,375,31,339,0,280,10,229,47,198,31,180,26,93,25,45,28,0,84,194,81,142,58,209,48,256,130,222,120,205,86,273,70,310,172,258,163,239,129,282,109,306
3,77,373,32,338,0,279,9,228,47,196,31,176,27,91,26,44,29,0,85,189,82,140,58,208,47,254,132,217,121,204,86,271,71,305,175,254,163,239,129,282,110,304
3,77,374,31,338,0,279,11,227,48,196,32,178,28,92,27,44,29,0,85,191,82,139,58,204,47,251,133,219,120,204,86,271,70,308,175,255,162,239,128,281,109,306
3,76,373,30,338,0,278,12,227,50,197,30,178,27,92,26,44,28,0,83,192,82,141,61,206,50,251,130,219,121,205,88,272,71,307,172,255,163,238,130,280,111,304
3,75,372,30,337,0,278,12,226,51,196,32,180,28,93,28,44,30,0,84,194,81,142,60,208,50,254,130,222,121,204,88,271,71,306,171,257,163,237,131,279,111,302
3,76,373,30,338,0,279,12,227,50,196,30,180,27,93,28,45,31,0,82,194,81,143,60,209,51,255,128,222,120,205,87,272,71,307,170,257,162,238,131,279,113,301
3,75,372,30,337,0,278,12,226,50,195,31,178,29,92,29,44,32,0,84,192,82,142,60,209,50,255,130,219,120,204,88,271,71,306,171,255,162,237,130,278,110,301
3,75,370,30,335,0,276,13,226,50,195,31,177,28,91,28,44,31,0,84,190,82,141,61,206,51,251,130,218,121,205,87,271,70,306,171,253,162,238,130,280,109,303
3,76,370,31,336,0,276,12,225,51,194,32,175,29,90,29,44,32,0,85,188,81,142,59,211,50,256,131,215,119,202,87,270,72,303,173,251,161,236,129,278,112,300
3,76,372,31,336,0,277,12,226,49,195,31,178,28,92,28,44,31,0,84,192,82,141,61,207,50,253,130,219,120,205,87,271,69,307,172,255,163,238,130,280,108,304
3,76,372,31,338,0,279,12,228,50,197,31,179,28,93,28,45,31,0,84,193,81,142,59,208,49,253,130,220,121,205,87,272,70,307,172,256,163,238,130,280,111,304
3,75,371,30,336,0,276,12,225,50,194,32,176,30,91,31,44,33,0,84,190,83,141,61,207,50,252,130,217,120,205,87,271,71,304,171,253,163,238,130,279,111,301
3,75,372,30,337,0,278,12,226,50,196,31,178,29,92,30,44,33,0,83,192,81,143,60,208,51,254,130,219,120,206,88,272,71,307,171,255,164,238,132,278,113,301
3,75,369,30,334,0,275,12,224,51,193,31,177,28,91,29,44,32,0,83,191,81,143,60,209,50,253,129,218,119,204,87,270,69,305,169,254,161,237,129,278,108,302
3,75,369,30,334,0,275,12,223,51,193,32,176,29,91,29,44,32,0,83,190,81,143,60,209,50,255,129,217,119,204,87,269,70,304,170,252,162,237,129,277,109,300
3,76,369,30,333,0,273,12,221,51,191,32,177,29,92,31,44,34,0,83,191,81,141,60,206,50,252,129,218,119,202,88,268,71,303,171,253,161,234,130,275,110,299
3,75,370,30,335,0,276,12,224,50,193,31,176,29,90,30,43,32,0,83,190,81,141,60,207,50,252,129,217,120,203,87,270,69,304,170,253,162,236,129,278,107,301
3,74,370,30,335,0,276,12,224,50,194,31,175,29,90,29,43,32,0,84,189,82,143,61,210,51,255,130,216,120,205,88,270,71,305,171,251,162,238,129,279,109,302
3,75,369,31,333,0,275,12,224,50,194,32,175,29,90,29,43,32,0,84,189,82,141,60,208,50,254,130,217,120,203,88,269,71,304,172,253,162,237,130,278,109,301
3,76,370,31,334,0,275,11,225,49,194,32,174,29,90,29,43,32,0,85,187,82,142,60,209,50,255,131,214,120,204,87,270,70,305,173,250,163,237,129,278,108,301
3,76,370,31,335,0,276,12,225,50,194,32,175,30,91,30,44,33,0,85,189,82,142,61,210,51,255,131,216,119,204,87,270,71,305,173,251,161,237,129,279,109,302
3,74,369,30,333,0,275,12,225,49,195,31,174,28,90,29,43,31,0,84,187,81,140,59,207,50,252,131,215,119,203,87,270,71,304,172,252,162,237,129,278,110,300
3,74,369,30,335,0,277,11,227,48,196,32,174,28,90,28,44,30,0,84,188,81,141,60,207,50,252,130,216,119,205,87,270,70,304,171,253,162,238,130,279,110,301
3,74,369,30,335,0,277,11,226,48,196,31,175,28,91,28,44,31,0,84,189,80,142,59,208,50,254,130,217,119,204,87,270,71,303,171,254,162,237,130,278,111,300
3,75,370,30,336,0,277,12,227,49,196,31,177,28,92,28,44,31,0,83,191,80,142,60,207,50,252,130,218,119,204,87,270,71,305,171,254,161,237,129,278,110,301
3,75,368,30,334,0,275,13,225,51,194,33,173,31,90,30,43,33,0,85,188,81,143,59,208,49,253,130,216,119,204,86,269,70,304,171,253,161,236,128,277,109,300
3,75,369,30,334,0,276,13,225,51,195,32,175,29,90,29,44,32,0,84,188,81,142,61,206,52,252,130,216,120,204,87,269,71,305,171,252,162,236,129,277,109,300
3,76,368,31,334,0,275,14,224,51,193,32,174,29,90,30,43,32,0,85,188,82,141,61,207,51,252,131,215,120,203,87,270,70,304,172,251,161,236,128,278,109,301
3,75,367,30,333,0,275,13,224,50,193,33,173,30,90,29,43,32,0,85,187,81,143,60,209,50,254,130,214,119,202,87,268,70,303,171,250,162,235,129,276,109,299
3,76,367,30,332,0,274,13,224,50,194,33,173,30,90,30,44,33,0,85,187,81,142,60,208,51,253,131,215,120,203,87,268,71,303,171,251,162,235,129,277,109,300
3,74,367,30,333,0,275,12,225,51,195,33,175,30,91,30,44,33,0,85,189,81,142,59,210,50,256,131,216,119,204,86,270,70,305,171,252,161,238,128,279,109,301
3,76,369,30,334,0,275,12,225,50,194,32,175,29,91,29,44,31,0,84,189,81,142,61,207,51,252,130,216,119,203,88,269,71,304,172,252,161,235,129,277,109,300
3,75,368,31,334,0,274,13,224,52,194,35,174,32,90,32,43,35,0,87,188,82,142,60,210,51,255,132,216,120,203,87,269,71,304,173,252,161,236,128,278,108,301
3,76,368,31,333,0,275,13,225,50,195,32,173,30,90,30,44,32,0,85,187,82,143,62,210,52,255,131,214,121,204,89,269,72,304,172,251,163,237,130,278,109,302
3,75,367,31,332,0,274,12,224,50,193,33,173,31,89,31,43,34,0,85,188,82,142,60,208,49,253,131,216,120,202,87,269,70,304,171,253,162,236,128,277,107,301
3,75,367,31,332,0,274,12,223,50,193,32,173,29,89,28,43,31,0,84,186,81,138,60,203,50,249,130,214,119,201,87,267,70,303,171,250,162,235,129,276,109,299
3,77,368,32,333,0,275,12,224,50,194,33,173,29,90,29,43,32,0,86,187,81,141,60,207,51,253,132,215,120,202,88,268,72,305,174,251,162,235,129,277,110,301
3,75,369,30,333,0,275,12,224,49,194,32,174,28,90,28,44,31,0,84,188,81,139,59,205,49,250,131,216,119,202,87,269,70,305,172,252,162,236,129,278,110,301
3,75,369,31,334,0,276,12,225,50,195,33,173,30,90,29,43,31,0,85,186,80,141,59,207,50,253,131,213,118,204,86,269,69,304,172,249,159,238,127,280,107,302
3,75,369,31,335,0,275,13,225,52,194,34,174,31,90,31,43,33,0,86,187,81,142,60,208,50,253,132,214,119,204,86,270,69,304,173,250,161,237,128,279,108,303
3,76,367,31,332,0,274,14,224,51,194,34,172,31,89,31,43,33,0,86,186,81,142,61,208,51,254,132,214,120,203,87,269,71,304,172,250,163,235,130,277,111,300
3,76,367,31,332,0,273,13,223,51,193,34,172,30,89,30,43,32,0,85,186,81,142,60,208,51,253,131,213,119,202,87,268,71,303,172,249,161,235,129,277,109,300
3,75,366,30,331,0,273,13,224,51,193,33,170,30,88,30,42,32,0,86,184,81,143,60,211,51,257,132,211,118,204,86,269,69,303,173,248,162,236,128,278,108,300
3,76,367,31,331,0,273,13,223,51,194,33,172,30,90,30,43,32,0,84,186,80,141,60,206,50,251,130,214,120,201,88,266,71,301,171,250,163,234,130,274,109,298
3,76,367,31,332,0,274,13,225,50,194,32,172,29,89,29,43,31,0,85,186,81,140,60,207,50,251,131,213,119,202,87,268,70,303,172,250,161,236,128,278,108,301
3,75,366,31,331,0,274,12,225,48,195,33,173,29,90,29,43,31,0,85,186,81,141,60,206,50,252,131,212,119,202,87,267,70,302,172,248,162,236,129,277,107,300
3,75,366,30,332,0,274,12,224,48,194,31,174,28,90,27,44,30,0,83,188,80,140,58,206,48,250,129,215,118,202,85,268,69,302,170,251,160,235,127,277,107,299
3,74,367,30,332,0,275,12,225,49,194,32,174,28,90,28,43,31,0,83,188,81,139,60,204,49,250,129,215,119,202,87,267,70,302,170,251,161,236,128,278,107,301
3,75,369,30,333,0,276,11,226,49,195,31,176,27,92,27,44,30,0,83,190,80,142,59,207,49,253,129,218,118,204,86,270,70,306,170,253,160,237,127,279,106,303
3,75,366,31,331,0,274,11,225,49,195,32,173,27,90,27,43,29,0,84,186,80,140,60,205,50,251,130,212,119,203,87,268,71,303,171,248,161,236,128,278,108,301
3,74,367,31,332,0,275,11,226,49,195,31,175,28,91,28,44,31,0,83,188,79,139,58,206,49,252,130,215,118,202,86,268,70,303,171,251,160,236,128,278,108,300
3,76,368,31,333,0,276,13,226,50,196,33,174,29,90,28,44,31,0,85,187,81,144,60,211,51,257,131,214,119,204,87,269,71,303,172,249,161,236,129,278,109,301
3,75,367,30,333,0,275,13,224,51,194,32,174,29,90,29,44,31,0,84,188,80,141,60,206,51,251,130,215,119,202,87,268,69,303,170,250,161,235,128,277,107,301
3,75,365,30,331,0,273,13,223,51,193,32,173,29,90,29,43,31,0,84,186,81,143,60,207,50,252,130,214,120,201,87,267,69,302,170,250,162,235,129,276,108,299
3,76,365,30,330,0,272,13,223,50,193,34,172,30,90,30,43,32,0,85,186,80,143,59,209,50,253,131,214,119,201,86,267,70,301,171,250,162,234,129,275,108,298
3,75,365,30,331,0,274,12,225,49,194,32,171,28,89,27,43,29,0,84,184,79,143,58,208,49,253,130,211,117,202,85,267,69,302,170,247,159,235,126,276,107,299
3,75,364,31,330,0,273,13,223,50,193,32,171,29,89,29,43,31,0,85,184,80,141,58,209,49,255,131,211,117,202,86,268,71,302,172,246,159,235,127,276,109,298
3,75,366,31,331,0,274,13,226,50,195,33,173,29,89,28,43,30,0,84,186,79,141,58,206,49,251,130,213,117,203,86,268,70,302,171,248,160,236,128,277,107,299
3,74,366,30,332,0,276,12,227,49,196,30,175,27,91,27,44,29,0,82,188,79,140,58,206,49,251,128,215,117,204,86,270,69,304,169,251,160,236,128,277,108,300
3,74,364,30,330,0,273,11,225,49,194,32,172,28,89,28,42,30,0,83,186,78,139,57,205,48,250,129,213,117,201,86,266,70,300,170,249,160,234,127,275,106,298
3,75,365,30,330,0,274,11,225,48,195,32,174,27,90,27,44,29,0,83,188,77,140,57,205,48,250,129,215,116,202,85,267,69,303,170,250,159,235,126,276,106,299
3,75,365,30,330,0,272,13,223,49,193,33,172,29,88,29,42,31,0,84,186,78,140,58,204,48,251,130,213,116,201,85,265,70,301,172,248,160,233,127,273,108,297
3,74,366,30,332,0,274,13,225,49,194,32,172,28,89,27,43,29,0,83,185,79,139,58,203,48,248,129,212,117,202,85,266,69,300,170,248,159,235,127,276,108,298
3,74,364,30,330,0,273,12,224,49,194,31,172,27,89,27,43,29,0,83,185,78,139,58,205,49,250,129,212,116,202,85,267,70,300,170,248,159,234,127,274,107,296
3,75,364,30,329,0,272,13,223,50,193,31,173,28,90,28,43,30,0,83,187,80,139,60,204,50,248,130,214,118,201,86,267,69,302,170,250,160,235,128,275,108,299
3,73,364,29,330,0,273,13,222,50,192,31,174,27,91,27,44,30,0,83,187,79,141,59,204,49,249,128,213,117,202,85,266,67,301,169,248,159,234,126,275,105,299
3,75,366,31,331,0,274,13,222,52,192,33,176,30,91,30,44,32,0,84,189,80,141,60,207,51,252,130,215,118,201,86,267,70,303,172,250,159,233,127,275,107,300
3,74,365,30,330,0,272,14,222,51,192,33,174,29,90,29,43,31,0,84,187,79,141,58,205,49,250,130,213,117,200,85,265,69,301,171,248,158,233,126,274,106,298
3,73,364,29,329,0,271,13,221,50,192,32,174,30,90,30,43,32,0,83,188,79,140,59,205,49,251,129,214,117,200,86,265,69,301,170,249,158,233,127,274,107,298
3,74,365,30,331,0,275,13,225,51,195,32,174,29,90,29,43,31,0,83,187,78,142,58,207,49,251,129,214,117,202,85,267,70,302,169,250,158,235,126,276,107,300
3,74,364,30,330,0,273,13,223,51,193,32,174,29,90,30,43,33,0,84,188,79,141,59,208,50,253,129,215,118,202,86,267,70,302,170,250,159,235,127,276,107,299
3,73,365,29,330,0,274,13,225,48,194,31,173,28,90,27,43,29,0,82,187,78,140,58,204,49,249,127,214,117,201,85,266,69,300,168,249,158,234,126,275,106,297
3,74,366,29,331,0,274,14,224,51,193,33,172,29,90,29,43,31,0,84,186,79,143,58,209,49,253,130,213,117,202,85,267,69,302,170,249,158,235,125,276,106,300
3,74,366,30,331,0,274,13,225,51,194,33,172,29,89,29,43,31,0,84,186,79,141,58,208,49,253,129,213,117,200,85,266,70,301,170,249,159,234,127,275,108,298
3,73,366,29,331,0,274,12,225,50,194,32,172,28,89,27,43,30,0,83,186,77,141,56,207,48,252,128,213,116,200,84,266,69,301,169,249,158,234,126,275,107,298
3,73,365,29,330,0,273,12,224,49,194,31,172,27,89,27,43,29,0,82,186,77,139,57,204,49,248,128,213,116,199,84,265,68,299,168,248,158,232,127,273,108,296
3,74,365,30,330,0,273,13,224,51,193,32,172,29,89,28,43,31,0,84,186,78,140,58,205,50,248,129,213,117,199,85,265,70,299,169,249,159,231,127,272,109,295
3,74,365,30,330,0,272,13,223,50,192,32,172,28,89,28,43,30,0,83,186,78,141,57,206,48,251,128,213,116,199,84,265,69,299,169,248,157,232,125,273,107,296
3,74,365,30,330,0,272,12,223,50,193,32,172,28,89,27,43,30,0,83,185,78,141,57,207,48,251,128,212,116,199,84,265,69,299,169,248,157,233,125,274,106,297
3,74,365,30,331,0,273,13,223,50,193,32,172,28,89,28,43,30,0,83,185,78,141,58,207,49,251,129,211,116,200,84,266,69,300,169,246,157,233,125,274,106,296
3,75,366,30,331,0,273,13,223,52,193,32,173,28,90,28,43,31,0,84,186,79,142,59,209,50,254,129,213,116,201,85,267,69,301,170,248,158,233,126,274,108,297
3,74,364,30,329,0,272,13,221,52,192,32,173,28,90,27,43,30,0,83,186,80,141,59,206,49,251,129,212,117,199,85,265,69,300,170,247,158,233,126,275,107,298
3,75,363,30,329,0,271,14,221,53,192,33,173,29,90,29,43,32,0,84,187,80,141,59,206,50,251,130,213,118,199,86,264,71,299,171,248,158,232,127,273,108,297
3,74,365,30,330,0,273,14,223,52,193,32,174,28,90,28,43,31,0,83,187,79,142,58,207,49,252,129,214,116,201,85,266,69,301,170,250,158,233,126,274,107,298
3,74,365,29,330,0,272,14,222,52,193,32,173,28,90,28,44,31,0,83,187,79,142,58,207,49,252,129,214,117,201,85,266,69,301,170,250,158,233,126,274,107,298
3,74,362,30,328,0,271,13,220,51,190,32,175,29,90,29,44,32,0,82,188,77,138,58,203,49,248,128,214,116,198,85,264,70,300,169,249,157,229,126,271,108,295
3,73,362,30,328,0,271,14,221,52,191,32,174,29,90,28,44,31,0,83,187,79,140,58,205,50,250,129,213,117,200,85,265,69,300,169,248,158,232,126,273,106,297
3,72,364,29,330,0,273,13,223,51,193,32,176,28,91,28,44,30,0,82,189,77,141,57,205,49,250,127,216,115,202,84,266,68,300,168,251,157,233,125,274,107,296
3,73,365,29,329,0,272,12,222,50,193,32,174,28,90,28,43,30,0,82,188,77,141,57,205,49,250,127,215,116,201,85,265,69,302,168,250,158,232,126,272,106,296
3,74,366,30,332,0,275,13,225,50,194,33,174,29,91,29,44,32,0,84,189,79,143,58,208,49,252,129,216,117,202,85,266,70,301,169,252,159,233,127,274,107,297
3,74,365,30,330,0,273,14,224,51,195,32,173,29,90,29,44,32,0,84,187,79,142,59,206,50,251,130,214,118,202,86,267,70,302,170,249,160,235,128,276,107,299
3,74,363,30,328,0,271,13,221,51,192,32,173,29,89,29,43,32,0,83,186,79,140,58,205,49,251,129,212,117,200,86,265,69,301,170,247,159,232,126,274,106,298
3,75,366,31,332,0,274,13,225,51,195,32,175,29,91,29,44,31,0,83,188,78,142,58,208,50,252,129,215,117,202,86,267,70,302,170,250,160,233,128,274,108,297
3,75,366,30,331,0,273,12,223,51,194,32,174,29,90,29,43,32,0,84,188,78,141,58,206,49,251,130,214,117,201,85,267,69,303,170,249,158,234,126,275,106,299
3,73,364,30,330,0,273,12,222,50,193,32,176,28,90,28,43,31,0,82,188,77,138,57,202,49,246,128,214,114,201,84,266,68,301,169,248,156,233,125,274,107,297
3,74,366,30,332,0,275,13,224,51,194,32,176,30,91,30,44,33,0,83,189,79,143,59,208,50,253,128,216,119,202,87,267,70,303,169,251,159,234,127,276,106,300
3,73,363,30,329,0,272,13,222,50,193,32,174,29,90,30,43,32,0,82,187,78,139,58,202,49,246,128,212,116,200,85,265,69,299,169,246,157,232,126,273,108,296
3,74,365,30,331,0,274,13,223,50,193,32,176,30,91,30,44,32,0,82,190,77,141,58,205,49,250,127,217,116,201,85,266,69,301,167,251,157,233,126,274,108,298
3,74,363,30,328,0,271,13,220,52,191,33,173,30,90,31,43,33,0,83,187,78,139,58,203,50,248,128,213,116,199,85,264,69,299,169,247,156,231,126,273,107,297
3,74,361,29,325,0,268,12,217,49,185,32,173,30,89,30,43,32,0,81,187,76,139,58,202,50,246,125,214,113,197,83,261,69,296,166,248,154,227,125,268,108,291
3,75,360,31,325,0,269,12,218,50,186,32,172,30,89,30,43,32,0,82,185,78,136,59,200,51,244,127,211,116,197,85,262,70,296,167,246,156,229,126,270,108,293
3,73,360,28,323,0,267,12,218,49,185,33,172,31,89,30,43,31,0,82,185,77,137,57,199,49,243,126,212,114,195,83,259,68,293,166,247,154,228,123,267,105,291
3,73,362,29,325,0,269,12,219,50,188,32,172,29,90,29,43,31,0,82,185,76,136,56,199,48,243,127,211,113,196,83,260,68,296,167,246,154,228,123,268,105,292
3,74,360,30,324,0,267,12,216,49,185,33,172,29,89,28,43,30,0,82,185,76,134,55,196,47,240,127,211,112,194,82,259,68,294,168,245,152,228,122,268,105,291
3,74,363,29,327,0,270,14,220,51,189,34,173,31,90,30,43,32,0,83,186,77,140,57,202,47,246,127,212,114,197,83,261,67,298,168,247,154,231,122,271,102,296
4,156,293,81,269,18,213,0,154,47,146,80,103,75,19,67,60,70,110,130,97,131,0,119,47,119,98,178,102,185,11,167,45,161,93,226,119,236,48,218,51,205,77
4,156,291,81,266,18,211,0,152,46,144,80,102,74,20,65,59,69,109,129,95,130,0,118,46,118,96,177,100,183,11,166,43,160,90,225,116,234,44,216,48,203,75
4,155,292,80,268,17,212,0,153,45,145,79,102,72,19,64,59,68,109,128,95,128,0,116,48,116,98,176,100,182,10,165,44,159,92,224,116,233,45,215,49,202,76
4,154,292,79,267,16,212,0,155,43,146,79,103,72,20,62,62,65,112,128,95,128,0,115,47,114,97,175,100,182,11,164,44,158,90,223,116,231,45,213,51,201,78
4,156,294,81,271,18,215,0,158,44,146,82,104,75,20,64,62,68,113,131,97,131,0,117,49,118,99,178,102,185,11,166,46,162,93,226,118,235,46,216,52,204,80
4,156,293,81,270,18,214,0,156,45,146,82,105,77,20,65,61,68,111,131,98,131,0,117,49,118,98,178,103,185,11,166,46,161,93,226,119,236,46,217,52,204,80
4,155,294,79,271,17,213,0,154,45,148,80,105,75,21,65,62,68,113,129,98,130,0,117,49,117,100,177,103,184,12,165,45,160,93,225,119,236,47,216,51,203,79
4,158,292,81,266,18,212,0,154,47,146,82,103,76,21,65,62,69,112,131,95,132,0,118,49,119,99,179,100,186,11,166,46,161,93,227,116,236,44,216,49,204,78
4,158,292,83,269,19,212,0,152,43,146,82,102,76,20,69,62,72,111,131,94,130,0,119,49,120,99,179,99,184,10,167,48,162,94,228,114,236,42,217,51,205,80
4,157,290,83,265,20,212,0,153,42,144,83,103,77,20,67,62,70,111,132,95,130,0,117,47,118,97,179,99,184,11,166,46,161,92,227,114,237,44,218,48,204,74
4,157,291,80,266,18,211,0,152,44,145,82,104,77,21,68,60,71,110,130,95,129,0,118,46,119,96,177,99,183,10,166,45,162,92,226,115,236,43,218,48,205,76
4,158,290,83,267,19,215,0,154,43,144,83,104,78,23,70,65,73,114,131,95,130,0,119,48,120,96,178,99,184,9,166,48,162,94,227,115,237,42,217,52,204,81
4,157,290,84,266,21,216,0,158,46,145,81,99,78,19,70,60,72,107,130,92,132,0,120,49,121,95,180,96,185,12,167,54,163,98,229,113,237,43,217,61,204,93
4,155,288,80,265,18,210,0,149,45,143,83,104,78,21,70,59,72,108,130,95,129,0,118,46,119,95,176,99,182,10,165,45,161,91,224,114,234,43,216,48,204,76
4,157,290,83,267,19,214,0,156,43,147,84,101,78,20,68,62,69,112,132,94,131,0,117,49,118,99,179,99,185,11,166,48,162,95,227,114,236,42,217,51,205,82
4,160,290,84,268,19,214,0,154,45,148,83,103,79,20,71,63,73,111,132,95,131,0,119,50,121,99,179,99,184,10,167,50,163,96,227,115,235,43,217,53,205,83
4,159,290,83,266,19,212,0,152,44,146,83,102,78,21,68,62,71,111,131,94,131,0,118,47,120,97,179,98,184,9,165,46,161,94,227,113,236,41,216,51,203,83
4,159,291,84,267,21,214,0,155,42,146,84,104,78,21,67,61,70,109,131,96,130,0,117,48,118,97,178,100,183,11,165,47,161,94,227,116,236,45,217,51,204,79
4,160,289,84,266,21,213,0,154,43,146,84,101,78,19,68,60,70,109,132,93,130,0,117,48,119,98,179,98,184,10,166,47,162,93,228,113,237,40,217,50,204,82
4,157,289,82,264,20,210,0,152,44,143,83,104,78,22,66,61,68,110,130,96,129,0,116,45,117,96,176,100,181,11,164,44,159,91,224,115,233,44,215,47,202,74
4,159,288,84,264,21,212,0,155,41,144,85,101,79,20,68,61,70,110,132,94,131,0,118,50,118,100,179,98,185,10,166,48,161,95,227,114,235,42,217,51,205,80
4,160,289,85,266,21,214,0,154,42,144,84,103,79,21,68,63,71,113,131,95,130,0,118,50,119,99,178,99,183,10,165,49,161,96,226,114,236,43,217,52,205,81
4,158,288,84,265,22,211,0,153,41,143,83,103,77,21,66,61,69,110,130,95,128,0,116,48,117,98,177,98,182,8,165,45,160,92,226,113,235,42,216,48,203,76
4,161,288,85,264,22,211,0,153,40,143,85,103,78,19,67,60,70,109,132,95,130,0,118,48,119,97,179,98,183,10,165,46,161,92,227,113,234,42,215,49,203,78
4,157,289,82,265,20,214,0,158,43,145,81,104,73,22,61,61,64,111,128,96,126,0,113,50,115,101,175,99,179,9,162,47,159,95,223,114,231,43,213,49,200,77
4,161,288,86,265,22,212,0,155,42,145,82,101,75,20,64,60,66,109,130,93,126,0,114,50,116,100,177,98,181,9,164,45,160,93,226,113,234,42,215,48,202,75
4,160,288,84,264,22,213,0,157,41,145,83,102,75,21,63,60,65,110,130,94,127,0,114,49,115,99,177,99,181,11,163,46,159,94,226,114,234,43,214,49,201,78
4,160,288,84,264,22,214,0,156,43,144,83,103,75,20,64,60,67,109,130,96,127,0,115,50,116,100,177,100,181,10,163,46,158,94,225,115,232,45,214,49,200,76
4,161,287,85,263,23,212,0,155,41,143,83,102,75,20,64,60,67,109,131,94,127,0,115,50,117,100,178,98,182,10,164,46,160,93,227,113,235,43,216,47,203,72
4,159,288,84,265,21,213,0,156,42,144,80,101,73,22,62,62,64,111,128,94,125,0,113,50,115,101,176,98,179,9,162,46,158,94,225,113,232,42,213,48,200,75
4,159,288,84,264,21,212,0,154,42,143,82,103,74,20,64,60,66,109,129,95,127,0,114,49,116,97,176,98,180,10,163,46,159,92,224,113,232,42,214,47,202,75
4,159,289,84,265,21,213,0,157,43,144,81,100,74,19,63,60,66,110,129,93,127,0,114,49,116,100,177,98,182,9,164,46,160,94,226,113,235,43,215,50,202,78
4,160,287,86,263,22,211,0,151,43,140,85,101,78,19,68,59,71,108,132,93,130,0,118,48,119,97,179,97,184,9,165,46,161,92,226,111,236,40,217,48,205,77
4,159,290,86,265,23,215,0,159,44,145,82,100,75,20,65,63,67,112,130,93,127,0,116,52,119,100,179,97,182,9,165,49,162,95,228,113,234,41,215,52,203,82
4,162,288,86,264,22,213,0,156,43,144,82,101,74,20,65,61,68,110,130,93,126,0,116,52,119,101,178,97,181,9,166,47,162,94,227,112,234,41,217,49,206,77
4,161,290,86,266,21,214,0,159,44,145,78,103,71,23,62,63,65,112,128,95,125,0,114,51,116,102,177,98,181,8,165,45,161,93,227,113,233,42,217,48,205,75
4,162,286,88,261,24,213,0,158,43,142,82,102,73,22,63,61,66,110,130,93,126,0,114,50,116,101,178,96,181,7,165,44,161,92,227,110,235,40,216,47,204,76
4,161,289,86,266,22,216,0,161,45,146,79,103,72,23,63,63,66,113,128,95,125,0,115,51,116,103,177,99,180,10,165,46,161,94,226,114,232,43,216,51,204,80
4,161,286,86,263,21,212,0,157,45,144,78,101,70,22,61,61,64,110,127,92,123,0,112,49,115,100,175,96,179,9,162,44,158,92,225,111,231,41,212,48,200,76
4,160,287,85,263,22,213,0,158,43,142,78,102,71,22,60,61,63,110,127,93,124,0,112,50,114,101,175,97,179,8,162,44,158,92,224,112,232,41,214,46,202,75
4,160,285,85,262,22,210,0,154,43,141,80,102,72,22,61,59,64,108,128,94,124,0,113,50,115,101,176,97,178,8,162,43,158,91,224,111,231,42,214,46,202,72
4,161,287,87,265,23,213,0,157,46,144,80,103,72,21,63,62,66,111,128,95,125,0,115,52,117,103,176,98,180,8,164,46,161,94,225,113,231,43,215,49,204,77
4,162,287,87,262,22,212,0,156,46,143,80,103,72,22,62,61,65,109,128,95,125,0,115,52,117,102,177,98,180,8,164,46,160,93,225,112,231,41,214,48,202,76
4,160,287,86,264,21,213,0,157,45,144,79,103,70,22,60,60,64,109,127,94,124,0,112,51,114,102,175,98,178,8,161,45,157,93,224,113,231,42,213,48,201,75
4,159,288,86,264,22,213,0,158,43,145,78,102,70,22,60,63,64,111,127,95,125,0,113,52,114,103,176,99,180,9,163,47,159,95,226,115,233,44,215,50,203,78
4,161,287,86,262,22,212,0,157,46,142,79,102,70,22,60,62,64,110,127,93,124,0,113,50,114,101,176,96,179,8,162,45,158,93,225,112,231,43,213,49,201,76
4,162,289,87,264,22,213,0,158,47,143,79,103,70,23,61,63,65,111,128,94,125,0,114,51,115,101,177,98,180,9,164,45,159,93,226,113,233,42,217,48,205,75
4,160,289,85,264,21,215,0,160,46,142,77,104,69,24,59,64,62,112,125,95,123,0,112,52,113,103,174,98,178,8,162,47,158,95,224,113,231,42,214,51,202,81
4,160,288,85,262,21,212,0,157,46,142,77,104,68,23,59,62,63,109,126,95,123,0,112,50,114,102,175,99,178,7,162,45,158,93,224,113,231,41,214,49,203,78
4,161,287,86,263,22,214,0,159,46,142,77,103,70,22,60,61,62,108,126,95,123,0,112,52,113,102,175,98,178,9,162,46,157,94,225,113,232,44,214,49,201,75
4,159,287,85,263,21,212,0,157,45,142,77,102,68,22,58,60,62,108,126,94,123,0,111,51,112,102,174,98,178,8,161,45,156,93,223,113,231,43,214,47,202,74
4,161,285,86,261,22,211,0,156,46,142,79,102,71,23,59,61,62,110,128,94,124,0,112,50,113,102,176,98,180,9,163,44,158,92,225,113,232,42,215,46,203,72
4,163,286,88,263,23,211,0,157,47,144,81,103,71,23,60,64,63,113,130,95,125,0,113,51,115,103,178,98,181,7,164,45,160,94,227,112,233,43,217,49,207,76
4,163,289,88,266,22,215,0,159,44,147,78,103,70,23,60,61,62,109,127,95,125,0,113,51,114,102,176,99,180,9,162,46,158,94,226,114,231,43,214,49,202,77
4,161,290,87,266,21,216,0,160,46,145,78,103,70,24,60,63,62,111,127,95,124,0,113,51,114,102,176,99,180,10,164,47,159,95,226,114,233,43,216,50,204,78
4,163,287,88,264,23,213,0,159,47,144,80,104,71,23,60,63,64,112,129,96,126,0,114,52,115,103,178,100,181,9,164,45,160,94,227,115,234,44,218,49,207,77
4,163,288,87,265,21,214,0,159,48,146,78,104,69,24,59,66,63,114,127,95,123,0,112,53,115,103,176,99,178,9,162,47,158,96,225,114,230,42,213,50,204,80
4,161,287,86,262,22,213,0,159,46,144,79,103,70,24,58,64,62,112,128,95,124,0,112,53,114,104,177,99,180,9,163,46,159,94,226,115,233,43,217,50,206,77
4,163,289,90,266,24,215,0,160,46,144,79,104,71,23,60,64,63,112,129,96,125,0,114,53,116,104,178,100,181,9,164,47,160,95,228,115,234,43,217,51,206,79
4,164,288,88,265,22,214,0,160,47,145,79,104,70,24,59,65,63,114,129,96,125,0,114,53,116,104,178,99,181,9,164,47,160,96,227,113,233,41,216,50,206,81
4,160,289,85,263,21,216,0,163,47,145,77,103,68,23,58,65,61,113,126,95,122,0,112,55,113,105,175,100,179,8,162,49,157,98,225,115,232,42,215,52,203,80
4,161,286,86,263,21,213,0,159,48,145,78,105,68,22,57,63,61,110,127,96,123,0,111,54,113,105,176,100,179,9,161,48,157,96,225,114,232,42,215,51,203,79
4,163,288,89,264,23,214,0,160,46,144,80,105,71,24,59,64,63,113,130,96,126,0,113,53,115,104,179,100,182,9,164,47,161,96,229,115,236,42,218,51,207,81
4,162,287,88,264,23,214,0,160,46,144,79,106,69,24,58,65,62,114,129,98,125,0,113,53,114,105,177,101,180,9,163,48,159,95,227,115,233,44,217,52,206,78
4,161,288,87,264,22,215,0,162,46,145,80,104,69,24,58,65,62,114,128,95,124,0,111,52,113,103,177,99,180,8,162,46,158,94,226,114,231,42,213,52,202,81
4,163,288,89,266,23,215,0,161,48,147,79,104,71,24,60,65,63,115,129,95,125,0,112,52,114,104,179,98,182,9,165,46,161,94,229,113,236,42,218,49,207,77
4,164,288,89,265,23,214,0,160,47,146,80,104,71,25,59,67,62,117,130,95,126,0,112,54,115,105,179,99,182,9,164,47,161,96,229,114,235,42,217,50,206,79
4,165,291,89,268,23,216,0,161,49,145,79,107,70,25,61,67,64,117,129,98,127,0,115,55,117,107,179,101,183,9,166,48,161,99,228,117,237,46,220,51,209,78
4,163,288,88,265,23,215,0,162,46,145,78,105,69,25,59,66,62,116,128,97,125,0,113,54,115,106,178,100,182,10,165,48,161,96,228,116,235,44,218,52,207,80
4,161,292,87,267,22,217,0,163,48,146,77,105,69,26,58,67,62,116,127,96,125,0,113,54,114,106,177,100,182,9,164,48,160,98,227,116,235,44,217,53,206,81
4,161,288,86,265,21,215,0,160,46,146,78,103,68,22,58,64,61,112,127,95,124,0,112,54,114,105,176,99,180,8,163,48,159,97,225,114,232,43,216,51,206,78
4,164,290,90,268,23,217,0,163,47,145,78,105,70,24,60,67,64,117,129,96,125,0,114,54,115,106,179,99,182,9,165,47,162,96,229,115,235,43,219,52,208,81
4,164,289,89,267,23,217,0,162,45,144,79,107,70,26,60,67,65,116,130,98,126,0,115,55,117,106,179,101,182,10,166,48,162,96,229,116,234,45,218,52,208,79
4,163,289,88,266,23,216,0,162,45,144,78,105,69,25,59,65,63,114,128,97,124,0,113,54,116,105,177,100,180,9,164,48,160,96,227,116,233,44,216,53,206,81
4,163,289,89,265,25,217,0,164,45,144,79,106,70,24,58,64,62,113,129,97,125,0,113,54,114,105,178,101,181,9,163,48,159,96,228,116,234,45,216,53,204,81
4,166,289,91,265,25,217,0,163,46,145,80,105,71,24,60,63,64,110,130,97,126,0,115,55,116,105,180,101,182,10,166,50,162,98,230,117,236,45,220,53,209,82
4,163,292,90,268,24,218,0,163,45,147,80,106,72,24,60,65,64,113,130,99,127,0,113,54,115,105,179,103,183,10,165,49,161,97,229,120,235,46,217,55,208,83
4,163,290,90,269,24,217,0,163,48,148,81,106,71,25,59,66,62,115,130,98,127,0,113,55,115,106,180,102,182,11,165,49,162,98,229,118,236,46,220,53,211,80
4,163,288,91,267,24,215,0,161,47,146,80,106,72,25,60,63,63,113,130,97,126,0,112,52,113,105,179,100,183,9,165,47,161,96,229,115,237,43,220,51,209,80
4,163,288,89,265,25,216,0,164,45,144,79,105,71,25,59,63,63,112,129,97,127,0,114,53,115,105,178,100,182,10,165,47,161,96,228,116,236,44,219,53,209,83
4,163,286,88,263,24,215,0,161,45,143,79,105,69,24,58,64,63,112,129,97,124,0,112,53,115,104,178,100,180,10,163,48,161,97,227,116,233,45,216,52,207,80
4,163,287,88,263,24,215,0,162,46,143,78,104,70,24,59,63,63,110,128,96,125,0,114,54,115,104,178,100,181,10,165,48,161,97,227,116,234,44,218,53,208,82
4,162,288,88,264,23,215,0,162,47,145,79,105,70,23,60,63,63,111,128,97,125,0,113,54,115,105,177,101,180,9,163,49,159,97,226,116,232,45,215,54,203,82
4,163,283,90,261,25,212,0,158,46,141,80,102,69,22,58,58,63,104,128,93,122,0,111,51,113,100,176,98,176,9,159,47,156,94,226,113,229,42,211,54,202,85
4,161,284,88,260,22,211,0,157,49,141,78,103,67,23,57,60,62,106,126,94,121,0,110,51,112,100,175,98,175,9,158,48,154,95,224,112,227,42,209,55,200,85
4,162,284,89,260,23,212,0,158,48,141,80,102,68,23,58,60,62,105,128,94,123,0,110,51,112,100,176,98,176,9,159,48,155,95,226,113,228,42,210,55,201,84
4,160,283,87,259,22,212,0,159,48,141,78,102,67,22,56,60,61,105,126,94,121,0,109,51,111,100,174,98,175,9,158,47,154,95,224,113,227,43,210,54,201,84
4,159,283,87,260,23,212,0,159,46,140,78,102,67,22,56,60,61,106,125,94,120,0,107,50,110,99,174,98,175,9,157,47,154,94,224,113,228,43,210,55,200,85
4,158,283,87,261,23,212,0,159,46,139,78,102,68,23,57,60,61,106,126,94,120,0,108,51,110,101,174,98,175,9,157,47,154,94,224,113,228,43,210,56,201,86
4,160,282,88,260,23,212,0,158,47,142,79,102,68,23,58,61,62,107,127,94,121,0,109,53,112,102,175,98,176,9,159,48,156,95,225,113,228,44,211,56,203,86
4,162,282,89,260,24,211,0,157,48,141,79,102,69,22,59,61,63,107,127,94,123,0,111,52,112,101,176,98,176,9,159,48,156,95,226,113,228,43,211,56,202,85
4,160,283,87,260,23,212,0,158,47,140,77,102,67,22,58,60,62,107,125,94,121,0,110,52,112,101,174,98,174,9,158,49,155,95,223,113,226,42,208,55,199,86
4,161,282,87,259,23,212,0,159,46,140,77,102,67,22,57,61,62,107,125,94,121,0,110,52,112,102,174,98,174,9,157,49,155,95,223,113,226,42,208,55,199,86
4,161,283,87,260,22,212,0,159,48,141,77,103,66,22,58,60,63,106,125,95,120,0,111,51,113,100,173,99,173,9,158,48,155,96,223,113,225,42,209,55,199,86
4,162,284,88,259,23,212,0,158,48,140,77,103,67,22,59,62,65,109,126,95,122,0,112,52,114,101,175,98,175,8,160,48,157,95,224,113,227,43,212,55,203,85
4,162,283,89,259,24,212,0,158,46,139,78,103,68,22,60,59,65,105,126,95,122,0,112,51,113,100,175,98,175,9,160,47,157,94,225,113,227,43,212,54,203,84
4,162,283,88,260,24,211,0,158,47,140,78,103,68,21,60,58,65,103,126,95,121,0,112,51,113,100,174,99,174,9,159,47,156,94,224,114,227,43,210,53,201,83
4,162,284,89,259,24,211,0,157,46,140,78,103,67,21,59,58,64,103,126,95,121,0,112,51,113,100,175,99,174,8,159,47,155,94,224,114,227,43,210,54,200,83
4,163,284,89,259,24,211,0,157,46,139,78,103,67,21,59,58,64,103,126,95,121,0,112,51,113,100,175,99,174,8,159,47,155,94,224,113,227,42,211,53,201,82
4,163,285,89,261,24,212,0,158,47,141,79,103,68,22,59,60,64,105,127,95,122,0,112,52,113,101,175,99,175,9,159,48,156,96,225,114,228,43,211,54,201,83
4,163,285,90,261,24,212,0,158,47,141,79,103,68,22,58,60,63,106,127,95,122,0,111,52,113,102,175,99,175,9,159,48,155,95,225,114,228,43,210,54,200,83
4,164,284,90,261,25,213,0,159,46,142,79,103,67,21,61,61,67,106,127,95,122,0,115,53,116,101,176,99,177,9,162,50,157,97,227,114,229,43,213,55,203,84
4,165,284,91,261,26,213,0,159,46,142,78,103,68,22,60,61,66,107,127,95,123,0,114,53,116,102,176,98,177,8,161,48,157,96,226,113,228,43,213,55,203,84
4,164,284,91,261,26,213,0,159,46,142,78,103,68,22,60,61,66,106,127,94,122,0,114,53,116,102,176,98,177,8,161,48,157,96,225,113,228,43,213,55,203,84
4,163,283,90,260,25,213,0,158,46,141,76,103,66,22,59,62,65,107,125,94,121,0,112,53,114,102,174,98,175,9,161,48,156,96,224,113,227,43,212,54,203,83
4,163,283,90,262,24,212,0,158,48,141,76,104,68,22,59,60,63,107,125,95,122,0,111,52,112,101,174,99,176,9,161,47,157,94,223,114,228,44,212,54,203,83
4,164,284,92,262,27,212,0,157,46,142,79,103,69,23,61,61,66,107,128,94,123,0,114,53,115,102,177,98,178,9,162,48,158,95,226,113,229,43,213,55,203,85
4,161,283,89,262,23,213,0,159,49,142,77,103,67,23,59,63,64,110,125,95,119,0,110,52,111,102,173,98,173,9,158,48,155,96,223,113,226,42,210,54,201,85
4,164,282,92,260,26,211,0,156,46,140,79,101,70,22,59,58,63,104,127,93,122,0,111,50,113,99,175,97,177,8,160,46,158,93,225,112,229,41,212,53,203,83
4,166,282,93,258,27,211,0,156,45,137,80,103,70,22,60,60,65,105,128,95,124,0,113,50,114,99,177,98,177,9,161,47,158,94,226,113,228,43,212,54,204,83
4,159,281,88,261,24,214,0,161,46,139,79,102,69,21,57,57,61,101,125,94,120,0,107,49,109,98,172,98,173,9,155,49,152,95,221,112,225,40,207,57,197,91
4,158,280,87,259,24,210,0,157,44,139,76,104,65,22,57,55,63,101,123,95,119,0,110,47,110,95,171,99,173,10,158,46,154,91,219,113,225,44,210,52,200,78
11,253,343,186,323,114,281,51,262,0,256,162,170,160,92,154,41,153,0,211,171,205,140,201,209,207,227,260,183,256,167,243,227,241,234,308,203,304,185,284,229,278,240
11,254,341,186,322,114,280,51,262,0,254,162,170,160,91,155,41,154,0,210,170,207,138,202,206,206,223,259,182,257,164,243,224,240,232,306,200,304,183,284,227,277,238
11,252,344,186,325,113,282,50,264,0,257,162,170,159,92,154,42,152,0,210,171,208,142,200,212,201,229,259,183,258,166,243,228,238,237,306,204,305,186,285,230,274,243
11,252,345,186,324,114,281,51,262,0,255,164,168,163,91,158,41,157,0,212,171,208,140,200,210,203,227,261,185,259,167,242,229,239,237,307,205,306,186,284,231,276,242
11,250,341,184,321,114,278,51,260,0,254,163,167,163,90,159,41,159,0,212,169,211,139,203,205,205,224,261,183,262,167,245,225,239,234,307,204,308,186,287,228,277,240
11,250,344,185,324,114,281,51,263,0,256,162,169,161,92,159,42,158,0,210,171,209,144,203,213,204,228,259,185,260,169,245,230,238,236,306,205,307,187,287,232,276,243
11,251,344,186,324,114,281,50,263,0,257,162,170,162,92,159,43,159,0,210,172,210,144,203,212,204,228,259,186,261,169,245,230,239,237,305,206,308,187,288,231,277,243
11,252,344,186,323,115,280,51,263,0,257,163,169,163,91,160,42,159,0,211,171,212,141,205,210,206,228,260,185,262,169,246,230,240,238,306,205,309,187,288,231,277,243
11,251,346,187,326,115,283,51,265,0,259,163,171,163,93,160,43,159,0,211,173,210,145,203,214,204,229,260,187,261,172,246,233,239,238,306,207,309,190,288,234,276,244
11,250,344,185,323,114,280,51,262,0,255,163,169,162,91,159,42,159,0,210,172,210,142,202,210,204,227,259,185,260,168,244,229,238,236,305,206,307,186,286,230,275,242
11,251,344,186,322,114,280,51,262,0,256,162,170,162,92,160,42,159,0,211,171,211,142,204,210,204,227,259,185,262,169,246,229,239,237,305,205,308,187,288,230,276,242
11,252,344,186,323,114,280,51,262,0,257,163,170,162,92,159,42,159,0,210,172,210,143,203,211,204,227,259,186,260,168,244,229,239,236,305,206,306,186,286,230,276,242
11,249,345,184,324,113,282,50,264,0,258,162,171,161,93,159,42,158,0,209,173,209,144,202,212,203,229,258,187,259,171,244,231,237,239,304,208,306,188,285,232,274,244
11,248,342,183,321,112,278,51,260,0,255,160,168,160,91,157,41,157,0,208,171,208,142,201,208,202,225,256,185,258,166,242,226,235,234,303,205,304,184,283,227,271,240
11,250,344,184,324,113,282,50,264,0,258,162,170,162,92,160,42,160,0,210,173,210,142,203,210,204,228,258,187,259,167,244,228,238,237,304,207,305,186,285,230,274,242
11,249,344,184,324,113,282,51,265,0,259,161,170,161,93,159,43,158,0,209,173,208,143,201,211,203,230,258,187,258,169,242,229,236,239,304,208,305,187,284,230,273,243
11,249,339,183,320,112,278,50,261,0,254,160,166,160,89,157,41,156,0,208,168,206,138,200,206,204,224,256,182,256,165,241,225,237,233,302,203,303,184,283,227,273,239
11,249,338,182,319,112,276,50,259,0,254,161,165,160,89,157,40,156,0,208,167,205,137,198,205,202,225,256,182,255,164,239,223,235,232,301,204,301,183,280,226,271,238
11,248,338,183,318,113,276,50,259,0,253,159,165,159,90,156,41,156,0,207,168,206,137,200,205,202,222,255,182,256,164,241,224,235,231,301,202,302,182,282,225,272,236
11,248,340,182,320,112,277,49,260,0,253,158,167,158,91,155,42,155,0,206,169,205,138,199,205,202,223,254,183,255,165,240,224,235,232,300,204,301,184,281,227,271,238
11,249,340,183,319,113,277,50,260,0,254,160,167,160,91,157,42,157,0,207,170,206,140,200,207,203,223,256,184,256,167,241,226,237,232,302,205,302,185,282,228,273,238
11,247,341,181,320,111,278,50,260,0,255,161,168,161,91,157,42,157,0,208,171,205,141,197,208,201,225,256,185,255,167,237,226,234,234,302,206,301,186,279,229,271,239
11,248,340,183,317,113,274,50,257,0,253,163,166,162,90,158,41,157,0,210,169,210,141,201,208,200,225,257,183,260,165,243,224,236,234,302,204,305,183,284,226,272,239
11,246,338,182,317,112,275,50,258,0,253,162,166,160,90,157,41,156,0,208,169,207,140,200,206,202,223,256,184,257,164,241,223,236,231,300,205,302,182,281,224,271,237
11,247,340,182,319,112,278,50,261,0,255,162,168,162,91,159,42,158,0,209,170,210,141,202,208,203,226,257,184,258,168,244,226,239,234,302,205,304,185,284,227,274,239
11,246,337,181,315,112,273,49,256,0,251,161,166,160,90,157,42,157,0,208,168,207,139,200,205,202,222,255,183,256,164,241,222,235,231,300,204,302,182,281,223,271,236
11,247,337,182,316,112,274,51,257,0,253,162,166,161,90,158,41,157,0,208,170,207,141,200,207,201,223,255,184,256,164,240,223,235,231,299,205,301,182,280,224,269,237
11,245,337,181,317,111,275,49,258,0,252,160,165,159,90,157,42,157,0,206,168,207,141,200,208,200,223,254,182,256,166,242,225,236,231,300,204,303,184,283,227,273,238
11,245,336,180,315,111,273,49,257,0,252,161,165,159,89,157,41,157,0,208,168,208,139,200,206,202,224,255,183,257,165,240,223,234,233,300,205,302,184,281,225,270,238
11,246,336,181,315,112,274,50,256,0,251,161,166,160,89,157,41,158,0,208,169,209,139,201,204,201,223,254,183,257,164,241,222,234,233,299,204,303,182,281,224,270,237
11,246,335,181,314,112,272,50,255,0,250,161,165,160,89,157,41,157,0,208,168,209,138,201,203,201,222,255,182,257,163,241,221,235,232,299,203,302,181,281,223,270,235
11,243,336,179,315,110,272,49,256,0,253,160,165,159,90,156,41,155,0,207,168,206,138,198,204,198,223,253,183,255,164,238,222,233,233,298,204,300,181,279,223,268,236
11,244,334,179,312,111,271,49,254,0,251,160,164,160,89,157,41,156,0,205,168,206,138,198,204,199,219,252,182,254,162,238,220,232,227,295,202,298,180,278,221,267,233
11,245,334,180,312,111,271,50,254,0,251,160,164,159,89,156,40,157,0,206,166,206,136,198,202,199,218,253,181,254,162,237,220,232,227,297,202,298,181,277,221,268,233
11,246,334,181,312,111,271,50,253,0,249,161,164,160,89,157,41,158,0,207,167,207,136,199,203,199,218,254,180,255,159,240,219,235,227,298,200,300,177,280,220,271,232
11,245,335,180,313,111,272,50,255,0,251,160,166,159,90,156,41,156,0,206,169,206,137,197,203,197,220,252,183,254,160,237,220,231,229,296,204,298,180,277,222,267,235
11,245,334,179,314,110,273,49,256,0,251,159,165,158,90,155,41,155,0,206,168,203,136,196,203,199,221,253,183,252,162,237,221,233,230,298,204,298,181,278,222,269,234
11,245,338,180,317,110,275,49,258,0,253,159,167,159,91,156,41,156,0,206,170,203,138,195,205,198,222,253,184,252,163,236,222,232,231,298,204,297,182,277,224,268,236
11,244,335,179,314,110,271,49,255,0,252,160,164,159,90,156,41,155,0,206,167,203,138,195,204,198,220,253,180,252,162,237,220,232,228,298,201,298,180,278,222,269,233
11,245,337,180,316,111,275,50,258,0,254,160,167,159,91,155,42,156,0,207,170,205,138,197,205,199,223,253,184,253,164,237,223,233,231,298,204,299,182,278,223,268,235
11,245,336,180,315,111,274,49,257,0,252,159,166,158,90,155,41,156,0,206,168,205,139,198,205,199,221,252,182,254,162,238,221,233,230,297,202,299,181,278,223,268,235
11,245,336,180,315,110,274,49,256,0,252,159,166,157,91,154,41,155,0,205,169,205,139,196,206,197,222,252,182,253,162,237,222,232,230,297,202,299,181,278,223,268,235
11,245,339,180,319,110,277,50,260,0,256,160,167,159,91,156,42,157,0,207,169,205,139,198,206,200,224,254,184,254,165,238,224,233,234,300,205,300,184,278,225,268,238
11,246,336,181,315,112,273,50,256,0,252,160,165,158,90,155,42,156,0,206,168,205,138,198,204,200,219,253,182,254,162,238,222,234,229,298,203,299,181,279,223,270,235
11,244,336,179,315,110,273,49,256,0,251,159,166,158,91,155,42,156,0,206,170,205,138,197,205,199,221,252,184,253,162,238,221,233,230,297,204,298,179,278,222,268,235
11,244,336,179,316,109,274,49,257,0,252,158,167,156,91,153,42,154,0,205,169,204,139,196,206,197,222,252,183,253,162,237,222,232,231,297,203,299,181,278,223,268,235
11,244,336,179,318,109,277,49,259,0,254,158,167,157,91,154,41,154,0,204,170,204,141,196,208,196,224,252,184,253,164,237,224,230,233,296,205,298,183,278,226,268,237
11,243,333,178,314,108,273,48,257,0,252,155,162,154,87,151,40,150,0,203,164,200,137,193,203,197,220,251,179,250,161,234,220,231,228,297,200,296,180,276,222,268,233
11,245,330,179,312,110,271,49,256,0,251,157,160,156,86,153,39,151,0,204,163,201,133,196,198,200,217,252,178,250,159,236,217,233,226,297,199,296,177,276,219,269,231
11,245,333,180,313,110,272,49,257,0,253,158,162,157,88,152,39,151,0,205,164,199,135,194,202,199,219,253,178,249,160,235,218,234,227,299,200,295,179,275,221,269,232
11,246,333,180,314,110,273,49,256,0,252,158,163,156,88,152,40,150,0,205,165,200,135,195,201,201,220,253,179,250,161,236,219,233,228,298,200,296,179,276,220,267,232
11,245,332,180,313,111,274,50,258,0,253,157,161,156,87,152,40,151,0,204,164,200,135,194,202,199,219,252,179,250,161,236,220,234,227,297,200,295,180,276,222,270,232
11,246,335,180,316,110,274,49,258,0,253,158,164,156,90,151,40,149,0,205,166,198,136,194,204,200,222,253,180,249,162,235,221,234,229,299,201,295,180,276,222,269,233
11,246,332,180,311,110,270,49,254,0,249,158,161,157,87,152,39,150,0,205,164,200,133,194,200,200,217,252,178,249,158,236,217,234,225,298,198,295,176,276,219,268,230
11,246,334,180,313,110,273,49,256,0,250,159,162,158,87,153,39,151,0,206,165,201,134,195,202,200,218,253,179,250,159,236,218,234,226,299,200,296,178,276,220,269,232
11,248,333,181,312,112,271,50,255,0,249,159,162,158,88,152,40,150,0,206,165,202,133,197,199,202,216,253,178,251,159,237,218,234,225,299,198,297,177,277,219,269,231
11,246,335,180,314,111,273,50,256,0,249,159,163,158,88,153,40,152,0,207,166,201,135,196,203,201,220,255,179,251,161,237,220,234,227,300,200,298,179,277,221,270,233
11,243,333,178,313,109,271,48,252,0,247,156,161,155,87,152,39,152,0,204,164,201,133,195,200,199,218,252,178,251,161,235,219,232,227,297,198,296,179,276,221,267,231
11,243,335,178,315,109,273,48,255,0,249,157,165,156,90,152,41,152,0,204,167,201,136,195,203,199,221,251,181,250,162,235,221,231,230,296,201,295,181,274,223,265,235
11,244,337,178,316,110,274,49,256,0,250,158,167,157,91,154,42,154,0,205,169,203,138,196,206,200,223,253,183,252,165,235,224,232,232,298,204,297,184,275,226,267,237
11,244,334,179,314,110,271,49,253,0,247,159,162,158,88,154,40,154,0,205,165,202,135,195,202,199,219,253,179,251,161,236,220,233,227,298,200,297,180,276,222,269,232
11,244,336,178,315,110,273,49,255,0,249,157,166,156,91,153,42,154,0,204,168,202,139,196,205,199,221,251,182,251,163,235,221,232,229,296,203,296,181,276,223,267,234
11,242,335,177,314,108,272,49,255,0,249,157,165,156,90,153,42,154,0,203,168,201,139,195,205,198,221,250,182,249,163,234,221,230,229,295,202,293,183,273,224,265,236
11,245,336,179,316,109,274,49,255,0,249,158,165,157,90,155,41,156,0,205,168,203,137,196,205,200,223,253,182,252,164,236,223,232,232,298,203,297,183,276,225,269,236
11,243,334,177,313,109,271,48,252,0,246,157,163,156,89,153,40,154,0,204,166,200,136,194,203,198,222,252,181,249,162,234,220,231,229,297,202,295,181,274,222,267,234
11,243,333,177,313,108,271,48,253,0,247,157,162,157,89,154,40,154,0,204,166,201,136,194,203,198,219,252,180,250,162,234,220,230,227,297,201,295,181,274,222,267,233
11,244,335,178,315,109,272,49,254,0,247,158,163,158,88,154,40,154,0,205,166,202,137,195,204,200,221,252,181,251,163,236,222,232,230,297,202,295,182,275,224,267,235
11,242,336,177,316,108,273,49,254,0,248,158,164,158,89,154,41,155,0,205,167,201,139,194,205,198,222,253,182,250,164,234,222,231,230,298,203,296,182,275,224,266,236
11,242,338,177,316,108,273,48,254,0,248,157,166,157,91,155,41,155,0,204,169,203,139,195,206,198,222,251,183,251,165,235,224,230,231,296,204,296,184,275,226,266,237
11,244,335,178,313,109,271,49,253,0,246,159,163,158,89,155,40,156,0,205,167,203,137,196,203,199,220,253,181,251,163,236,221,233,228,298,202,296,181,276,223,269,233
11,244,333,179,313,109,271,48,253,0,246,158,163,158,89,154,40,155,0,205,165,201,135,194,202,198,219,252,179,250,162,234,220,231,227,297,199,295,180,275,222,268,232
11,245,331,179,311,109,269,49,250,0,244,159,161,159,87,155,39,154,0,205,164,201,132,195,199,199,218,252,178,249,159,234,217,231,227,296,198,294,178,274,220,266,231
11,245,334,178,314,109,272,49,254,0,248,158,163,158,89,156,40,156,0,206,166,202,136,197,203,201,221,253,181,251,163,236,221,233,230,298,202,296,182,276,224,268,235
11,245,334,179,313,110,271,49,252,0,246,160,162,160,88,157,40,157,0,207,166,203,135,195,203,200,220,254,180,251,162,235,222,233,230,299,201,296,182,275,224,269,235
11,245,336,178,315,110,273,49,255,0,248,159,164,159,90,156,41,156,0,206,168,201,138,196,204,201,223,254,182,250,164,236,221,233,230,299,204,296,183,275,224,267,235
11,246,337,179,316,110,273,49,254,0,248,161,164,160,90,156,40,156,0,207,168,202,137,196,204,202,223,255,183,251,164,236,221,234,230,300,205,297,182,276,223,269,235
11,245,338,179,317,111,274,50,255,0,249,161,165,160,91,157,41,157,0,207,169,202,138,196,205,201,223,255,184,251,165,236,223,234,231,300,206,297,184,276,225,269,236
11,244,338,178,317,110,274,49,256,0,249,159,166,158,91,155,41,156,0,206,169,201,138,195,205,201,223,254,183,250,165,235,223,234,231,299,206,296,184,275,225,268,236
11,246,336,180,316,110,273,49,255,0,248,160,164,159,90,156,41,157,0,207,167,202,137,197,204,201,222,255,182,251,164,237,222,235,230,300,203,297,183,277,225,270,236
11,246,336,180,316,110,273,49,254,0,248,160,163,160,89,156,40,156,0,207,167,203,137,197,204,201,222,255,182,252,164,237,223,235,231,300,203,298,183,277,225,270,236
11,245,336,179,315,110,273,49,254,0,247,159,164,159,90,155,41,155,0,206,167,202,137,195,205,199,221,254,182,251,164,236,223,233,230,299,203,296,182,276,224,269,235
11,245,338,179,316,110,273,49,255,0,249,159,165,158,90,155,40,156,0,206,168,202,139,195,206,200,222,254,183,250,164,235,223,234,230,299,204,296,183,275,225,269,236
11,245,338,179,316,110,274,49,255,0,249,159,165,158,90,155,41,155,0,206,168,201,139,195,205,199,222,253,183,250,164,235,222,233,230,298,204,296,183,275,225,268,236
11,246,336,179,315,110,272,49,254,0,248,159,164,159,90,156,41,156,0,206,168,203,139,196,205,200,222,254,182,251,164,236,221,234,229,299,204,297,182,276,224,269,235
11,245,336,179,315,110,274,49,256,0,249,160,164,159,90,156,41,157,0,207,167,203,139,196,207,200,222,255,182,252,164,236,223,234,230,300,204,297,183,277,225,270,236
11,246,336,179,315,110,272,49,254,0,247,160,164,159,90,156,41,156,0,207,168,202,138,196,205,200,222,254,182,251,163,236,222,234,230,299,204,297,182,276,224,270,235
11,244,334,178,314,109,272,49,253,0,247,160,163,159,88,156,40,156,0,207,166,202,137,195,205,200,223,254,181,250,163,235,222,233,231,299,203,295,182,275,224,269,235
11,244,333,177,313,109,271,49,252,0,247,160,162,159,89,155,40,156,0,206,166,201,136,194,203,199,221,254,181,250,163,235,222,233,230,299,202,295,182,275,224,269,234
11,244,333,178,313,109,271,49,253,0,247,159,162,158,89,156,40,155,0,205,166,200,137,195,204,200,221,253,180,249,163,235,221,234,229,298,201,294,181,275,223,269,233
11,244,333,178,313,109,272,49,253,0,246,159,162,158,89,154,40,154,0,205,165,199,136,193,203,199,220,253,180,248,163,234,221,233,228,298,201,293,182,273,223,268,233
11,244,332,178,312,109,271,49,252,0,245,159,161,159,88,155,39,154,0,205,165,199,135,193,202,199,220,253,179,248,162,234,221,232,228,298,200,293,181,273,222,268,233
11,244,331,178,311,109,270,49,251,0,244,159,160,158,87,154,39,154,0,205,163,199,134,194,201,200,217,253,177,248,161,234,219,233,226,298,198,293,179,272,220,266,231
11,244,331,178,310,109,269,49,250,0,244,159,160,158,87,155,39,154,0,205,164,199,133,194,201,200,218,252,178,248,161,234,219,233,227,297,200,293,179,273,220,266,231
11,244,331,178,310,109,269,49,250,0,244,159,160,158,87,154,39,154,0,205,164,199,134,193,201,199,219,252,178,248,160,234,219,232,227,297,199,293,179,273,220,267,231
11,244,332,178,312,110,270,49,252,0,246,159,161,159,88,155,40,155,0,206,165,200,135,195,202,200,219,254,180,249,162,235,221,235,228,299,201,294,180,275,222,270,232
11,244,335,178,314,109,271,49,254,0,248,159,163,159,90,156,41,156,0,205,167,200,138,195,204,201,221,253,182,249,165,236,222,235,229,298,204,294,182,275,223,269,233
11,244,332,178,311,109,270,49,252,0,246,158,161,158,88,155,40,155,0,205,165,200,136,195,203,200,220,252,180,249,162,235,220,233,228,297,201,294,180,274,222,267,233
11,244,331,178,311,109,269,49,251,0,246,159,160,158,87,155,39,155,0,205,164,200,135,194,202,199,219,253,178,249,161,235,220,232,227,298,200,294,179,274,221,268,232
11,243,332,178,311,109,270,49,252,0,246,158,161,157,88,154,39,154,0,204,165,200,135,194,202,197,219,251,179,248,161,234,219,231,227,296,201,293,180,273,222,266,233
11,243,332,177,311,109,269,49,251,0,246,159,161,158,88,155,40,155,0,205,165,200,135,193,202,198,218,252,179,248,162,233,220,232,227,297,201,293,180,273,222,267,232
11,242,331,177,310,109,268,49,250,0,244,159,160,158,88,154,39,153,0,204,163,198,135,193,202,198,217,252,177,247,159,233,217,233,224,296,199,292,177,273,219,268,229
11,241,333,176,314,107,272,49,254,0,249,158,163,159,90,156,40,155,0,205,166,200,139,193,207,197,225,252,181,248,163,235,222,232,231,297,203,294,182,274,224,268,235
11,241,330,175,309,107,268,48,251,0,245,158,160,158,88,154,40,153,0,204,164,196,135,190,201,197,218,252,179,245,161,231,218,232,226,297,201,291,179,271,220,268,230
11,241,330,176,310,108,268,48,250,0,244,157,160,156,87,153,39,153,0,203,164,198,135,192,201,198,217,250,178,246,160,232,218,231,226,295,199,291,178,271,219,266,230
11,243,329,176,308,107,268,48,249,0,244,157,160,158,87,155,39,154,0,203,164,198,135,193,200,197,217,250,179,246,159,233,216,230,225,294,200,291,178,271,219,264,231
11,241,332,175,312,107,270,48,252,0,246,156,161,156,88,154,40,154,0,203,165,197,137,192,203,196,219,251,180,246,162,232,220,231,227,296,201,292,180,272,222,267,232
11,242,332,176,312,108,271,48,252,0,246,156,161,156,88,153,40,153,0,203,165,199,135,193,202,197,219,250,180,247,162,233,220,230,228,295,201,292,182,272,223,266,233
11,244,330,178,308,110,267,49,249,0,242,159,159,158,87,154,38,153,0,205,162,198,131,193,199,198,216,252,176,248,157,234,216,232,225,297,197,294,176,274,218,268,229
11,243,330,178,309,109,268,49,250,0,243,159,160,157,87,153,39,152,0,204,163,198,132,191,199,196,216,251,177,247,158,232,217,231,225,296,198,292,178,272,219,266,230
11,243,331,178,311,108,270,48,252,0,244,158,161,157,88,153,39,152,0,204,164,198,134,192,202,196,219,251,178,247,161,232,219,230,227,295,199,292,180,272,221,265,231
11,243,328,177,306,109,265,49,246,0,240,159,158,158,87,153,38,152,0,204,162,198,130,192,197,197,215,250,176,246,156,232,215,231,223,295,196,291,174,271,216,266,227
11,242,328,176,306,108,265,48,247,0,240,158,158,158,87,153,38,151,0,203,161,197,130,191,197,195,214,249,174,245,154,231,212,229,220,294,194,291,173,271,214,265,224
11,239,328,175,307,106,266,47,248,0,240,156,158,155,86,150,38,149,0,201,162,195,130,188,197,192,213,248,175,244,156,229,214,228,222,293,195,289,175,269,217,263,227
11,244,330,178,309,109,268,49,250,0,243,158,159,157,87,153,39,153,0,204,163,198,132,192,200,197,216,251,177,248,158,233,216,231,224,296,197,293,177,273,219,266,229
11,242,329,176,309,107,268,48,250,0,244,158,161,157,88,153,39,151,0,204,164,197,133,191,200,196,217,251,178,246,159,231,217,230,225,295,198,291,178,271,219,266,230
11,242,331,176,311,107,270,47,251,0,244,157,160,157,87,153,39,153,0,204,164,197,134,190,201,196,219,251,178,246,161,232,219,230,227,296,199,292,179,272,221,265,231
11,243,332,178,311,109,269,49,250,0,244,160,161,159,88,156,39,155,0,206,164,199,135,193,201,198,218,253,179,248,160,234,218,232,226,298,200,294,178,274,219,268,230
11,242,335,177,315,108,273,48,254,0,247,157,164,157,90,154,40,154,0,204,168,200,139,193,207,197,226,251,181,248,162,234,222,231,233,297,202,293,181,274,224,266,236
11,243,333,177,312,108,270,48,251,0,244,158,162,157,88,153,39,152,0,204,165,198,135,192,201,197,219,251,179,247,159,233,218,231,227,296,199,292,180,272,222,265,232
11,245,331,179,310,109,269,49,250,0,242,161,160,160,87,155,38,154,0,207,163,199,132,191,200,197,217,254,178,248,158,233,217,232,225,299,199,293,179,273,220,269,230
11,245,333,179,311,110,270,49,251,0,243,160,161,159,88,154,39,152,0,206,164,200,134,193,202,198,218,254,178,248,158,234,218,234,226,299,198,294,177,275,219,270,230
11,244,329,178,308,109,267,49,249,0,242,160,157,159,85,154,38,154,0,206,161,199,131,192,198,198,214,254,175,248,157,233,216,233,223,300,195,294,177,274,218,270,228
11,244,334,178,313,109,272,49,253,0,245,159,163,158,88,153,39,152,0,205,166,199,134,193,202,198,220,253,180,248,160,234,220,232,229,298,201,294,179,274,222,268,233
11,246,330,180,309,110,270,49,251,0,242,161,160,160,87,154,39,152,0,206,163,199,133,193,201,198,216,253,176,248,158,235,217,233,224,299,196,294,177,275,219,269,229
11,245,329,179,308,109,268,49,249,0,243,160,158,158,86,154,38,152,0,205,161,200,131,194,199,198,216,252,175,249,156,235,215,234,223,298,196,294,176,275,217,269,227
2,188,204,123,207,82,188,48,179,17,161,126,70,86,25,42,27,16,43,137,58,85,0,36,11,10,36,140,56,81,1,28,14,0,39,129,65,71,24,29,30,3,47
2,189,205,124,208,82,188,48,179,17,160,127,69,85,25,42,27,16,44,138,57,84,0,35,11,9,36,142,56,81,0,28,14,0,39,131,65,72,23,30,30,4,48
2,185,203,121,205,81,186,47,178,17,161,122,70,83,26,40,26,15,41,133,58,83,0,35,10,8,35,137,56,81,0,29,12,0,37,128,64,72,23,30,29,3,46
2,189,203,122,206,74,185,37,178,5,160,114,71,77,29,38,30,12,42,127,58,78,3,31,14,5,39,133,53,80,0,29,14,0,40,128,58,73,20,31,27,4,47
2,191,202,123,204,75,184,38,178,6,160,117,68,79,25,39,27,13,41,130,55,79,1,31,12,5,38,136,52,80,0,29,14,0,40,129,59,74,21,32,27,4,46
2,189,204,121,206,73,186,36,179,5,160,116,69,78,26,38,28,12,42,129,57,79,1,31,12,5,39,134,54,79,0,29,14,0,40,126,61,72,21,30,28,3,46
2,190,204,123,206,74,185,37,177,5,159,114,70,79,27,39,28,13,41,127,58,80,1,33,10,6,35,133,54,80,0,30,13,0,38,127,60,73,22,31,27,3,45
2,190,205,122,207,75,185,38,179,7,161,118,70,82,25,42,27,15,43,131,58,82,0,35,10,8,37,136,56,80,2,29,15,0,41,127,63,72,24,30,30,3,48
2,192,205,124,206,77,184,39,179,8,160,119,72,83,27,42,28,15,43,132,60,83,1,35,11,7,37,137,56,81,0,30,15,0,41,129,62,72,24,30,31,2,50
2,194,207,125,207,78,184,41,178,10,159,123,70,85,23,44,26,18,43,135,58,84,0,36,10,10,37,139,56,81,1,29,14,0,40,129,62,72,24,31,31,4,50
2,192,208,123,206,76,183,39,176,9,158,120,70,82,24,41,27,15,44,132,59,82,0,34,11,8,37,136,58,80,2,29,15,0,41,127,66,72,25,30,31,3,49
2,192,204,124,205,76,182,39,177,9,158,120,70,83,25,42,27,16,42,132,57,83,0,35,10,9,37,136,55,80,1,29,14,0,39,126,62,71,24,30,29,3,46
2,192,205,123,205,76,183,39,177,9,159,119,71,83,24,42,27,15,43,131,59,82,0,35,10,8,36,135,57,80,0,29,13,0,38,126,63,71,23,30,30,3,48
2,190,203,123,204,76,183,40,177,10,159,119,68,82,23,42,26,15,42,131,56,82,0,35,10,8,36,136,54,81,0,30,13,0,38,128,62,73,23,32,29,5,47
2,192,206,125,207,78,184,41,178,10,160,121,71,84,25,43,28,17,44,133,59,84,0,36,9,10,36,136,56,81,1,30,14,0,39,127,63,72,25,31,31,4,49
2,195,206,125,207,77,184,40,177,10,159,124,69,84,24,42,28,15,45,136,57,82,0,33,11,8,38,139,56,79,1,28,16,0,42,127,64,70,24,29,31,3,49
2,192,204,124,205,77,183,39,177,8,160,123,71,84,25,42,28,16,44,135,59,84,0,36,10,10,37,139,57,80,1,29,15,0,40,128,64,71,24,30,30,3,48
2,193,206,124,206,76,184,39,177,8,159,122,71,83,25,42,28,16,44,134,58,83,0,35,11,9,38,138,56,81,1,29,14,0,40,128,63,71,23,30,30,4,49
2,191,205,124,206,76,183,39,177,8,159,122,71,85,26,43,29,16,45,134,59,84,0,36,11,9,38,138,56,81,2,29,16,0,41,127,63,70,25,29,32,2,50
2,190,208,122,207,74,184,37,178,6,160,121,72,84,24,43,26,16,43,133,60,84,0,35,11,9,39,136,58,80,1,28,15,0,41,126,66,70,24,28,31,1,49
2,192,205,124,207,77,185,39,179,9,160,121,73,83,25,43,27,17,44,133,60,84,0,37,10,11,37,137,57,81,1,30,14,0,40,128,63,71,24,31,31,3,50
2,192,207,125,207,77,184,39,178,8,159,118,72,82,26,42,28,16,43,130,60,83,2,36,12,9,39,134,57,81,0,30,14,0,41,127,63,72,23,31,31,3,50
2,189,207,122,207,74,185,37,179,8,159,118,70,81,25,40,27,14,43,130,58,81,0,33,11,7,37,135,56,79,2,28,15,0,41,126,63,71,24,30,30,3,48
2,188,204,122,204,74,183,38,177,7,160,118,70,82,25,41,26,15,41,130,58,82,0,35,9,8,35,134,56,81,0,30,13,0,38,126,63,73,23,32,29,4,46
2,192,206,124,206,76,185,39,180,8,162,121,71,82,24,40,28,15,45,133,59,81,0,33,11,7,38,137,57,79,1,28,15,0,41,127,64,71,24,30,31,4,50
2,191,205,123,206,75,184,38,178,7,160,122,70,82,23,40,27,15,45,133,58,81,0,33,12,8,40,137,56,79,0,28,16,0,43,127,64,71,23,30,31,3,50
2,185,206,121,213,74,198,40,196,8,183,99,79,69,34,35,29,10,33,111,65,73,3,30,4,2,25,121,59,79,0,31,5,0,27,124,61,76,20,34,21,3,36
2,185,206,122,214,75,199,39,197,5,183,101,80,71,35,36,29,11,33,114,66,76,4,32,5,3,26,123,59,80,0,31,5,0,28,124,61,75,21,32,23,1,38
2,188,207,124,214,77,198,41,196,8,183,102,80,72,35,37,28,11,32,114,66,77,4,33,4,4,25,124,59,81,0,32,6,0,28,125,61,76,21,34,23,1,38
2,186,208,122,215,75,197,40,195,8,182,103,79,71,33,35,28,11,34,116,65,77,3,32,4,4,25,125,60,81,0,32,5,0,28,124,63,75,22,32,24,0,40
2,187,204,124,211,78,195,42,192,9,178,104,76,75,32,39,25,13,29,116,62,80,2,36,2,7,21,126,56,83,0,34,5,0,26,126,59,78,21,35,23,3,37
2,185,207,120,214,74,196,39,192,7,180,99,78,69,34,34,29,10,35,112,64,74,3,30,6,3,28,122,58,79,0,30,7,0,30,123,60,75,21,32,24,1,40
2,188,209,122,214,75,196,38,194,6,182,102,78,71,34,35,29,11,35,115,64,76,3,32,6,4,28,125,58,80,0,31,8,0,31,125,61,76,22,33,25,1,41
2,188,207,124,214,76,195,40,192,6,181,106,78,75,33,38,27,12,31,119,64,79,3,34,4,4,24,128,58,83,0,33,6,0,28,127,61,76,21,34,23,1,38
2,185,209,120,214,74,195,38,193,6,181,102,78,71,32,34,28,10,35,115,64,76,2,30,4,3,26,124,58,80,0,30,6,0,29,124,62,75,23,32,25,0,40
2,184,209,122,213,76,194,40,191,6,180,106,75,75,31,39,26,13,33,119,62,80,2,35,4,5,25,128,58,85,0,34,6,0,28,127,62,78,22,36,23,3,36
2,185,209,121,212,74,193,37,189,3,179,104,75,74,31,37,25,11,32,118,62,79,1,33,3,4,24,128,58,84,0,33,6,0,28,126,62,78,22,35,23,3,36
2,183,208,119,212,72,192,36,189,3,178,100,76,70,30,34,25,9,31,113,63,75,2,31,4,4,25,123,57,80,0,31,7,0,30,125,60,76,20,33,22,2,38
2,184,209,121,213,74,194,38,190,5,179,104,77,74,32,38,26,12,31,118,63,79,2,34,3,5,25,127,58,82,0,32,6,0,29,126,61,77,20,34,22,2,37
2,185,210,122,214,74,196,37,192,3,182,103,79,73,33,36,27,10,33,117,66,79,3,34,5,4,26,126,61,82,0,33,7,0,29,126,65,76,23,33,25,1,39
2,183,208,120,212,73,193,35,189,0,180,101,76,71,32,35,26,9,31,114,63,76,4,31,5,2,25,124,58,81,0,32,6,0,28,124,62,77,21,34,22,2,37
2,184,207,121,212,73,194,36,190,1,181,101,77,71,33,35,27,10,33,115,63,76,3,32,5,3,26,125,58,82,0,33,6,0,28,126,61,77,20,36,21,4,35
2,184,209,118,212,72,193,35,190,0,181,103,76,72,31,35,25,9,31,117,62,76,2,31,5,1,26,126,58,81,0,31,7,0,29,125,63,77,22,34,24,2,38
2,186,209,121,213,74,196,36,193,1,182,107,77,75,32,38,27,11,33,121,63,80,3,34,5,4,26,130,59,84,0,34,6,0,28,127,64,77,23,35,24,2,37
2,187,210,121,214,73,194,36,191,3,178,104,77,72,31,36,25,9,31,117,63,77,2,32,4,4,26,127,59,81,0,32,7,0,30,126,63,76,22,33,24,1,39
2,186,211,121,213,74,193,37,189,4,177,106,77,74,31,37,25,10,30,120,64,79,2,33,4,4,24,129,59,82,0,32,7,0,29,126,63,76,22,33,25,2,40
2,187,210,120,213,73,192,35,187,1,177,106,76,75,31,38,24,10,28,120,63,79,2,33,3,3,22,129,58,83,0,33,5,0,27,127,62,78,21,35,22,3,37
2,187,209,122,211,73,192,36,187,2,175,107,75,77,31,40,24,12,28,121,62,81,1,35,2,5,21,129,58,84,0,33,5,0,26,127,62,78,22,35,22,3,35
2,189,210,123,213,75,193,37,188,4,176,110,77,79,31,41,24,14,29,123,63,83,1,36,2,6,22,131,58,84,0,34,6,0,28,128,62,77,22,34,24,1,37
2,185,211,121,214,72,194,35,189,2,176,103,77,72,32,35,24,8,30,117,64,78,2,33,3,3,24,127,60,82,0,33,5,0,27,126,65,77,22,34,22,1,36
2,184,209,121,213,73,194,36,189,1,178,107,77,75,32,38,26,10,32,121,64,81,3,35,5,4,24,129,60,84,0,34,6,0,27,126,65,77,24,35,24,2,37
2,187,208,123,212,75,193,38,187,3,178,106,75,74,30,38,24,12,30,119,61,79,1,35,2,5,22,129,57,83,0,34,5,0,26,127,63,78,23,36,22,3,34
2,185,209,122,212,74,192,36,187,1,177,107,75,75,30,39,23,12,27,120,61,80,1,35,2,5,21,129,57,83,0,33,5,0,27,128,62,78,22,35,22,2,35
2,183,207,121,210,74,192,36,189,1,178,106,75,75,32,39,25,11,29,120,62,80,3,36,4,5,22,129,57,84,0,34,5,0,25,127,62,77,23,36,22,4,33
2,185,209,120,212,73,193,36,189,0,178,109,75,76,29,40,23,13,28,123,61,81,1,35,2,5,21,131,58,82,0,33,6,0,26,127,63,76,23,34,23,2,35
2,185,209,121,214,73,194,36,188,1,179,105,76,74,32,36,25,9,30,120,63,78,3,32,3,2,23,129,58,82,0,33,5,0,26,127,64,77,23,35,23,3,36
2,187,210,122,213,73,194,35,190,0,177,105,76,73,30,37,23,9,29,119,63,79,2,34,2,4,23,129,59,84,0,33,5,0,27,128,64,78,23,35,22,1,35
2,188,211,121,214,72,194,35,189,2,176,102,78,71,33,34,26,8,31,116,64,77,3,31,5,2,26,126,59,81,0,32,7,0,30,126,64,77,22,33,24,1,38
2,185,212,121,214,72,194,35,190,1,179,103,78,72,32,36,25,9,30,117,65,79,2,34,4,4,25,126,61,83,0,33,6,0,28,126,66,77,24,34,24,0,36
2,187,210,122,214,74,195,36,189,2,178,110,78,77,32,39,26,12,32,124,64,83,3,36,4,5,24,132,60,86,0,35,6,0,27,128,65,78,23,36,23,2,35
2,187,211,122,214,74,194,36,190,3,177,108,78,75,31,37,24,9,30,122,64,81,2,34,3,4,24,130,60,83,0,33,6,0,28,127,65,76,23,33,24,0,38
2,186,210,121,212,73,193,35,189,1,177,110,75,78,29,40,23,12,28,123,62,83,2,36,2,4,21,131,59,84,0,34,5,0,26,127,64,78,24,36,23,3,34
2,185,210,120,213,73,194,35,189,1,178,111,76,79,29,40,23,13,29,125,63,84,1,37,3,6,22,132,60,85,0,34,6,0,27,127,66,77,25,35,25,3,37
2,185,209,120,211,73,192,35,188,1,175,111,75,78,29,41,23,13,29,125,61,83,1,37,2,6,22,132,58,85,0,34,6,0,27,127,63,77,23,35,23,3,36
2,187,209,122,212,75,192,37,187,1,176,111,74,78,29,41,23,12,29,125,60,82,2,35,4,4,23,132,56,84,0,34,6,0,27,129,62,78,23,36,23,3,35
2,187,210,121,214,74,195,36,190,1,178,112,77,78,30,39,25,13,33,126,63,83,1,35,4,6,25,133,60,85,0,33,6,0,29,126,67,76,25,34,25,3,38
2,185,208,119,211,72,193,35,189,1,176,109,75,76,30,39,25,11,30,123,61,81,2,35,3,4,24,131,57,84,0,33,6,0,27,126,63,77,22,35,22,3,34
2,186,209,121,211,74,194,37,189,2,176,110,77,77,31,41,24,13,29,124,63,84,2,38,2,7,21,132,59,87,0,36,4,0,25,127,65,78,23,36,22,3,33
2,185,211,121,215,73,194,35,190,0,179,106,77,75,31,37,25,10,31,120,64,80,3,34,5,4,26,129,60,84,0,34,5,1,27,127,66,77,25,35,25,2,37
2,183,210,119,213,72,195,35,189,0,177,108,76,76,31,39,25,12,32,122,63,82,2,36,3,6,23,130,60,84,0,34,5,0,26,126,67,77,25,35,24,2,35
2,187,209,123,213,74,194,35,189,0,178,109,78,76,32,38,26,12,33,123,64,83,3,36,4,5,25,131,60,86,0,34,6,0,27,128,65,78,25,35,24,2,36
2,190,209,124,213,75,194,35,189,0,177,111,78,78,32,41,26,13,32,125,63,84,3,38,4,7,24,133,59,86,0,36,5,2,27,128,64,78,24,37,24,4,35
2,189,211,123,214,74,195,36,190,0,179,110,77,78,31,40,25,12,32,124,63,84,2,37,3,6,24,132,60,86,0,35,6,1,28,128,66,78,25,37,24,4,35
2,188,211,123,214,74,195,35,190,2,177,111,78,77,31,38,24,10,30,125,65,82,2,35,4,4,24,132,61,85,0,34,6,0,28,128,67,77,24,34,24,1,36
2,186,210,121,213,72,193,34,188,0,176,107,78,76,32,39,24,10,27,121,65,81,3,35,4,4,23,129,60,84,0,34,5,0,27,126,65,77,24,34,24,1,36
2,187,210,121,214,73,194,34,187,0,175,111,76,79,30,40,22,12,28,124,62,83,2,36,3,5,22,132,58,85,0,34,5,0,27,127,64,78,24,36,23,3,35
2,188,209,123,214,74,194,36,188,2,175,108,78,76,32,39,25,11,30,122,64,81,2,35,3,5,23,130,60,83,0,33,6,0,28,128,64,77,23,34,23,2,36
2,188,211,122,214,74,193,37,187,3,176,107,78,74,31,36,25,8,31,121,64,79,3,32,5,3,25,129,60,83,0,33,6,0,28,127,65,77,22,34,23,2,37
2,189,212,122,215,74,194,35,188,0,176,112,77,79,30,40,24,12,29,126,63,84,1,37,3,6,23,133,60,85,0,34,6,0,28,128,66,76,24,33,24,1,37
2,188,210,123,214,75,194,36,188,1,176,111,76,78,30,40,24,12,29,124,63,82,2,36,3,5,23,131,59,83,0,34,6,0,28,127,64,77,24,36,24,3,36
2,185,210,122,213,73,193,35,187,0,177,106,77,74,31,37,24,11,29,119,64,80,1,34,3,5,24,127,60,82,0,33,5,1,27,125,65,76,24,34,23,1,35
2,187,210,123,213,75,193,36,187,0,176,112,76,80,30,42,23,14,28,125,63,84,2,37,3,5,23,132,59,85,0,35,6,1,28,128,65,79,24,37,23,4,34
2,187,211,122,214,74,193,35,187,0,176,109,75,76,30,39,23,12,28,122,62,80,1,35,3,5,24,130,58,82,0,32,7,0,29,128,63,77,24,34,24,2,36
2,189,213,123,216,74,195,36,188,0,175,113,77,79,29,41,22,14,28,127,63,84,1,36,3,6,24,134,60,86,0,34,6,1,28,130,67,78,25,36,24,3,36
2,189,214,123,217,75,197,36,190,0,177,114,77,80,29,41,24,14,31,128,64,84,1,37,4,6,25,135,61,86,0,35,7,2,29,130,69,78,25,36,25,4,38
2,188,213,123,216,74,195,35,188,0,176,112,78,79,31,40,24,13,29,125,64,84,2,36,3,6,23,133,61,86,0,35,5,1,27,128,67,78,24,35,24,3,35
2,188,213,124,214,74,195,35,188,0,175,109,79,78,33,41,26,14,31,123,66,86,3,40,3,8,22,131,61,88,0,38,5,3,26,127,66,79,24,37,23,5,35
2,188,211,123,214,74,193,35,187,0,176,109,76,77,30,40,23,13,28,123,63,82,1,37,2,6,22,131,59,84,0,34,6,1,27,129,65,78,23,35,23,3,35
2,190,211,123,215,74,196,35,189,0,176,111,79,78,32,40,25,12,30,124,65,83,2,36,4,5,25,131,60,85,0,35,6,1,28,127,66,78,25,36,24,3,35
2,186,209,121,212,73,193,35,188,1,175,111,76,78,29,40,22,12,28,125,62,83,1,36,2,5,22,132,59,84,0,34,5,0,26,128,65,78,24,36,22,3,32
2,185,208,121,212,74,195,36,189,2,175,110,75,77,31,40,25,13,32,124,62,83,2,36,4,5,24,132,58,86,0,35,5,0,25,128,64,78,23,37,22,4,33
2,186,209,122,214,74,196,35,190,0,176,110,78,76,31,39,25,12,32,125,64,81,2,35,4,6,26,133,60,83,0,33,7,0,30,128,67,78,24,36,23,3,35
2,185,209,122,213,74,196,36,190,1,177,109,78,76,33,39,27,12,33,123,64,82,3,36,5,5,26,132,60,85,0,35,6,0,29,129,66,78,24,36,24,3,36
2,183,213,120,217,72,199,35,193,0,181,105,80,73,34,35,28,9,36,119,67,78,3,32,6,2,29,127,62,83,0,33,7,0,30,126,68,76,26,34,26,1,38
2,186,207,123,211,75,192,38,187,3,174,110,76,77,31,41,23,13,27,123,62,82,2,37,2,6,22,131,58,84,0,35,5,0,26,128,63,78,22,37,21,4,31
2,186,208,121,212,73,193,36,188,1,175,109,75,77,30,40,23,12,27,122,61,81,2,35,2,4,22,130,57,82,0,33,5,0,27,126,63,76,22,34,22,2,34
2,184,207,120,213,74,196,38,190,4,178,108,77,76,32,39,26,12,32,121,63,80,3,34,5,4,26,129,59,83,0,33,6,0,28,125,64,77,22,35,22,3,34
2,188,209,123,214,74,194,37,189,2,179,108,78,76,32,39,25,13,31,122,64,81,3,35,4,4,25,131,60,84,0,34,6,0,28,128,65,77,24,35,24,2,35
2,189,208,124,213,77,194,40,190,4,179,114,77,81,32,43,25,15,31,127,63,84,3,36,5,6,25,133,58,85,0,34,7,0,29,127,63,77,22,35,23,3,36
2,186,209,123,215,76,196,39,191,4,179,112,78,79,31,41,25,15,31,125,64,83,2,37,5,7,27,132,60,84,0,34,8,0,31,127,66,77,24,36,23,2,35
2,187,209,124,213,76,195,38,190,3,179,109,79,77,34,41,27,13,31,123,64,82,4,37,4,6,25,131,59,85,0,35,6,0,28,128,64,79,23,38,22,4,34
2,187,207,122,212,75,195,37,191,2,180,113,79,78,33,41,26,14,31,127,65,83,3,37,4,6,24,133,60,85,0,34,5,0,27,127,66,77,23,35,22,2,34
2,187,207,123,211,75,195,38,191,3,179,108,79,75,34,39,28,12,33,123,64,81,4,36,4,5,25,131,58,85,0,34,5,0,27,128,63,78,23,36,23,2,36
2,187,207,123,212,75,195,36,191,2,179,108,78,76,32,39,26,12,32,122,64,80,3,34,5,4,26,130,59,83,0,33,6,0,28,126,64,76,24,35,23,2,34
2,187,207,123,212,75,195,37,190,2,179,108,76,76,31,40,24,12,30,122,63,81,2,35,4,4,24,130,58,84,0,34,6,0,27,128,63,78,24,36,23,3,33
2,188,207,123,212,77,195,39,191,4,180,112,79,79,32,41,25,14,30,126,64,83,2,37,4,6,25,133,59,84,0,34,6,0,28,129,65,77,23,36,23,4,35
2,188,208,123,214,76,195,38,190,3,178,110,77,77,31,40,25,13,30,123,63,82,2,35,4,5,25,131,59,83,0,33,6,0,28,129,64,78,24,35,23,2,34
2,187,210,125,215,76,197,37,192,2,182,110,78,76,33,38,27,11,35,123,65,81,4,35,7,5,29,131,60,84,0,34,7,0,31,128,67,78,25,36,26,3,39
2,187,206,125,213,76,195,38,190,2,180,107,77,74,32,37,26,11,32,120,63,79,3,35,6,4,25,129,58,82,0,33,7,0,29,127,64,76,25,34,25,2,37
2,187,209,125,214,76,197,37,192,1,181,108,79,74,33,36,28,10,35,122,66,80,4,34,6,4,29,129,61,83,0,33,7,0,30,127,67,77,25,34,25,1,37
2,189,208,125,212,76,194,38,190,4,178,110,77,77,31,39,25,12,31,124,64,82,3,35,5,5,26,131,60,84,0,34,7,0,30,128,66,77,25,35,24,2,36
2,190,208,125,212,76,196,38,191,4,178,108,78,75,33,39,28,12,34,123,64,80,4,34,6,4,28,131,59,84,0,34,6,0,29,129,65,79,24,36,23,3,35
2,188,208,124,213,75,195,36,191,1,179,108,78,75,33,38,27,11,34,121,64,80,4,34,7,3,29,130,59,83,0,33,7,0,30,128,65,77,25,35,25,2,37
2,186,209,122,213,73,196,34,192,0,179,104,77,71,34,35,28,9,34,119,64,77,4,32,7,2,28,128,59,82,0,33,6,0,29,126,64,76,24,34,23,1,35
2,186,208,123,212,74,195,36,191,2,178,107,77,73,32,37,27,11,34,121,64,79,3,33,6,3,29,129,59,83,0,33,7,0,30,127,65,78,24,36,24,2,36
2,188,206,124,212,75,196,37,192,2,180,109,78,75,33,38,28,12,34,123,64,80,4,35,6,4,28,131,59,84,0,34,7,0,29,128,64,77,23,35,24,2,36
2,188,208,124,213,76,196,37,191,2,178,109,77,76,32,39,26,12,32,124,63,82,3,36,5,5,26,132,59,84,0,34,7,0,29,129,65,78,25,37,24,3,36
2,188,209,124,213,76,195,37,191,3,180,112,78,78,31,41,25,14,32,125,65,83,2,37,4,6,25,132,61,85,0,35,6,0,28,128,67,78,26,36,25,3,36
2,187,210,124,215,73,196,34,191,0,180,106,78,73,32,36,25,10,33,120,65,79,3,34,5,4,28,129,61,82,0,33,7,1,31,127,66,76,25,34,25,1,38
2,190,210,124,214,75,195,35,190,0,179,111,80,77,34,40,28,13,34,125,66,82,4,35,6,5,28,134,61,85,0,35,7,2,29,130,66,77,25,34,25,2,37
2,188,208,124,213,74,194,35,190,0,178,106,79,74,34,37,27,11,32,120,65,80,4,34,5,4,27,129,60,84,0,34,6,0,28,127,65,76,24,34,24,1,36
2,189,209,125,213,74,195,35,190,0,177,108,79,75,33,39,26,13,32,122,65,81,3,36,5,6,27,130,60,84,0,34,7,2,30,128,65,77,25,35,24,3,36
2,188,209,122,214,72,196,34,190,0,174,109,77,77,32,40,25,14,32,124,63,82,2,35,5,5,27,132,58,84,0,34,7,2,30,130,64,78,24,36,24,3,36
2,187,210,121,214,72,195,34,190,0,175,107,79,74,34,38,28,11,34,122,65,79,4,34,6,4,28,131,59,82,0,33,6,1,29,129,64,76,24,34,24,1,36
2,186,211,122,215,72,197,33,191,0,176,106,79,74,34,38,28,12,35,121,66,80,5,35,7,5,30,130,61,84,0,35,6,3,29,129,66,79,25,36,24,3,35
2,189,210,124,213,73,195,34,189,0,175,109,78,77,33,41,27,15,34,124,64,83,3,38,6,8,28,134,59,87,0,37,6,4,29,132,65,81,25,39,23,6,34
2,188,209,124,213,73,196,34,189,0,174,109,79,76,35,40,28,14,34,124,65,82,5,37,7,7,29,132,60,85,0,37,6,4,30,130,64,79,23,37,23,5,35
2,185,209,120,213,71,196,33,190,0,175,109,78,76,33,40,28,14,35,123,64,82,4,36,7,7,30,131,59,85,0,35,7,2,31,128,65,78,25,36,24,4,36
2,185,208,121,212,72,194,34,189,0,174,109,77,75,33,39,27,12,34,124,63,81,3,36,6,5,28,133,58,85,0,35,7,1,30,129,64,78,24,36,23,3,34
2,187,209,122,213,72,195,34,190,0,175,110,77,78,32,41,26,14,33,124,64,83,3,37,5,7,27,132,59,85,0,36,6,3,30,128,65,78,24,36,23,3,34
2,189,207,123,211,73,193,34,187,0,173,112,75,80,29,44,23,17,29,126,62,85,1,39,3,8,24,134,57,86,0,36,7,3,29,130,63,81,23,39,22,6,32
2,190,211,125,215,74,197,34,191,0,177,112,79,79,33,42,27,16,35,126,66,85,4,38,7,8,30,135,62,88,0,39,8,6,31,132,67,82,26,39,25,7,37
2,189,213,122,217,74,198,35,193,0,179,115,78,80,31,42,27,16,36,130,64,85,2,38,7,8,31,137,61,87,0,36,9,4,32,131,69,80,26,37,26,5,37
2,188,211,123,213,75,195,36,191,0,177,111,76,78,31,42,26,16,33,126,63,84,2,38,5,9,27,135,59,86,0,37,8,4,31,132,65,81,25,39,25,6,36
3,84,329,39,300,1,247,0,198,42,178,33,164,28,84,29,39,33,0,76,175,62,139,49,203,47,246,116,194,102,165,83,226,76,264,155,220,142,192,119,229,107,256
3,83,327,38,300,1,248,0,200,40,179,32,163,26,84,28,39,32,0,75,174,61,140,48,203,45,245,115,194,101,165,81,226,73,262,154,220,140,193,116,230,105,256
3,82,326,38,299,1,247,0,199,41,179,31,162,26,83,28,39,32,0,75,173,61,137,48,201,46,244,115,193,101,165,82,227,74,264,155,219,140,193,116,231,105,257
3,82,328,37,301,1,250,0,203,40,182,31,164,26,85,27,40,30,0,75,175,60,142,46,205,43,246,115,195,100,168,81,228,74,265,154,222,139,197,116,234,104,259
3,82,328,38,300,1,249,0,201,41,179,29,164,24,84,27,39,32,0,73,175,60,141,47,203,45,246,115,194,101,167,81,227,73,265,155,221,138,196,115,234,103,261
3,81,327,37,299,0,245,0,197,41,179,30,162,26,83,27,38,32,0,74,172,61,138,47,201,44,244,115,192,100,165,81,226,73,262,154,218,138,193,114,232,103,259
3,81,328,37,300,0,247,1,198,42,180,30,163,25,84,28,39,32,0,74,174,62,141,48,202,43,244,115,194,102,165,81,226,72,263,154,220,139,195,115,232,103,258
3,81,330,36,301,0,247,1,200,41,182,33,164,29,84,29,40,32,0,76,176,62,143,48,205,44,246,116,196,101,167,81,227,74,264,154,222,139,196,116,232,106,258
3,81,330,37,300,1,247,0,199,40,177,31,164,27,85,28,39,33,0,74,174,61,138,47,201,44,244,115,194,101,166,80,226,71,264,154,221,139,193,114,232,101,260
3,81,326,37,299,0,245,0,197,41,178,32,162,27,83,28,38,31,0,75,174,62,140,49,201,45,244,115,193,101,166,81,226,73,263,153,219,137,194,114,231,103,258
3,80,326,37,299,0,246,0,198,40,177,33,162,27,84,27,39,30,0,76,173,61,138,48,201,45,243,116,193,100,165,80,226,72,262,154,219,136,193,112,232,101,259
3,80,327,37,299,1,246,0,197,41,176,31,162,27,84,28,39,32,0,75,172,61,136,47,200,45,243,116,192,100,164,79,226,72,263,155,218,137,191,113,231,101,258
3,80,329,36,299,0,246,0,197,41,176,33,163,28,84,28,39,32,0,76,173,62,138,48,200,45,243,116,193,101,165,80,225,71,263,154,219,137,194,112,232,99,260
3,80,328,36,298,0,246,0,197,40,174,32,162,27,84,27,39,31,0,75,173,63,137,49,200,45,242,115,193,101,164,80,224,71,262,153,219,137,192,112,231,99,259
3,81,330,37,301,0,247,2,197,43,175,31,164,28,85,30,39,34,0,76,175,63,140,50,202,45,246,117,195,103,166,81,227,71,266,156,221,139,194,114,234,100,264
3,80,328,37,298,1,245,0,197,40,175,32,163,27,85,28,39,32,0,75,173,60,135,47,197,43,242,115,193,100,164,79,224,70,263,154,219,136,192,111,230,98,259
3,80,326,37,297,1,245,0,196,40,174,32,161,27,83,28,39,32,0,75,171,61,134,47,196,44,240,115,191,100,163,79,223,70,261,154,217,136,191,112,229,99,257
3,80,329,36,299,1,246,0,198,39,175,30,163,26,84,27,39,31,0,74,174,62,139,48,200,44,242,115,193,100,165,79,224,71,262,154,220,136,192,112,230,100,258
3,79,327,36,298,0,245,0,196,41,174,31,161,27,83,27,39,31,0,75,172,61,135,47,198,44,241,115,191,99,163,78,223,70,261,154,218,135,191,109,231,97,259
3,80,329,36,300,0,246,0,197,40,176,32,163,27,85,27,39,31,0,75,174,60,136,46,199,44,243,115,193,98,165,78,225,70,263,154,220,134,193,110,231,98,260
3,79,329,35,298,0,246,0,198,40,175,30,163,25,84,27,39,31,0,74,173,60,136,46,199,43,242,114,193,99,164,78,224,70,262,153,221,136,193,111,230,98,258
3,80,329,35,299,0,246,0,199,40,176,31,164,26,84,27,39,31,0,74,175,61,139,47,202,44,245,115,195,100,166,79,226,72,263,154,222,136,195,111,233,100,260
3,80,329,36,300,0,247,0,198,40,176,32,163,28,85,29,39,33,0,75,174,60,137,47,200,44,244,115,194,99,166,79,227,71,265,154,221,136,193,112,232,100,261
3,80,329,35,298,0,245,0,197,40,176,33,162,28,84,28,39,31,0,76,173,61,138,47,201,45,244,116,193,100,164,79,224,72,262,155,220,138,191,113,229,101,257
3,79,328,35,299,0,245,1,197,40,176,31,162,27,84,28,39,32,0,74,172,60,136,47,200,44,244,115,192,99,165,78,226,70,264,153,219,135,193,110,233,99,261
3,81,329,37,300,0,246,0,197,42,175,31,162,27,84,27,39,31,0,75,173,62,138,49,201,46,244,115,193,101,165,80,226,72,264,154,220,136,194,112,234,100,263
3,79,326,36,297,0,244,2,196,41,175,31,162,26,84,27,39,31,0,74,172,61,136,47,199,44,241,114,192,101,163,79,224,71,261,153,219,137,192,112,230,101,257
3,80,330,36,301,0,247,0,198,39,176,32,163,28,85,28,40,31,0,75,174,61,138,47,202,44,244,116,194,101,164,79,225,72,263,154,222,137,192,113,231,103,259
3,80,328,35,298,0,245,0,198,41,177,33,162,27,83,28,38,32,0,76,173,62,141,48,203,45,246,116,193,101,166,80,226,73,265,155,220,138,195,114,233,102,260
3,81,328,35,296,1,245,0,199,36,178,34,164,28,85,28,39,31,0,76,175,62,142,47,202,43,245,116,195,100,166,79,224,72,263,154,222,135,195,111,230,99,258
3,81,328,36,298,0,245,1,198,40,177,35,163,28,85,28,39,31,0,77,174,62,139,48,201,45,244,116,194,100,166,80,225,72,264,155,221,138,194,114,230,103,258
3,80,330,35,299,0,245,2,199,41,178,35,162,30,84,30,39,33,0,78,174,63,139,48,201,45,245,117,195,101,166,80,225,72,264,156,224,137,195,112,233,100,262
3,81,332,37,301,1,248,0,199,41,178,33,165,28,85,28,40,32,0,76,175,62,138,48,201,45,245,117,195,100,167,80,227,72,266,155,222,137,195,112,234,100,263
3,80,327,36,297,1,246,0,201,38,178,34,162,29,83,30,39,32,0,77,173,62,141,48,202,44,244,116,193,100,166,80,226,72,263,155,220,137,195,112,233,100,259
3,80,331,36,302,0,249,1,200,41,178,34,164,29,85,29,39,32,0,77,175,61,139,47,202,43,246,117,195,100,167,78,228,70,266,156,223,137,195,112,234,100,262
3,80,332,36,302,0,248,1,199,41,178,32,165,27,85,28,40,32,0,76,175,61,139,47,202,44,246,117,196,101,168,79,228,70,267,156,223,137,196,112,235,99,263
3,81,328,37,299,0,245,1,196,41,176,33,161,28,83,28,39,32,0,76,172,62,137,48,200,45,243,116,192,101,165,80,226,71,263,154,219,137,193,113,232,101,260
3,80,330,36,300,0,247,0,198,40,177,32,163,27,84,28,39,33,0,76,174,62,139,48,202,44,245,116,194,100,167,79,227,70,265,155,220,137,195,112,234,100,261
3,83,339,37,309,1,257,0,209,38,182,31,168,24,87,25,41,29,0,76,179,62,144,48,209,45,252,118,199,102,171,81,233,73,271,157,227,138,200,113,240,102,268
3,85,342,39,313,2,260,0,212,39,187,32,171,26,88,26,41,29,0,77,182,62,148,48,214,46,256,119,203,103,174,82,237,76,273,159,231,140,204,116,243,106,270
3,87,343,41,314,4,262,0,213,39,187,32,171,26,89,27,41,31,0,78,182,64,148,51,213,47,257,121,201,105,173,86,237,78,276,162,229,143,204,120,245,109,273
3,86,343,39,313,1,261,0,212,39,187,31,171,24,88,25,41,30,0,77,181,63,147,49,212,46,257,119,201,103,173,82,237,75,276,160,229,140,203,116,244,104,272
3,85,341,39,311,2,258,0,210,40,183,30,169,24,87,25,41,30,0,76,179,63,146,50,211,47,254,119,199,105,171,83,235,75,273,159,228,141,201,116,241,104,269
3,85,341,40,311,2,259,0,212,39,186,31,170,25,88,26,41,31,0,77,180,64,147,51,212,48,257,120,200,105,173,84,236,76,275,161,227,143,203,118,243,105,271
3,87,341,42,311,4,260,0,212,39,186,33,170,27,88,28,41,32,0,79,180,63,147,50,212,47,256,121,200,105,172,84,236,76,276,162,227,142,203,117,244,104,272
3,85,340,40,310,3,258,0,209,39,185,32,168,26,87,26,41,30,0,78,179,63,145,49,210,47,255,120,199,103,172,83,235,76,273,160,227,140,202,116,242,105,270
3,85,336,39,307,4,256,0,210,37,186,32,168,26,87,26,41,29,0,78,179,62,146,49,211,46,253,120,199,104,171,84,234,78,270,161,226,143,201,119,241,110,266
3,86,339,40,309,3,257,0,209,40,185,32,169,25,88,26,41,29,0,78,179,63,148,49,213,46,256,120,199,103,171,83,234,77,272,161,227,140,202,116,242,106,269
3,84,341,39,310,2,257,0,208,41,186,32,168,26,86,27,40,30,0,78,179,62,146,49,212,47,255,120,199,104,172,83,235,76,273,160,227,141,202,116,243,105,271
3,84,338,39,307,2,255,0,207,40,182,31,167,25,87,26,41,30,0,76,177,61,141,48,207,46,251,118,197,103,170,82,233,74,271,159,225,139,200,114,242,102,269
3,84,337,39,308,3,257,0,209,38,184,31,168,24,86,25,40,29,0,76,178,62,144,49,209,46,252,118,198,102,171,82,233,75,271,158,226,139,202,115,241,104,268
3,84,336,39,306,3,255,0,208,37,182,30,168,23,88,24,41,29,0,75,178,61,144,48,208,45,251,117,197,103,168,82,230,75,269,158,224,140,200,115,239,104,266
3,83,340,38,308,2,256,0,208,39,185,31,167,25,87,26,41,30,0,77,178,61,143,48,209,45,253,119,198,102,171,81,233,73,272,159,226,139,201,114,241,101,269
3,83,336,37,307,1,256,0,210,38,185,31,169,24,88,26,41,29,0,75,179,62,146,49,210,46,253,117,198,102,171,81,233,73,271,156,225,139,200,114,240,103,267
3,84,334,40,304,3,254,0,207,38,182,30,167,23,86,24,40,28,0,75,176,61,141,48,206,46,250,117,196,102,168,82,230,74,269,158,223,139,198,115,238,103,266
3,84,337,39,307,2,255,0,207,39,182,31,166,24,86,25,40,28,0,77,176,61,143,48,208,45,252,118,195,102,170,81,233,73,271,158,223,138,199,113,240,102,268
3,85,334,39,303,3,252,0,207,37,183,32,167,26,86,27,40,31,0,77,177,64,146,50,208,47,251,119,197,104,170,84,230,77,268,159,224,142,198,118,235,106,263
3,83,338,38,308,1,256,0,210,39,184,32,167,25,87,26,40,30,0,77,178,62,144,48,210,46,254,119,198,102,171,81,234,74,272,160,226,139,200,114,240,103,268
3,84,335,38,305,1,254,0,207,38,184,32,168,26,86,27,40,31,0,76,179,62,146,48,210,45,253,117,199,102,170,82,231,74,269,157,226,140,199,116,237,105,266
3,84,336,39,305,2,254,0,208,37,183,33,167,27,86,27,40,31,0,77,178,62,144,49,207,46,251,119,197,101,170,81,231,75,270,159,224,139,198,114,238,102,266
3,84,338,38,308,2,256,0,210,39,185,34,169,28,87,28,40,31,0,78,180,62,147,49,211,46,255,119,201,101,173,81,234,75,272,158,228,138,200,114,240,103,268
3,83,335,39,305,2,253,0,206,39,182,32,165,26,86,27,40,30,0,77,176,62,142,48,207,45,251,119,196,102,170,81,232,74,270,159,225,138,199,114,240,103,267
3,84,336,39,305,3,254,0,208,38,183,33,166,26,86,27,40,30,0,77,176,62,143,48,207,45,251,119,196,101,170,81,231,74,269,159,223,138,200,114,240,104,267
3,84,335,38,304,2,253,0,206,39,183,31,166,25,87,26,40,30,0,76,176,62,143,49,207,45,250,118,195,102,170,82,231,75,269,159,223,139,199,115,238,104,265
3,83,337,38,306,2,254,0,207,39,183,33,166,27,86,28,40,31,0,77,177,61,142,47,206,44,250,119,198,101,170,79,232,72,270,158,227,138,200,113,239,101,267
3,85,336,39,305,3,256,0,210,36,184,32,168,26,88,27,41,31,0,77,178,62,145,49,209,45,253,119,197,102,171,81,233,74,271,159,224,139,200,114,239,102,267
3,86,336,41,306,3,255,0,208,39,183,35,167,27,87,28,40,31,0,79,177,64,144,50,208,46,251,121,197,102,171,82,233,75,270,160,224,140,199,115,238,103,266
3,86,336,41,307,4,257,0,210,38,184,35,168,29,87,29,41,32,0,79,179,63,144,49,209,46,253,120,199,103,170,81,233,74,271,159,226,140,199,115,238,103,266
3,86,333,41,304,5,254,0,207,37,182,34,166,28,86,28,40,31,0,78,176,62,142,48,207,46,250,120,196,102,169,82,230,75,268,159,224,140,198,115,236,103,263
3,87,336,41,306,4,255,0,208,39,182,35,167,28,86,28,40,32,0,79,178,64,145,50,210,47,252,120,198,103,171,82,233,75,271,159,225,139,199,114,238,103,266
3,84,337,39,307,3,255,0,207,38,182,33,167,27,87,27,40,30,0,78,178,63,142,49,208,47,252,120,198,102,171,81,234,74,272,159,226,137,201,112,240,101,268
3,85,334,40,304,3,254,0,207,38,182,34,165,27,85,28,40,31,0,79,176,63,142,49,207,47,250,120,196,101,170,81,232,73,270,159,223,138,198,113,238,101,266
3,84,336,40,307,2,256,0,210,39,184,34,167,27,87,27,41,31,0,79,178,62,143,49,209,46,253,120,198,102,171,80,234,73,272,160,226,139,199,113,239,101,268
3,83,336,39,307,1,254,0,207,38,182,33,166,26,86,26,40,29,0,78,176,60,141,46,207,44,250,119,197,100,170,79,233,72,270,159,224,138,198,112,237,100,265
3,85,337,40,307,3,255,0,206,40,182,31,166,26,86,27,40,30,0,76,176,60,141,48,207,46,249,118,196,101,170,81,233,74,269,158,223,138,199,114,239,103,266
3,83,336,39,306,2,254,0,205,39,180,29,167,22,87,24,41,28,0,74,176,60,139,47,204,45,248,117,196,101,168,80,231,72,269,158,222,138,198,114,237,101,265
3,82,336,38,306,3,253,0,205,39,180,30,167,23,87,24,41,28,0,75,177,61,141,48,206,46,249,117,196,101,170,80,233,73,269,158,223,138,198,113,238,102,265
3,83,336,39,307,2,255,0,206,39,181,31,168,25,87,26,41,30,0,76,178,62,142,49,207,46,250,118,198,102,171,81,233,73,270,158,225,138,200,113,240,101,268
3,84,337,40,307,4,256,0,208,39,182,31,168,25,87,26,41,30,0,76,178,61,141,48,207,46,250,118,198,101,171,80,233,74,270,158,226,138,200,113,241,101,268
3,83,336,39,307,2,255,0,207,37,182,30,166,24,86,25,40,29,0,75,176,60,141,47,207,44,250,117,196,101,170,80,232,73,269,157,224,138,199,114,238,103,265
3,84,337,40,307,3,254,0,206,38,181,31,167,25,87,27,40,31,0,77,177,62,141,49,206,45,250,119,197,103,170,82,233,73,271,159,224,139,199,114,240,101,268
3,83,336,39,306,2,254,0,207,38,182,29,168,23,87,25,40,30,0,75,178,61,142,48,207,45,250,117,198,101,170,80,232,72,270,157,225,138,199,113,239,101,267
3,83,338,39,309,3,257,0,209,39,184,32,169,25,88,26,41,30,0,77,178,61,144,48,209,45,252,119,198,101,172,80,234,72,272,159,226,138,202,112,242,100,269
3,80,338,37,310,0,257,0,208,39,185,30,169,24,87,26,41,30,0,76,180,61,145,48,211,45,255,117,200,101,174,80,236,72,274,157,228,138,204,113,243,101,271
3,83,337,39,308,2,257,0,209,39,184,32,169,26,88,27,41,32,0,77,179,63,146,49,210,46,253,118,199,103,172,82,234,74,272,158,226,140,201,115,241,103,269
3,81,336,37,308,0,255,1,207,40,183,30,167,24,86,26,40,30,0,75,178,60,143,47,208,44,251,117,198,100,170,79,233,71,271,157,225,137,199,112,240,101,267
3,81,336,37,308,0,255,3,207,42,182,31,166,26,86,28,40,31,0,76,177,62,142,48,207,45,251,118,197,102,169,81,232,72,270,159,224,138,200,112,241,101,268
3,81,337,36,307,0,254,3,207,41,182,30,167,25,86,27,40,31,0,76,178,62,144,49,208,45,250,118,198,103,170,82,232,74,270,159,226,139,200,114,240,104,266
3,81,334,37,305,0,252,2,204,41,180,31,166,26,86,28,40,31,0,75,176,62,141,49,205,45,249,117,196,101,169,80,230,73,268,156,224,136,198,112,238,102,266
3,81,334,35,304,0,253,2,208,39,185,29,168,24,87,26,40,30,0,74,179,60,147,47,209,44,252,116,198,100,170,81,231,75,269,156,225,137,202,114,240,105,266
3,82,334,37,305,0,252,0,205,40,181,29,166,24,86,26,40,31,0,74,177,60,144,47,206,43,249,116,197,100,169,80,229,73,267,157,223,136,200,113,238,104,264
3,81,335,36,306,0,252,4,205,43,182,31,165,26,85,28,40,32,0,76,176,62,142,48,206,46,249,118,197,102,170,81,232,74,268,159,224,138,199,114,239,105,265
3,80,334,36,302,0,250,1,203,41,179,31,165,25,85,27,40,31,0,75,175,61,140,47,204,44,246,117,195,100,167,80,228,73,266,157,223,137,197,112,236,102,263
3,82,333,37,305,0,252,1,203,41,179,28,165,24,86,26,40,31,0,73,175,60,141,48,204,44,247,115,195,100,168,80,229,72,267,155,222,135,198,112,238,101,265
3,81,333,36,304,0,251,2,202,41,180,31,166,26,86,27,40,31,0,76,176,61,140,48,203,45,246,117,195,100,169,80,229,73,267,157,222,136,198,112,237,102,264
3,81,334,37,306,0,253,3,206,43,181,31,167,26,86,28,40,32,0,76,177,62,142,48,205,45,249,117,197,101,170,80,231,73,269,157,224,136,199,112,238,102,266
3,81,333,37,304,0,251,2,202,42,179,31,165,26,86,27,40,31,0,76,176,61,139,48,203,45,246,117,196,101,169,79,231,72,268,157,223,136,198,111,238,99,266
3,82,337,37,307,0,253,1,204,41,180,28,169,24,88,26,41,31,0,73,179,62,142,49,206,46,251,115,199,101,170,81,232,73,270,155,226,136,200,112,239,101,267
3,81,331,37,298,1,246,0,199,39,176,32,163,26,84,27,39,31,0,76,173,61,137,48,200,45,244,116,193,99,166,79,226,71,264,156,220,134,195,110,234,100,261
3,81,333,37,301,2,249,0,201,39,178,31,165,25,85,26,39,31,0,75,175,61,138,48,201,45,245,116,194,100,168,80,228,73,265,156,221,135,196,112,235,102,262
3,80,335,36,305,0,251,3,203,41,179,30,166,25,87,27,41,32,0,75,176,61,139,47,203,44,246,117,196,100,168,79,230,71,268,158,224,136,198,111,238,99,266
3,81,334,37,303,0,250,1,202,40,178,28,166,23,86,25,40,31,0,73,176,60,139,47,203,44,247,115,195,100,167,79,229,71,268,155,222,135,197,111,236,99,265
3,81,335,37,305,0,251,1,202,41,179,30,166,25,86,26,40,30,0,74,176,60,139,48,203,45,247,115,196,100,168,80,229,72,267,155,223,136,197,112,236,101,264
3,80,334,36,304,0,250,2,202,42,178,29,165,23,85,26,40,30,0,74,176,60,140,47,203,44,245,116,195,99,168,79,230,71,267,156,222,136,197,111,236,99,264
3,81,333,37,304,0,250,1,202,40,179,29,166,23,86,24,41,28,0,73,176,60,139,47,203,44,246,115,195,100,167,79,228,72,266,155,222,135,197,111,236,101,264
3,81,332,37,304,0,251,1,203,39,178,30,165,25,86,26,40,30,0,75,176,60,140,47,204,44,248,117,196,100,168,79,230,72,268,156,223,135,198,111,238,100,266
3,82,333,37,303,0,250,1,202,41,178,31,166,25,86,25,40,29,0,75,176,60,140,47,203,45,246,116,196,100,167,80,227,73,265,156,222,136,196,113,234,103,262
3,81,331,36,302,0,249,2,201,42,177,28,164,24,85,26,40,31,0,74,175,60,140,48,203,45,245,116,195,100,168,80,228,73,264,156,222,136,197,113,236,103,262
3,81,331,36,302,0,249,3,202,44,179,33,163,28,84,29,39,32,0,78,174,63,142,49,205,46,248,119,195,101,167,81,228,75,265,159,222,136,198,113,236,105,263
3,81,334,36,304,0,250,3,203,43,181,33,165,28,85,29,40,33,0,77,177,63,142,49,205,46,249,118,197,101,169,81,230,75,268,158,225,137,198,113,237,104,265
3,82,334,37,307,0,252,5,204,45,181,34,165,29,85,31,40,35,0,79,176,65,143,50,206,47,248,120,197,103,170,82,231,75,268,160,224,138,201,113,240,103,266
3,83,336,37,309,0,254,4,206,45,182,33,168,29,87,31,41,35,0,79,179,64,146,50,210,47,252,120,200,104,171,83,233,76,270,160,227,139,201,115,241,107,267
3,83,335,37,307,0,253,1,204,42,181,32,166,28,85,30,39,34,0,77,177,63,144,49,207,46,250,118,198,102,170,81,231,75,269,158,225,138,201,115,240,106,266
3,82,334,37,306,0,252,2,203,45,180,32,165,28,85,31,39,35,0,77,176,63,142,50,205,46,248,119,196,103,168,82,230,75,267,158,224,138,200,114,240,104,266
3,82,336,37,307,0,253,3,203,44,180,31,167,27,86,29,40,34,0,76,177,62,142,49,205,46,247,118,197,103,169,82,230,75,268,158,225,138,200,115,238,105,265
3,82,335,38,306,0,252,2,203,44,180,29,166,26,86,28,40,34,0,75,177,63,141,50,205,47,248,118,197,103,169,83,231,75,268,159,225,139,200,115,239,105,266
3,82,334,35,303,0,251,2,203,40,179,30,168,25,87,27,41,31,0,74,178,62,144,47,205,44,248,115,198,100,170,79,228,73,266,154,224,134,199,112,236,103,263
3,81,332,36,302,0,249,3,199,42,174,27,166,24,86,27,40,32,0,73,176,61,139,48,202,45,245,115,195,100,166,81,227,73,265,156,222,135,195,112,234,102,263
3,81,332,36,301,0,248,2,199,40,173,26,165,22,86,25,40,31,0,72,175,60,137,48,199,44,243,115,194,99,166,79,225,72,263,156,220,134,196,110,233,99,261
3,81,333,36,302,0,249,1,200,42,177,31,165,26,86,27,40,32,0,76,176,61,139,47,201,45,245,117,195,99,168,79,228,72,266,157,222,134,197,109,235,99,263
3,81,331,36,301,0,249,1,199,40,175,29,165,25,86,26,40,31,0,74,175,60,137,46,199,42,243,115,195,99,166,77,226,69,264,155,221,133,197,109,235,97,262
3,82,334,36,303,0,250,1,200,41,175,33,166,28,86,29,40,33,0,76,177,61,138,47,201,44,244,117,197,100,167,79,227,71,266,156,223,134,197,110,235,98,263
3,82,334,37,302,0,249,0,197,43,174,32,167,28,85,29,39,34,0,77,177,62,139,49,203,46,247,118,197,101,168,81,228,75,267,157,224,138,198,115,234,105,261
3,83,332,37,301,0,248,0,198,42,174,32,165,27,85,29,39,33,0,77,176,63,137,50,200,46,244,118,196,102,167,81,228,73,266,158,223,137,196,113,235,101,264
3,82,333,37,301,0,248,1,198,43,174,32,164,28,85,28,39,33,0,76,175,61,135,47,199,45,243,117,194,100,166,79,226,73,264,157,222,136,196,112,233,101,260
3,82,333,37,300,1,246,0,195,41,173,32,164,28,85,28,39,33,0,76,174,61,135,48,199,45,243,117,194,100,165,80,226,73,265,156,221,135,196,112,233,100,262
3,83,332,38,302,3,249,0,199,39,175,34,165,29,85,29,39,33,0,78,176,62,136,48,199,44,242,118,196,101,167,80,227,72,265,157,223,136,198,111,236,99,264
3,82,331,36,300,0,247,0,196,41,173,32,164,27,85,28,40,32,0,76,175,61,135,48,198,46,242,116,194,99,165,79,225,73,263,155,221,135,194,111,231,100,259
5,119,303,60,289,10,231,0,168,39,152,44,176,25,137,28,149,39,166,78,154,62,86,53,41,50,0,117,152,131,80,144,39,154,2,158,166,192,114,219,84,239,55
5,120,302,60,287,10,230,0,168,37,151,44,175,25,137,28,147,39,162,79,153,63,85,55,40,51,0,118,150,132,80,144,38,152,1,160,164,193,113,219,83,240,55
5,121,300,61,287,10,230,0,168,36,152,44,175,25,136,29,147,40,164,79,153,63,85,55,41,51,0,119,150,132,78,144,37,153,0,160,164,193,113,219,83,239,56
5,121,302,62,289,11,231,0,168,38,151,44,175,26,137,29,150,40,168,79,153,62,85,54,41,50,0,119,150,131,79,144,37,153,0,161,164,194,111,220,81,240,53
5,121,301,61,289,10,231,0,169,38,152,45,177,25,139,29,150,42,166,79,154,60,86,51,42,48,0,118,151,131,79,144,37,153,1,160,164,194,112,220,82,240,53
5,119,299,60,286,10,229,0,168,37,151,44,176,25,137,29,150,41,168,78,153,61,85,53,41,49,0,117,150,130,78,143,37,152,1,159,163,192,111,218,81,239,54
5,118,298,60,285,10,229,0,168,35,151,44,174,26,136,28,148,39,165,78,152,60,84,52,40,48,0,117,149,130,78,143,37,152,1,158,162,192,111,218,81,238,54
5,116,298,58,284,8,227,0,166,38,150,40,174,22,137,26,150,38,167,75,151,58,85,50,41,46,0,114,149,127,78,139,38,149,2,155,162,189,111,214,82,234,55
5,120,300,60,286,10,228,0,166,39,151,42,174,24,134,28,146,40,164,77,151,61,84,53,40,50,0,116,149,129,79,141,38,150,2,158,162,191,112,217,82,237,56
5,118,299,59,284,9,227,0,167,39,149,43,175,25,136,27,149,38,167,77,152,61,84,52,40,48,0,117,150,130,79,142,38,151,2,158,163,191,112,217,82,237,54
5,120,299,60,284,10,230,0,168,39,146,43,175,25,135,29,150,41,170,79,153,63,85,54,41,50,0,118,150,132,79,143,38,152,2,160,163,193,111,219,81,240,52
5,118,300,60,286,10,230,0,169,38,151,43,176,25,138,29,152,42,170,78,153,61,86,52,42,49,0,117,150,130,79,143,38,152,2,159,163,192,112,218,82,238,54
5,121,299,61,287,11,229,0,167,39,150,44,175,26,138,29,151,40,169,79,152,62,85,53,40,49,0,119,149,132,78,144,37,153,1,160,163,193,111,219,82,239,54
5,119,300,60,287,10,230,0,169,37,152,44,175,24,137,28,148,41,164,78,152,60,85,51,41,48,0,117,150,130,78,143,37,152,1,159,163,192,111,217,81,238,54
5,119,301,60,288,10,230,0,168,36,152,43,176,26,139,30,153,42,172,78,153,60,86,51,41,47,0,117,151,130,79,143,38,152,1,159,165,192,113,218,82,237,55
5,119,301,58,287,8,231,0,170,35,153,43,175,25,135,26,148,37,167,77,153,59,85,50,41,46,1,117,150,129,78,141,36,150,0,158,164,191,112,217,81,237,52
5,122,301,61,288,10,231,0,169,38,152,45,176,27,139,29,150,40,167,80,153,62,86,53,41,49,0,119,151,132,79,143,37,152,0,161,164,193,113,219,82,238,54
5,120,300,60,287,9,230,0,168,38,153,44,177,25,141,28,153,40,170,79,154,61,86,51,42,48,1,118,151,131,78,142,37,151,0,160,163,193,112,218,82,238,54
5,121,300,60,287,9,230,0,168,38,152,45,176,25,139,29,152,41,169,79,153,61,85,51,41,48,0,119,150,131,78,143,37,152,1,160,163,193,111,219,81,239,53
5,120,299,60,286,9,229,0,167,38,151,45,175,26,137,29,149,41,167,80,152,62,84,52,40,48,0,119,149,131,77,143,36,151,0,160,162,193,111,218,81,238,53
5,118,299,59,285,9,229,0,169,39,151,44,175,26,136,28,150,39,169,78,153,61,84,51,41,47,1,118,150,131,78,142,37,151,0,160,164,192,112,218,81,237,53
5,115,299,57,286,7,227,0,167,37,155,41,174,25,136,31,151,45,171,76,152,59,85,49,42,46,0,116,150,129,80,141,39,149,3,158,164,191,113,216,83,236,56
5,121,299,61,287,10,230,0,167,37,150,44,177,25,139,29,151,42,168,79,154,61,85,52,41,49,0,118,151,130,79,141,37,150,1,160,163,192,112,217,82,237,55
5,118,296,59,282,9,225,0,165,36,150,42,172,25,134,29,147,40,165,77,150,60,83,51,40,47,0,116,147,129,77,141,37,149,2,158,160,191,111,216,82,235,55
5,118,297,60,283,10,227,0,167,35,148,44,173,26,135,28,147,40,164,78,151,60,84,51,41,47,0,117,149,130,77,141,36,150,0,159,162,191,110,216,81,236,53
5,120,300,61,285,11,229,0,168,37,150,45,172,28,133,30,147,40,168,80,151,63,83,53,40,48,0,120,149,132,78,143,36,151,0,162,163,194,111,219,81,238,53
5,120,300,60,286,10,230,0,170,38,150,45,175,27,136,29,148,40,165,79,153,61,85,52,41,48,1,119,150,131,78,142,36,151,0,161,163,194,111,219,81,238,53
5,120,301,60,287,10,230,0,169,38,151,45,175,25,138,29,150,41,168,80,152,62,85,52,41,49,0,119,150,130,78,142,37,150,1,161,163,194,111,220,81,240,54
5,120,300,60,286,10,231,0,170,37,151,46,175,26,137,28,150,39,169,80,153,62,85,52,41,48,0,119,150,131,77,143,36,151,0,161,163,194,111,220,81,240,53
5,121,302,61,288,10,231,0,170,38,154,45,176,27,138,30,152,41,171,80,153,62,85,52,41,48,0,119,151,131,79,142,37,150,1,161,164,194,113,219,83,239,55
5,121,300,61,287,10,230,0,168,38,151,45,174,25,136,29,149,41,167,79,152,61,84,51,41,47,0,118,149,130,77,141,36,150,0,160,163,192,111,217,81,237,53
5,120,298,59,284,9,228,0,168,38,151,43,174,25,137,29,149,42,166,78,151,61,84,52,41,48,0,118,149,130,77,142,36,150,0,160,163,192,111,217,81,236,53
5,119,295,60,282,9,226,0,166,39,150,44,173,25,135,28,148,39,164,79,150,62,83,52,40,49,0,118,148,130,76,141,35,149,0,159,161,191,110,216,80,235,53
5,119,297,61,282,11,226,0,166,37,149,44,172,25,136,29,149,41,166,79,150,61,84,52,40,48,0,118,148,130,77,141,36,149,0,159,161,191,111,216,81,236,53
5,120,298,61,283,10,227,0,166,38,150,43,172,24,134,28,147,41,164,78,150,61,83,53,40,49,0,118,148,129,77,140,36,148,0,160,161,191,111,216,81,236,54
5,119,299,60,286,10,230,0,169,37,151,44,174,24,136,28,149,41,167,78,152,61,85,51,42,47,2,117,150,129,77,140,36,147,0,159,163,192,112,217,82,236,54
5,119,301,59,287,10,231,0,171,37,152,44,176,24,138,27,150,40,167,78,153,60,86,51,42,47,1,118,150,130,78,141,36,149,0,160,164,193,112,218,82,239,53
5,121,300,61,286,10,230,0,168,37,150,45,175,25,137,27,150,38,167,79,153,61,85,52,41,48,0,118,150,130,78,141,36,149,0,160,164,193,112,218,82,238,54
5,120,300,60,287,10,230,0,169,37,150,44,175,25,136,28,149,40,166,78,153,61,85,51,41,47,1,118,150,129,78,140,36,148,0,160,164,192,112,217,82,236,54
5,119,298,59,285,9,228,0,167,37,150,44,174,24,135,27,147,39,163,78,152,60,85,50,41,47,1,117,149,128,76,139,36,147,0,159,162,191,110,216,80,236,53
5,118,297,59,283,9,226,0,166,35,150,43,172,26,134,28,144,39,161,77,150,60,83,51,40,47,1,116,148,127,76,138,35,146,0,158,161,191,111,215,81,234,54
5,117,298,58,283,9,227,0,167,37,149,42,172,23,134,27,147,40,164,76,150,59,84,50,41,46,1,116,148,126,76,136,35,144,0,158,161,189,110,214,80,234,54
5,118,298,59,284,9,227,0,166,38,148,43,172,24,135,28,147,41,164,77,150,60,84,51,41,47,1,117,148,127,76,137,35,145,0,159,161,190,109,214,80,233,54
5,118,297,58,282,8,226,0,165,39,147,43,171,25,132,26,146,37,165,77,150,60,83,51,41,46,1,116,148,127,76,137,35,145,0,158,161,189,110,214,80,233,53
5,121,299,61,284,10,228,0,166,40,149,43,171,25,130,28,145,40,166,78,150,61,82,52,40,48,1,118,148,128,76,138,35,146,0,160,162,191,110,215,80,235,54
5,122,302,62,288,10,233,0,171,37,154,43,175,24,137,28,150,40,168,77,153,60,86,51,43,48,4,117,151,128,79,138,36,146,0,159,164,191,113,216,82,235,55
5,119,303,58,288,8,233,0,172,37,152,42,176,23,137,25,149,37,167,76,154,58,86,49,43,46,2,116,152,127,79,137,37,144,0,159,166,191,113,216,82,235,54
5,118,303,59,289,9,233,0,172,36,153,43,176,24,137,26,152,36,171,77,155,59,86,50,43,45,3,117,153,127,79,137,37,144,0,159,167,191,115,216,84,235,56
5,120,304,59,288,10,233,0,172,37,153,44,177,26,138,28,151,39,169,78,155,60,87,51,43,46,3,118,152,129,79,139,37,146,0,161,165,193,113,218,82,238,54
5,121,302,61,288,10,233,0,172,38,153,45,177,26,139,29,153,41,171,80,155,62,87,53,44,49,3,120,152,131,79,141,37,149,0,163,166,195,113,220,83,239,55
5,122,302,62,289,10,233,0,171,38,155,44,176,26,139,29,151,41,169,79,153,61,86,52,43,48,2,119,151,130,78,141,37,148,0,161,164,194,113,218,83,238,56
5,118,300,58,285,9,228,0,170,35,153,43,174,24,135,26,147,37,165,77,153,60,85,51,43,47,3,117,150,128,78,138,36,145,0,160,163,191,111,216,81,236,54
5,119,299,59,286,9,229,0,169,38,149,44,174,24,137,27,150,40,167,78,151,61,85,52,43,48,2,118,149,129,77,139,36,146,0,160,162,192,111,217,82,236,55
5,116,299,57,285,9,229,0,171,32,153,42,173,23,136,25,145,36,161,76,152,59,85,50,43,47,4,116,150,127,78,137,36,144,0,158,164,189,112,214,82,233,54
5,118,299,58,284,8,228,0,169,37,152,44,173,24,136,26,148,38,166,79,151,60,84,51,41,48,2,119,149,128,76,138,36,145,0,161,163,192,110,216,80,235,53
5,122,302,62,288,11,232,0,171,36,151,44,176,25,138,28,148,39,164,79,154,60,87,51,44,48,4,119,152,129,79,139,37,146,0,161,166,193,114,217,83,237,55
5,119,302,59,285,10,230,0,170,36,152,45,174,26,136,27,147,37,164,79,153,60,86,51,43,47,2,119,151,129,78,139,36,146,0,161,164,193,112,217,82,236,54
5,122,302,61,287,11,231,0,171,38,153,47,175,27,136,29,149,40,166,81,153,63,86,53,43,49,2,121,151,131,79,141,37,148,0,163,165,195,113,220,82,239,55
5,121,302,60,288,10,232,0,171,37,154,46,176,26,138,28,149,39,166,80,154,62,87,52,44,48,3,120,152,130,79,140,37,147,0,162,165,194,113,219,82,238,54
5,122,304,61,289,11,233,0,173,37,155,46,178,26,139,27,150,38,167,80,156,62,88,52,45,48,4,121,153,131,80,140,38,147,0,163,167,195,113,220,83,240,55
5,122,300,61,286,10,231,0,171,37,154,46,176,25,138,28,150,41,167,80,154,62,87,52,43,49,2,120,151,130,78,140,37,147,0,163,164,195,112,219,82,239,54
5,120,301,60,287,10,229,0,167,37,153,45,174,25,137,28,148,40,163,79,152,60,86,51,42,47,3,119,149,128,77,138,36,146,0,161,162,192,110,217,80,237,52
5,117,298,58,284,10,228,0,170,33,154,44,173,26,134,28,146,38,163,78,152,61,85,52,43,48,4,118,149,129,77,139,36,146,0,160,162,191,110,216,80,236,53
5,120,300,60,284,11,229,0,169,37,151,45,173,25,136,28,146,41,162,79,151,61,85,52,42,48,2,119,149,128,77,139,36,146,0,161,163,192,111,217,81,236,54
8,116,232,59,228,15,181,4,132,8,95,15,134,0,90,10,120,21,151,49,124,42,95,50,141,58,175,83,119,82,101,81,151,79,188,115,117,115,68,115,34,113,0
8,116,232,60,230,16,184,4,136,7,100,15,134,0,91,10,121,20,153,48,125,42,96,50,142,57,177,83,120,81,103,80,153,79,190,115,118,115,68,114,34,113,0
8,115,231,59,228,15,183,4,136,6,99,14,133,0,92,11,121,22,153,47,124,41,95,50,141,58,175,82,120,81,102,80,152,79,189,114,118,113,69,113,34,111,0
8,117,232,62,229,17,184,5,136,8,99,15,134,0,90,10,119,20,150,48,124,42,94,50,140,57,173,83,119,83,100,81,151,79,188,115,116,115,67,114,33,113,0
8,114,233,57,228,14,181,1,133,2,96,14,133,0,91,11,123,20,156,47,123,40,94,48,140,55,175,82,119,80,101,79,151,78,189,114,117,114,68,113,33,112,0
8,115,231,59,227,16,181,8,134,14,97,15,132,0,88,9,115,19,146,48,122,42,93,50,139,57,173,83,118,82,100,81,151,79,188,114,115,114,67,113,33,112,0
8,113,226,58,223,15,177,5,129,7,92,15,128,0,86,12,117,22,148,48,118,41,90,50,137,57,170,82,114,81,98,79,148,78,184,113,113,113,65,112,33,111,0
8,112,227,57,223,15,179,6,132,7,97,14,129,0,87,10,115,19,145,47,119,41,91,49,137,56,170,81,115,80,98,79,148,77,184,113,113,111,65,111,33,109,0
8,114,229,59,225,15,180,5,132,7,96,14,130,0,87,10,117,20,148,47,121,41,91,49,137,56,171,82,116,80,98,79,148,77,184,113,114,112,66,111,33,109,0
8,112,228,56,224,13,180,2,133,2,97,14,129,0,88,10,118,20,149,47,120,40,91,48,137,55,171,81,116,79,98,78,148,76,184,112,114,112,66,112,33,110,0
8,113,229,57,224,14,178,4,130,6,93,15,129,0,88,8,118,18,149,47,120,40,92,47,137,54,171,81,116,79,99,78,149,76,185,112,114,112,66,111,33,110,0
8,111,229,56,224,13,179,1,132,0,95,13,128,0,88,9,120,19,152,45,119,39,91,46,137,53,171,79,116,78,98,76,148,74,184,110,114,110,66,109,33,107,0
8,112,226,57,222,14,178,3,132,3,95,14,128,0,87,9,116,19,146,46,118,39,90,47,137,54,171,79,114,78,97,77,147,75,183,111,112,109,64,109,32,107,0
8,113,227,58,223,15,178,5,131,7,95,15,128,0,86,10,115,20,145,47,120,41,90,49,135,56,169,81,116,80,98,78,148,76,184,112,113,111,66,111,33,110,0
8,113,227,59,224,15,179,6,132,9,96,15,128,0,86,9,115,19,145,48,119,41,90,48,136,55,169,81,115,81,98,78,148,76,184,113,114,112,66,112,33,111,0
8,115,227,61,224,17,180,6,133,8,96,16,129,0,86,9,114,20,144,49,120,42,91,50,137,57,171,82,116,81,98,80,148,78,184,114,114,114,66,113,33,112,0
8,115,227,59,225,15,177,6,128,11,92,15,129,0,85,9,116,19,147,49,119,41,91,49,137,56,170,83,116,81,99,79,149,77,185,114,114,114,66,113,33,111,0
8,114,227,58,224,13,177,2,129,3,92,14,129,0,87,11,120,20,151,47,120,40,91,48,138,55,172,81,116,79,98,78,148,76,185,112,114,111,66,111,33,109,0
8,111,224,54,220,11,173,1,125,3,88,14,127,0,86,9,117,19,149,46,118,39,90,46,135,53,169,80,114,78,96,76,146,75,182,111,112,110,64,109,32,108,0
8,110,224,54,219,13,173,2,125,2,90,14,125,0,86,11,117,20,149,46,117,39,90,46,136,53,170,80,113,77,97,76,145,75,180,111,112,110,64,110,32,108,0
8,114,223,61,219,17,179,7,134,8,98,16,125,0,85,9,113,20,142,49,116,40,89,49,135,56,168,83,113,80,96,79,145,78,181,114,111,112,64,111,32,109,0
8,114,231,58,227,14,181,4,133,4,96,14,129,0,87,10,120,21,152,48,121,41,92,49,140,56,174,82,118,81,100,79,151,77,187,114,116,113,67,112,34,110,0
8,121,245,61,240,15,191,3,141,3,100,14,137,0,92,9,126,19,160,49,128,42,96,49,145,57,180,86,125,85,107,83,162,79,201,119,124,118,72,117,36,115,0
8,126,253,64,248,15,200,3,149,3,108,17,140,0,96,9,131,19,166,52,131,42,99,50,151,58,190,90,128,87,110,84,166,82,207,125,127,123,73,122,37,120,0
8,127,259,65,254,15,205,4,154,8,113,17,144,0,96,8,132,19,168,54,134,44,101,51,154,59,192,92,131,89,112,86,169,83,211,128,130,128,74,127,37,126,0
8,133,264,68,259,17,207,6,152,9,110,19,148,0,98,10,134,21,170,56,139,46,103,53,157,60,196,95,134,92,112,88,171,84,213,132,132,131,76,129,38,127,0
8,129,267,66,262,14,208,2,153,4,111,17,147,0,96,9,136,18,173,55,138,45,102,51,157,58,196,95,134,92,113,87,173,83,216,133,133,133,76,132,38,129,0
8,136,276,71,271,18,216,6,160,8,118,22,152,0,98,8,138,19,175,61,142,48,105,53,161,60,200,101,138,96,116,90,178,86,222,139,137,139,79,137,39,134,0
8,137,284,70,277,18,222,5,168,6,125,21,154,0,103,7,144,18,183,60,145,48,111,53,171,60,212,102,142,98,120,92,185,87,230,142,141,140,80,138,40,135,0
8,143,290,76,284,20,229,4,173,7,126,20,161,0,107,8,145,18,182,62,150,50,115,57,175,66,216,105,146,101,125,96,190,93,236,145,145,145,84,144,42,141,0
8,149,298,78,293,19,234,4,174,9,127,21,165,0,111,10,156,21,195,64,154,52,119,58,181,66,222,109,150,104,128,99,195,94,242,150,149,149,85,147,42,144,0
8,150,302,77,297,19,239,3,181,3,136,23,166,0,112,10,158,23,199,66,155,52,119,58,183,68,227,111,152,105,130,99,198,96,245,153,150,151,86,148,43,144,0
8,153,305,78,301,19,241,5,182,8,137,24,168,0,112,10,160,22,202,68,157,54,120,60,187,69,232,113,154,107,131,101,201,98,249,156,152,154,88,151,44,147,0
8,150,302,77,296,19,237,2,179,4,133,24,165,0,112,10,159,23,200,66,154,52,120,59,184,68,228,111,151,104,130,100,199,98,247,153,150,151,86,149,43,145,0
8,133,271,68,266,16,214,6,162,9,123,22,150,0,102,6,140,15,178,60,141,46,110,50,167,58,207,101,138,93,116,88,177,87,221,139,136,137,77,133,38,128,0
8,127,239,65,235,17,189,5,141,8,101,21,131,0,88,7,123,18,156,55,122,43,93,47,145,56,180,92,118,84,101,80,156,78,195,125,116,121,65,116,32,109,0
8,121,227,64,222,18,178,3,132,3,94,16,126,0,86,8,118,18,148,49,117,39,87,45,134,53,168,83,112,78,94,75,145,75,182,115,111,111,63,106,31,101,0
8,116,214,60,209,16,166,3,121,6,86,18,117,0,81,6,110,15,138,49,109,37,82,42,125,50,157,82,105,74,91,71,139,72,173,112,103,108,58,103,29,97,0
8,113,205,59,201,16,161,5,118,9,83,18,114,0,77,6,104,15,130,48,104,36,78,42,121,51,151,79,100,72,86,71,132,72,164,108,98,104,54,98,27,92,0
8,111,197,61,195,18,156,7,114,8,80,18,112,0,74,6,98,15,125,47,102,36,75,42,115,51,146,78,97,71,81,70,126,71,159,107,94,102,53,96,26,91,0
8,105,190,54,187,15,148,8,108,13,77,16,109,0,73,6,96,15,121,44,100,34,73,40,112,47,141,74,95,68,79,66,122,66,154,102,92,98,52,93,26,87,0
8,102,186,54,185,15,147,7,106,11,76,16,107,0,70,7,93,15,118,44,98,34,71,40,108,46,136,73,94,67,77,65,119,65,150,100,91,96,52,92,26,86,0
8,104,187,56,185,18,147,11,107,14,78,17,107,0,71,8,94,18,120,44,98,34,70,40,107,47,136,73,93,67,77,65,118,65,149,101,90,96,51,91,26,86,0
17,78,330,25,304,0,245,13,198,32,165,14,170,17,106,26,63,39,23,49,167,32,90,22,43,18,0,87,180,82,129,64,182,53,224,125,206,107,189,84,227,68,256
17,79,332,25,305,0,251,9,206,25,171,13,172,16,107,24,63,36,23,49,169,33,89,22,43,17,0,88,182,80,131,63,184,54,225,126,208,107,188,85,227,73,256
17,81,331,26,304,0,245,14,196,37,162,13,174,16,109,26,64,40,23,49,170,31,91,20,44,16,0,88,182,82,130,65,183,56,225,127,206,107,188,85,227,71,256
17,80,332,26,306,0,247,12,202,31,169,13,173,16,109,24,65,36,25,49,169,32,91,21,44,16,0,88,181,82,131,64,186,54,227,126,206,107,190,85,229,73,257
17,79,328,25,300,0,240,15,191,33,157,14,172,16,107,26,63,39,23,49,167,29,89,17,42,14,0,87,178,79,128,62,181,54,223,125,201,102,182,82,221,73,249
17,74,309,24,285,0,233,9,189,25,156,13,165,17,101,24,60,35,22,47,162,29,84,17,40,12,0,83,173,73,123,58,171,52,208,118,196,97,175,77,210,68,237
17,71,293,23,271,0,221,9,178,25,148,14,156,16,97,24,58,34,22,45,153,28,81,17,39,13,0,79,163,73,116,59,162,51,198,113,184,95,166,74,201,62,227
17,66,276,21,251,0,206,9,165,23,137,9,149,8,93,16,58,26,25,38,146,22,78,12,37,8,0,71,155,62,116,50,155,46,187,104,174,89,152,73,180,64,203
17,64,261,20,240,0,194,11,155,26,130,10,140,10,87,16,53,26,21,39,138,21,74,10,35,6,0,70,147,60,110,49,150,43,181,102,165,83,146,69,177,62,200
17,61,254,20,234,0,192,10,156,23,130,10,137,10,86,15,51,22,20,38,134,20,72,11,34,6,0,68,143,57,108,47,147,42,178,98,160,81,144,65,172,54,194
17,61,245,20,226,0,185,11,150,25,126,8,132,9,83,16,50,25,21,35,129,17,69,9,32,5,0,64,137,55,106,45,143,41,173,93,154,78,137,62,165,53,187
17,61,242,22,224,0,187,9,154,23,130,9,128,8,80,14,48,21,19,35,125,18,67,9,31,4,0,63,133,54,106,45,142,40,171,92,151,79,137,63,164,51,185
17,61,238,21,221,0,181,9,146,24,121,7,129,7,80,12,47,19,17,32,126,15,67,6,31,1,0,60,133,53,102,44,141,39,170,89,148,76,137,61,165,50,185
17,60,235,21,216,0,179,9,146,21,122,7,125,7,77,12,46,20,18,32,122,15,64,6,30,2,0,60,130,51,100,43,137,40,165,89,147,75,128,61,156,53,178
17,58,229,21,213,0,178,7,145,18,121,7,123,6,76,11,44,18,16,32,120,16,63,6,29,2,0,59,128,50,100,41,137,37,164,87,144,71,131,55,157,44,177
17,58,227,21,211,0,176,7,143,19,120,7,121,6,75,10,44,17,16,31,118,15,62,6,29,2,0,58,126,48,98,41,133,38,159,86,142,70,129,56,154,47,174
17,58,226,21,209,0,174,7,142,19,119,7,120,7,74,11,42,18,14,32,117,16,61,7,29,4,0,59,125,50,96,41,131,38,159,86,142,72,127,55,152,45,172
17,57,224,21,209,0,174,7,142,17,118,6,120,6,73,11,42,18,15,31,117,15,61,6,29,3,0,58,124,49,95,40,131,37,157,85,140,69,127,55,153,47,173
17,58,225,20,208,0,172,7,138,17,114,5,121,6,76,12,45,20,18,29,118,14,62,5,30,1,0,56,125,49,93,40,128,36,155,84,141,70,126,56,151,47,171
17,59,224,20,207,0,169,8,136,19,115,9,120,8,74,13,44,21,17,33,117,17,62,7,30,3,0,60,125,50,92,41,128,37,156,87,140,70,125,56,151,49,172
17,56,229,19,210,0,174,8,142,18,119,10,123,9,78,13,47,21,20,34,122,16,65,6,31,1,0,60,130,50,98,40,131,37,159,87,146,71,127,55,151,47,171
17,57,230,20,212,0,177,6,145,15,121,8,122,6,77,11,46,18,19,32,120,15,64,4,30,0,0,59,128,48,98,39,133,36,161,86,145,69,129,54,154,45,175
17,61,228,22,211,1,174,8,141,17,118,8,123,8,77,13,46,20,18,33,120,15,64,5,30,0,0,60,127,49,96,41,132,37,161,87,142,70,128,56,154,48,175
17,59,230,20,211,0,176,6,143,17,119,7,122,6,76,10,44,17,16,32,120,15,63,4,29,0,0,59,128,49,94,40,131,37,160,87,144,70,127,55,153,47,175
17,61,230,23,212,2,176,8,143,19,118,9,124,8,78,12,46,20,17,33,121,15,64,5,30,0,0,61,128,51,95,41,132,38,161,89,144,72,127,56,153,47,174
17,62,230,23,212,3,175,9,142,21,119,8,123,7,77,12,46,20,17,33,120,16,64,5,30,0,0,61,128,50,97,41,132,39,160,89,144,72,127,57,154,49,175
17,61,229,24,212,3,178,8,145,17,121,8,122,7,77,11,45,19,17,32,119,14,63,4,30,0,0,60,126,50,96,42,133,39,161,88,142,72,128,57,155,48,176
17,60,227,22,210,1,175,7,142,17,117,6,122,5,76,10,45,17,17,31,118,13,62,4,30,0,0,59,125,48,95,39,132,37,160,87,140,69,127,54,153,45,173
17,60,229,23,213,1,178,6,145,16,119,6,121,5,76,10,45,18,16,31,117,13,62,3,30,0,0,59,124,49,96,41,134,37,162,87,140,70,129,55,157,46,178
17,69,242,29,226,7,190,10,156,18,129,11,130,8,81,11,47,17,17,38,127,19,68,7,32,0,0,68,134,55,106,44,143,40,172,97,150,77,139,61,168,51,190
17,72,253,31,237,6,200,12,163,22,135,10,138,7,86,10,52,16,20,38,133,17,71,6,35,0,0,69,139,55,115,44,154,41,183,99,156,78,147,61,176,51,197
17,75,257,31,240,6,203,9,167,16,138,8,138,4,85,6,48,11,15,38,133,16,72,5,34,0,0,70,140,55,113,44,153,39,183,101,156,78,149,61,179,52,201
17,74,270,30,252,3,212,6,173,12,143,10,145,3,87,3,48,8,14,39,140,17,74,5,35,0,0,72,147,52,120,40,162,38,194,103,164,78,157,62,187,57,208
17,79,281,31,264,2,219,6,178,15,147,13,151,6,92,6,52,11,16,43,146,19,77,6,37,0,0,77,154,56,123,43,167,40,201,109,172,80,165,61,199,53,223
17,83,288,34,273,3,227,8,184,17,151,14,152,7,93,7,53,12,17,46,148,22,78,7,37,0,0,81,156,60,123,46,170,41,205,114,174,83,168,64,204,56,230
17,90,305,39,287,8,241,10,199,18,164,15,161,9,98,10,56,15,18,50,156,26,82,10,39,0,0,87,165,63,133,49,182,45,219,121,185,86,182,67,220,61,246
17,96,321,44,304,8,256,10,211,20,174,16,174,11,107,12,64,17,25,53,167,27,88,10,41,0,0,93,176,65,145,51,195,48,233,130,197,93,195,71,233,62,260
17,100,330,46,314,8,267,7,223,17,185,17,178,13,111,15,67,20,27,56,172,30,91,12,43,0,0,97,181,68,149,53,202,49,241,134,205,96,202,75,242,66,270
17,102,335,48,318,10,270,11,224,20,184,19,182,15,114,18,70,23,29,57,176,31,92,12,43,0,0,98,186,70,152,55,206,51,246,135,209,96,206,73,246,63,274
17,103,338,47,320,10,270,12,223,21,184,17,181,14,112,16,67,22,26,55,176,29,92,11,44,0,0,97,186,71,151,56,204,51,245,135,208,98,207,75,247,63,275
17,100,329,48,311,11,263,11,219,21,181,19,178,15,111,17,67,23,27,56,172,29,90,11,43,0,0,96,182,71,149,56,202,52,241,132,204,97,201,75,242,64,269
17,88,291,40,277,7,240,7,200,14,168,13,158,8,98,10,58,16,22,48,153,23,83,9,39,0,0,85,162,60,139,46,183,41,216,119,182,89,177,70,208,60,231
17,87,266,42,255,11,219,12,180,19,151,15,146,9,90,11,53,16,19,46,141,21,76,8,36,0,0,80,147,57,126,45,167,42,196,113,165,85,163,69,193,62,213
17,84,249,41,237,12,203,12,167,17,140,11,135,5,82,5,48,8,17,41,128,19,69,7,33,0,0,74,134,52,119,42,157,41,184,104,150,76,154,62,183,57,201
17,87,241,46,231,16,198,14,164,18,136,14,134,7,83,7,49,9,19,43,127,21,68,8,32,0,0,75,132,54,114,44,152,42,178,105,147,77,149,64,178,60,196
17,78,234,38,223,10,190,7,155,12,129,9,131,2,79,2,47,6,18,36,125,15,66,5,31,0,0,67,130,44,114,38,148,39,171,96,145,69,146,57,171,54,188
17,58,231,20,215,0,180,3,149,11,123,8,125,7,77,11,45,19,16,34,122,17,63,8,30,3,0,62,129,47,97,36,133,31,162,89,146,66,135,49,160,41,180
17,60,237,21,220,0,184,5,152,12,127,9,127,7,79,11,47,18,18,35,125,18,66,7,31,3,0,63,134,50,101,37,136,33,166,91,151,70,137,51,162,42,183
17,58,239,21,222,1,188,4,156,11,130,8,129,7,80,10,49,16,20,34,127,18,67,6,31,0,0,63,136,47,104,35,138,33,166,90,154,66,137,51,163,46,184
17,60,238,21,220,1,184,6,151,13,125,8,130,6,81,10,49,17,21,34,128,17,67,5,31,0,0,63,135,48,103,37,138,34,166,92,150,67,137,51,163,44,185
17,65,239,25,223,3,188,7,154,13,127,10,130,7,81,10,49,17,19,36,126,17,67,6,32,0,0,65,134,50,105,40,141,37,170,94,150,70,138,53,165,44,186
17,63,238,24,221,3,186,7,153,14,127,9,128,7,79,10,47,16,17,35,125,17,66,6,31,0,0,64,133,50,104,39,139,36,168,93,150,71,137,54,164,45,185
17,63,238,23,221,0,185,5,151,13,125,6,128,4,79,8,46,15,17,33,125,15,66,5,31,0,0,62,132,48,104,37,141,33,169,92,149,69,137,51,163,42,184
17,62,241,24,224,1,189,5,155,12,129,7,129,4,78,6,46,11,16,34,125,17,66,6,31,0,0,63,133,48,107,37,144,34,172,91,150,67,141,50,168,42,188
17,63,240,23,223,1,188,5,154,13,128,6,128,3,78,5,45,12,15,33,125,15,65,4,31,0,0,62,132,48,103,36,141,33,171,91,149,68,137,51,164,42,185
17,62,239,23,222,0,187,5,154,13,127,6,128,3,78,5,45,12,15,33,124,15,66,5,31,0,0,62,131,47,105,36,142,33,171,90,147,67,139,50,165,41,186
17,62,240,23,222,1,187,5,154,13,128,7,127,4,78,7,46,13,17,33,124,15,65,5,31,0,0,62,132,48,106,37,143,34,173,91,149,69,138,51,164,42,185
17,61,237,22,220,1,184,5,151,13,126,8,127,5,78,7,45,13,16,34,125,17,66,6,31,0,0,63,134,49,101,37,137,32,166,90,150,67,136,50,162,42,184
17,62,238,24,220,2,185,6,152,15,126,8,127,5,78,8,45,14,16,34,124,16,66,5,31,0,0,63,132,48,103,37,138,34,167,92,149,70,136,52,162,42,183
17,64,241,26,223,4,188,7,156,15,129,12,130,9,81,11,49,16,20,38,127,18,68,6,32,0,0,66,134,49,109,39,144,37,172,94,150,70,140,55,167,48,188
17,63,239,24,221,2,186,7,153,15,126,8,128,5,78,7,45,13,15,34,126,16,66,5,32,0,0,63,134,50,102,38,138,34,167,92,150,70,137,52,164,43,185
17,65,239,27,223,4,188,7,154,15,127,9,130,5,81,8,49,14,19,35,126,16,67,5,32,0,0,64,134,49,106,38,143,36,171,93,150,69,138,53,165,47,186
17,66,241,25,224,2,188,7,154,16,128,10,130,6,80,8,47,13,16,36,127,18,67,6,32,0,0,65,135,51,103,40,141,36,171,94,151,71,136,53,164,44,186
17,65,239,26,223,3,187,6,154,14,128,8,129,5,80,8,48,15,18,34,125,16,65,5,31,0,0,64,132,49,104,39,142,36,171,93,149,71,137,53,164,44,186
17,64,240,23,223,2,187,7,153,13,127,7,129,3,79,6,46,12,17,34,127,16,67,5,31,0,0,63,134,49,105,38,140,35,169,92,151,69,138,53,165,46,187
17,65,245,25,227,3,192,7,158,14,131,9,130,4,79,6,45,11,14,36,128,18,67,6,32,0,0,66,136,50,108,38,145,34,175,96,153,72,139,54,166,44,189
17,64,242,23,224,1,186,7,152,15,127,8,129,3,77,5,44,10,13,34,126,16,67,5,31,0,0,64,133,47,108,37,143,35,171,92,150,68,139,52,166,45,187
17,64,241,23,224,1,187,7,153,14,127,7,130,4,80,7,47,13,17,34,126,16,67,5,31,0,0,64,133,48,105,38,140,35,168,92,149,68,140,53,166,46,187
17,63,240,23,222,1,185,5,151,14,125,6,130,2,78,5,44,11,15,33,126,14,67,4,31,0,0,63,132,46,106,36,141,34,169,92,148,67,138,51,164,45,185
17,60,237,21,221,0,186,3,152,10,126,8,128,3,77,4,44,10,14,34,124,16,65,5,31,0,0,63,131,47,103,35,138,31,166,90,147,66,138,49,165,42,186
17,64,239,26,223,4,190,7,157,14,129,11,127,7,78,9,46,14,16,38,124,19,66,6,31,0,0,67,132,50,109,38,146,35,174,95,149,70,140,53,168,46,190
17,62,239,24,223,2,188,6,155,13,129,9,128,4,77,6,43,11,13,36,125,17,66,6,31,0,0,64,133,49,106,37,142,34,170,92,150,70,138,52,165,44,187
17,65,242,25,225,2,189,7,155,15,129,9,130,6,80,9,48,16,18,35,127,17,67,6,32,0,0,65,135,50,107,38,144,34,174,94,152,71,140,54,167,45,188
17,63,242,24,225,2,189,6,156,13,129,10,130,6,79,7,46,12,15,37,127,18,68,6,32,0,0,65,135,50,106,38,142,35,172,93,151,70,140,52,168,42,190
17,66,241,26,223,4,189,8,156,15,129,12,129,8,81,11,48,18,18,38,125,19,67,7,32,0,0,67,133,51,106,40,141,36,170,96,149,72,139,54,166,45,187
17,66,242,26,224,3,189,8,157,15,130,10,129,7,80,9,47,14,17,37,126,18,67,6,32,0,0,66,134,51,105,40,141,36,171,94,151,73,138,55,165,44,187
17,64,243,24,225,2,190,7,156,15,130,10,130,5,79,7,45,12,15,36,127,17,67,5,32,0,0,65,135,50,106,39,143,36,172,93,152,71,140,53,167,43,188
17,65,243,26,226,4,190,8,157,16,131,12,129,8,80,10,47,16,17,39,126,19,67,7,31,0,0,68,134,53,103,42,141,39,171,96,152,74,140,56,167,46,189
17,64,244,25,227,3,191,8,158,15,132,11,131,7,82,9,48,14,18,37,128,19,68,7,32,0,0,66,136,51,106,40,143,36,173,94,153,72,141,54,168,45,189
17,67,241,28,225,5,191,9,158,15,130,12,129,7,80,9,47,15,16,39,125,19,67,6,32,0,0,68,132,54,104,43,142,39,172,97,149,75,140,56,167,45,189
17,65,241,27,224,5,189,9,156,15,129,13,128,8,79,8,46,13,16,40,126,21,66,7,31,0,0,69,134,53,104,41,142,37,171,97,152,74,139,56,166,47,188
17,67,241,28,224,6,189,9,154,14,126,12,129,7,79,9,46,15,15,39,125,19,66,6,32,0,0,68,133,54,103,42,140,39,169,97,150,75,136,57,163,47,185
17,66,242,27,225,5,190,9,156,16,129,11,129,7,80,8,47,13,16,38,126,19,67,7,32,0,0,68,134,53,104,42,142,39,172,97,152,75,138,57,165,46,187
17,67,242,27,224,4,189,10,154,16,127,12,129,8,79,10,46,15,16,39,126,19,66,6,31,0,0,68,134,53,104,41,140,38,169,97,150,75,137,57,165,47,187
17,68,243,30,225,7,191,11,156,16,127,14,127,8,77,9,44,14,12,42,123,20,66,7,31,0,0,72,131,55,107,44,145,41,174,101,148,77,138,59,168,50,191
17,66,243,27,225,5,190,10,158,15,131,12,127,7,78,8,45,12,14,39,124,20,65,7,31,0,0,69,133,53,106,42,143,39,173,97,152,75,140,57,167,49,188
17,68,242,27,225,5,189,9,156,15,128,11,129,6,79,8,46,14,15,38,125,18,67,6,32,0,0,68,132,53,104,42,141,38,171,98,149,74,138,57,167,48,189
17,71,244,30,227,7,191,11,157,18,129,12,131,8,81,11,47,17,16,40,127,19,68,7,32,0,0,69,134,56,103,45,141,40,172,99,150,77,139,59,168,49,190
17,65,241,25,222,4,187,8,154,15,128,12,127,6,78,7,45,13,15,38,124,19,66,6,31,0,0,67,132,51,104,40,141,37,171,96,149,73,137,56,164,48,186
17,67,244,28,227,5,192,9,158,15,130,11,130,7,80,8,47,13,16,38,126,19,67,7,32,0,0,68,134,53,106,42,145,38,175,96,151,74,140,56,168,46,191
17,66,242,26,224,5,188,9,154,17,128,11,129,6,79,8,45,13,14,38,126,18,67,6,32,0,0,67,134,52,104,41,142,37,171,96,152,74,138,55,165,45,187
17,69,243,29,226,7,190,11,156,18,129,14,131,10,82,12,49,18,18,40,127,19,69,6,33,0,0,69,134,55,104,44,143,41,172,99,151,77,138,60,167,51,189
17,67,243,27,225,5,190,9,156,14,129,11,130,7,80,9,47,14,16,38,126,19,67,6,32,0,0,67,134,54,103,43,141,40,170,96,152,76,138,58,166,48,188
17,68,246,28,227,7,191,10,157,16,129,13,132,9,83,11,50,17,20,39,128,19,69,6,33,0,0,69,135,54,107,43,144,40,173,98,152,75,138,59,166,53,188
17,68,244,28,227,6,192,10,157,16,129,12,131,8,82,10,49,16,18,39,127,19,68,7,32,0,0,68,135,55,105,44,142,40,171,97,152,77,138,58,165,48,187
17,68,243,28,226,6,190,10,156,16,128,11,130,7,80,9,46,15,14,38,127,18,67,6,32,0,0,67,134,53,105,42,143,39,173,96,150,74,138,56,166,47,187
17,67,243,27,226,6,191,10,157,17,129,12,130,8,80,10,46,16,15,39,127,19,67,7,31,0,0,68,134,53,104,43,142,39,172,97,151,74,139,57,167,48,190
17,66,244,27,226,5,191,9,158,14,130,13,130,7,80,8,46,13,15,39,127,20,67,7,32,0,0,68,136,55,103,43,141,38,171,97,154,76,138,58,166,49,188
17,65,245,25,226,4,190,8,156,14,128,12,132,7,82,9,48,14,17,38,129,19,68,6,32,0,0,68,137,53,104,41,141,37,171,97,154,76,138,57,165,47,187
17,67,244,26,225,4,188,9,154,16,128,10,130,6,80,8,47,13,17,36,127,17,68,5,32,0,0,66,135,52,106,41,141,38,171,95,152,75,139,58,166,49,188
17,66,242,27,224,4,188,8,154,16,127,9,131,5,80,8,47,14,16,35,126,16,67,5,32,0,0,65,134,51,103,42,141,40,171,95,151,76,135,57,162,47,184
17,63,240,24,221,3,186,8,152,14,125,11,129,6,80,9,47,15,17,36,126,18,67,6,32,0,0,65,133,52,102,41,138,38,167,94,149,74,136,57,162,48,184
17,66,242,26,224,4,188,9,153,16,127,11,130,7,81,10,48,16,18,37,126,17,67,5,32,0,0,66,134,53,103,42,140,38,169,95,151,76,137,58,164,47,185
20,79,293,29,263,7,208,27,160,53,143,7,163,0,100,0,58,2,23,42,159,30,84,25,39,23,0,79,168,80,123,70,169,63,205,115,185,106,160,93,192,84,218
20,71,291,22,260,0,208,18,163,44,147,4,161,0,98,1,58,4,23,38,158,31,83,27,38,25,0,75,167,75,123,65,169,59,205,110,186,100,161,87,193,80,219
20,71,294,21,261,1,210,18,164,38,142,2,162,0,99,1,58,4,23,37,160,32,84,28,38,27,0,75,169,75,126,64,169,57,204,110,188,100,164,87,195,78,220
20,70,291,22,260,2,208,19,164,40,144,3,162,0,100,2,60,5,25,38,160,31,86,28,39,26,0,75,168,76,126,64,170,57,206,110,185,101,162,87,193,78,219
20,71,289,21,257,1,205,20,160,44,142,4,161,0,98,2,58,5,23,38,159,33,84,29,38,29,0,75,167,76,123,64,167,57,203,110,185,101,161,87,192,77,217
20,71,285,22,255,1,201,20,156,45,141,4,158,0,96,1,56,5,22,38,156,32,82,28,38,27,0,74,164,75,120,63,165,56,200,108,181,100,156,86,186,78,212
20,70,281,23,251,4,199,22,155,45,137,4,156,0,96,2,57,5,23,38,154,30,82,27,38,27,0,73,162,75,120,64,162,56,196,106,180,99,155,85,185,76,210
20,69,272,25,244,5,195,20,150,41,132,5,150,0,91,1,54,5,22,36,148,28,78,24,36,24,0,70,157,71,116,60,158,55,190,102,174,93,150,80,177,74,200
20,65,257,22,229,3,184,18,144,37,125,4,138,0,84,2,50,5,19,34,137,26,72,24,33,25,0,67,145,68,110,60,149,55,179,98,161,90,139,80,167,75,189
20,64,250,21,224,2,180,15,140,36,122,3,136,0,83,1,48,3,18,33,134,26,70,22,32,21,0,65,141,66,106,57,143,51,172,96,157,87,137,76,164,70,186
20,66,243,23,216,5,172,16,133,34,117,5,132,0,80,0,47,2,19,33,129,24,68,20,31,19,0,64,136,61,103,54,138,51,166,93,151,85,131,74,156,68,178
20,65,236,24,211,5,170,15,132,31,116,5,129,0,78,0,45,2,18,33,126,25,67,21,30,19,0,63,132,62,102,55,135,51,162,92,147,87,130,76,153,68,174
20,67,229,27,205,7,163,16,125,34,111,7,125,1,77,0,47,1,20,34,120,24,63,19,28,17,0,64,127,62,97,56,130,53,157,92,141,85,124,76,148,70,168
20,64,223,24,201,5,160,15,124,31,109,5,124,0,78,0,47,1,21,31,120,22,63,18,28,17,0,60,125,60,93,54,125,50,152,88,137,81,119,73,143,66,164
20,62,220,24,198,5,158,15,123,31,109,5,122,0,76,0,45,2,19,31,119,23,62,19,28,18,0,60,125,59,91,54,123,50,150,87,137,80,118,72,142,66,163
20,59,222,21,200,3,158,15,123,32,110,3,121,0,75,0,44,2,18,30,118,23,62,19,28,17,0,59,125,58,91,53,125,49,152,86,138,79,119,71,144,65,165
20,62,225,24,203,6,164,16,129,30,112,4,122,0,75,0,45,2,19,32,118,25,62,21,28,19,0,61,125,61,95,55,127,51,153,89,139,83,123,74,146,68,166
20,66,236,24,212,4,168,18,129,38,115,7,131,1,81,0,48,2,21,35,127,26,66,21,29,20,0,65,133,66,101,57,134,52,162,94,148,87,128,77,152,70,174
20,68,246,25,219,4,176,16,137,34,122,7,136,1,84,0,50,2,21,37,131,26,69,22,31,20,0,69,138,65,101,58,138,54,168,100,152,89,132,78,159,73,181
20,69,248,25,222,4,177,16,137,37,123,6,136,0,83,0,49,1,20,37,132,26,70,21,32,19,0,69,139,65,104,60,142,58,173,101,154,91,136,81,163,77,185
20,71,264,25,237,4,189,16,147,36,130,7,147,0,90,0,53,2,22,38,142,29,75,23,34,22,0,72,149,70,108,62,148,57,181,105,163,96,140,84,169,75,194
20,72,269,25,241,2,192,16,149,38,134,7,148,0,91,0,54,2,22,39,143,29,75,23,34,21,0,73,150,70,111,61,151,57,184,106,167,97,145,84,174,77,198
20,75,274,26,244,4,195,16,151,36,131,10,151,2,92,0,54,1,22,41,146,30,76,24,34,22,0,76,153,73,112,63,152,57,185,109,169,99,144,86,173,77,199
20,81,284,30,257,6,207,20,158,44,137,12,161,1,100,0,60,2,26,45,155,32,82,25,38,23,0,81,162,75,116,66,159,63,196,116,178,102,153,88,185,80,213
20,82,285,33,261,8,209,19,163,40,142,12,160,2,98,0,57,2,23,47,155,32,81,25,37,22,0,84,162,78,121,69,164,64,198,119,178,108,153,94,185,85,214
20,81,304,30,276,5,221,19,173,43,154,12,172,2,107,0,64,2,28,48,167,34,89,27,40,24,0,86,175,81,128,70,174,63,212,122,192,111,163,96,196,85,226
20,83,307,31,279,5,224,18,175,40,153,11,172,1,105,0,61,3,24,47,167,33,88,26,40,24,0,86,175,80,130,70,176,66,213,125,193,112,166,97,200,89,229
20,85,315,31,286,5,228,20,177,45,157,10,179,1,111,0,66,3,27,47,173,34,92,26,42,24,0,87,181,81,132,70,181,65,220,126,198,113,171,97,206,87,237
20,82,327,29,294,3,239,16,190,39,166,10,180,1,111,0,66,2,28,48,176,34,92,28,41,27,0,89,186,81,139,70,190,66,231,128,208,113,179,98,215,90,246
20,86,336,29,303,3,242,20,189,46,169,10,188,0,115,0,68,3,27,48,183,35,97,28,44,28,0,90,193,84,141,71,193,65,235,130,213,114,183,97,220,88,252
20,90,344,31,312,4,248,21,191,51,175,10,194,0,121,0,72,3,31,49,188,35,101,28,46,27,0,92,198,87,146,73,199,66,241,134,218,118,188,100,226,90,258
20,91,353,29,318,0,253,20,198,51,179,11,197,1,122,1,72,4,29,51,192,37,102,31,46,31,0,94,202,90,148,76,202,69,246,136,222,121,191,104,230,95,264
20,90,354,29,319,1,255,18,199,47,179,9,196,0,121,0,71,3,29,49,191,36,101,30,46,29,0,93,200,88,148,73,201,66,245,135,222,121,193,102,230,92,262
20,90,350,30,316,2,251,19,194,47,174,11,194,0,119,1,70,5,29,50,188,34,99,28,45,28,0,93,198,84,147,71,199,64,242,134,220,119,188,99,224,87,258
20,87,306,34,278,10,223,25,172,49,156,15,169,2,103,0,60,2,25,50,164,35,88,28,40,25,0,87,173,80,139,69,182,64,216,123,191,111,164,96,194,86,222
20,79,279,32,257,7,207,21,161,45,143,12,155,1,96,0,57,2,24,45,151,30,81,23,37,22,0,81,160,73,127,63,167,59,199,115,178,101,155,87,184,80,210
20,74,266,30,246,6,198,19,155,40,137,8,150,0,94,0,57,2,25,40,146,27,78,21,37,21,0,74,153,70,121,62,162,58,192,107,169,97,148,86,178,80,200
20,70,259,25,238,2,191,17,149,40,135,7,146,0,92,0,55,2,24,38,142,26,76,21,35,21,0,70,150,67,115,58,155,54,186,102,166,92,143,81,172,74,196
20,67,254,25,231,4,186,14,146,35,131,8,141,1,89,0,53,2,23,38,138,26,74,21,33,20,0,70,145,63,112,56,150,54,180,101,160,88,138,78,166,72,190
20,65,238,24,215,3,174,11,138,26,120,11,126,2,77,0,45,1,18,38,124,25,65,19,29,18,0,68,132,59,106,54,140,54,167,96,148,85,126,75,152,72,174
20,62,233,22,212,2,170,11,134,30,117,7,130,0,81,0,48,2,21,34,127,23,68,19,31,19,0,64,134,58,104,51,139,49,165,93,149,82,129,70,154,64,174
20,58,217,19,195,1,156,11,123,24,108,6,117,0,72,1,43,4,18,31,115,23,61,21,27,21,0,58,122,54,95,47,125,44,150,85,136,76,116,65,139,58,159
20,54,216,19,194,3,155,12,121,25,107,6,118,0,73,1,43,3,18,31,117,23,62,20,27,20,0,58,124,54,98,46,127,42,151,83,137,74,118,64,140,57,160
20,55,211,18,190,1,150,12,118,28,103,5,115,0,70,1,41,3,16,30,113,24,60,21,27,22,0,58,121,54,95,46,124,43,148,83,135,75,116,64,138,57,158
20,55,210,19,188,3,150,14,116,29,103,6,114,0,70,1,41,3,16,31,113,23,60,20,27,20,0,58,119,55,94,47,122,43,145,84,133,75,114,64,135,58,154
20,57,210,21,188,4,151,12,118,27,103,5,116,0,72,1,42,3,18,30,114,23,61,19,27,19,0,57,120,54,95,47,123,44,146,82,132,75,113,65,133,58,153
20,54,210,19,187,4,149,14,116,27,103,5,115,0,71,1,42,3,17,30,114,23,61,20,27,20,0,57,120,54,95,47,123,44,146,82,133,75,113,64,134,58,154
20,55,209,19,188,3,150,13,117,27,103,5,116,0,72,1,43,3,18,30,114,23,61,20,28,20,0,57,120,54,94,46,123,43,146,83,133,74,114,63,135,57,154
20,54,210,18,189,2,150,14,117,30,104,4,117,0,72,0,43,2,19,30,114,23,61,20,27,19,0,57,121,54,94,46,123,41,147,82,133,74,114,63,136,56,156
20,56,211,19,190,2,151,13,117,28,103,4,116,0,71,0,42,3,17,30,114,22,61,19,27,20,0,58,120,54,94,47,124,43,148,83,133,75,115,63,137,57,157
20,55,214,19,191,2,152,14,118,31,105,5,118,0,73,0,43,2,18,31,115,23,61,20,28,21,0,58,122,55,96,47,126,43,150,84,135,75,115,64,138,58,158
20,55,212,18,190,1,151,13,117,31,104,5,116,0,71,0,42,3,17,31,113,23,60,20,27,20,0,58,120,54,95,46,124,43,148,85,134,75,116,63,138,57,157
20,56,213,19,190,2,150,14,116,31,101,5,117,0,71,0,41,2,16,31,114,23,60,20,27,19,0,59,121,55,93,47,123,43,148,85,133,75,114,64,136,57,156
20,56,215,20,194,3,157,12,123,25,106,6,119,0,73,0,44,3,19,32,116,24,62,20,27,19,0,60,123,54,98,46,127,43,151,86,136,75,119,64,142,59,161
20,57,217,19,195,3,156,13,122,28,105,6,117,0,72,0,42,2,17,32,114,22,59,18,26,18,0,60,120,54,93,47,124,44,150,88,134,76,117,65,140,58,161
20,61,219,22,197,5,158,17,123,34,108,9,121,1,75,0,45,1,20,36,119,25,62,20,27,19,0,64,125,58,98,50,129,48,154,90,139,79,119,67,142,60,163
20,65,236,25,213,6,171,16,134,33,117,12,132,1,82,0,50,2,22,39,128,25,67,19,31,18,0,70,134,58,104,50,138,49,166,99,148,82,128,70,153,65,175
20,67,246,26,224,7,181,16,143,30,123,15,137,3,85,0,51,0,23,44,134,30,70,23,32,20,0,74,141,61,112,53,146,51,174,104,156,87,134,74,161,67,184
20,70,257,27,233,7,189,16,150,31,128,13,145,1,89,0,53,1,23,43,141,29,75,22,34,19,0,76,149,64,115,56,153,54,183,108,164,91,140,77,168,70,193
20,78,276,30,251,8,202,20,159,38,141,16,158,3,99,0,60,2,27,47,152,31,82,23,37,20,0,81,159,69,122,60,163,57,196,115,175,97,153,82,183,75,208
20,84,291,33,265,7,212,19,166,43,146,17,165,4,102,0,61,0,27,49,159,32,84,23,38,19,0,85,166,71,124,63,168,62,203,120,182,99,159,86,192,82,218
20,88,304,34,278,8,222,21,173,44,152,17,175,3,109,0,66,1,30,51,168,34,89,24,40,20,0,89,175,76,131,65,178,63,216,125,192,104,167,89,202,84,230
20,91,313,35,286,7,229,21,178,46,157,18,182,3,113,0,68,1,30,53,174,33,92,22,42,18,0,92,181,76,136,66,185,64,224,130,198,107,172,91,208,85,238
20,93,322,38,294,8,237,21,186,43,163,19,181,4,112,0,68,1,30,55,174,35,92,25,42,21,0,96,181,79,139,68,190,67,228,135,201,112,177,96,214,90,243
20,98,337,37,307,7,245,23,192,49,174,20,191,4,118,0,70,0,30,57,185,36,97,26,44,23,0,99,193,83,145,71,198,68,240,140,213,115,186,99,224,93,256
20,100,344,38,313,5,249,24,194,54,179,17,193,3,122,0,75,0,33,56,186,36,100,26,47,24,0,98,196,87,151,72,206,68,247,140,218,118,190,100,231,94,263
20,98,350,37,318,7,255,23,202,44,182,19,193,4,120,0,73,1,32,58,189,38,100,26,46,22,0,101,200,86,154,72,209,68,249,142,223,118,196,100,235,94,266
20,102,352,39,320,7,255,25,199,50,180,19,198,4,124,0,75,1,33,58,191,37,102,27,48,24,0,101,201,88,153,73,208,69,249,142,222,120,195,101,235,94,266
20,102,351,39,323,8,257,26,199,54,183,17,199,3,125,0,76,2,34,57,191,37,102,26,47,23,0,100,201,88,154,73,211,70,252,142,223,119,197,101,238,95,269
20,101,347,39,319,7,254,26,198,54,177,18,198,4,124,0,75,2,33,57,191,37,102,27,48,25,0,99,199,88,152,73,208,69,249,140,220,119,194,100,234,93,266
20,100,343,39,313,9,250,27,196,53,176,19,193,4,120,0,73,2,32,57,187,37,99,27,46,24,0,99,196,86,151,72,205,68,245,140,218,119,190,100,229,93,260
20,98,344,37,313,7,253,22,199,46,173,17,195,3,122,0,74,1,32,55,189,35,101,26,47,23,0,97,197,84,152,70,205,66,246,138,217,116,191,98,230,91,261
20,99,341,39,312,7,250,23,196,49,173,18,194,3,121,0,73,1,32,55,187,35,99,25,46,22,0,97,195,84,149,71,203,67,244,138,215,115,188,98,227,91,258
20,100,340,39,310,7,248,23,193,51,171,18,191,3,119,0,72,1,31,55,184,35,98,25,45,23,0,97,193,83,148,70,201,67,242,137,213,114,186,97,226,91,257
20,98,340,39,310,9,251,23,201,43,177,19,191,4,119,0,72,1,32,57,185,36,98,26,45,22,0,99,194,85,151,71,205,67,245,139,215,117,191,99,231,91,261
20,99,342,38,313,8,253,24,199,51,176,18,194,3,122,0,74,1,33,56,188,36,100,26,47,23,0,99,196,85,151,71,205,66,246,139,217,117,192,98,231,90,262
20,97,345,39,316,9,259,21,208,39,180,20,192,4,119,0,73,1,32,57,187,36,99,25,46,21,0,100,197,82,155,70,208,68,247,141,220,116,193,99,233,94,263
20,96,344,39,316,9,256,24,204,45,180,19,193,4,120,0,73,0,33,57,188,37,100,25,46,22,0,100,199,85,156,70,210,66,249,140,221,117,196,99,234,91,264
10,78,289,44,256,32,206,61,166,95,146,34,148,16,87,7,51,0,22,70,149,82,78,91,34,102,0,102,168,102,144,85,184,81,211,127,194,117,178,100,208,95,230
10,79,289,45,257,34,206,62,167,94,146,36,149,18,88,8,51,0,21,72,151,82,77,91,34,103,0,103,170,104,145,86,186,82,213,129,198,116,183,99,212,95,232
10,78,287,43,254,32,203,60,164,92,144,33,147,16,87,6,51,0,21,68,149,79,78,88,34,100,0,101,167,101,143,83,183,78,211,127,195,115,178,98,208,93,229
10,74,281,41,247,29,198,56,159,89,139,32,143,15,84,6,49,0,20,66,145,77,75,85,32,97,0,97,163,96,137,79,176,75,203,122,189,110,170,94,199,90,220
10,72,261,40,229,29,183,54,149,86,132,32,130,15,75,6,43,0,16,64,132,77,68,86,29,98,0,93,149,93,127,76,161,72,185,116,174,107,156,91,182,86,202
10,67,245,39,213,31,170,55,136,82,119,29,123,13,72,5,41,0,15,59,125,71,65,80,28,91,0,85,141,88,121,74,153,71,175,107,164,103,148,90,171,85,189
10,68,235,39,207,30,164,52,131,78,116,30,120,14,70,6,41,0,16,59,121,71,63,78,27,87,0,86,136,85,115,72,147,68,170,108,157,100,143,87,167,83,185
10,63,228,33,200,26,159,47,128,70,110,26,116,12,67,4,37,0,13,54,117,66,61,76,26,88,0,80,132,82,110,67,139,62,160,101,152,98,137,85,160,80,178
10,60,221,33,193,26,152,48,120,73,105,25,113,11,65,5,36,0,13,52,114,64,58,73,25,84,0,77,127,77,107,66,135,63,154,98,147,92,129,81,151,78,168
10,60,208,32,180,25,142,44,112,66,97,26,107,12,62,4,35,0,13,52,107,63,55,71,23,80,0,75,120,74,100,62,127,59,145,95,138,89,122,79,142,77,157
10,59,202,33,176,25,138,44,108,67,94,26,105,12,61,4,34,0,13,51,106,62,54,70,23,80,0,74,119,73,99,60,125,57,143,94,136,87,118,76,136,73,152
10,57,201,31,174,23,137,42,109,63,93,22,101,10,57,4,32,0,11,48,103,59,51,68,22,78,0,71,116,71,97,59,122,57,139,91,134,85,117,75,135,73,149
10,57,196,31,168,24,132,44,104,67,90,25,100,12,57,5,31,0,10,49,101,60,51,67,21,77,0,72,113,70,95,60,119,58,135,91,130,84,114,75,132,73,146
10,57,199,31,173,24,135,45,106,68,92,24,103,11,59,5,34,0,12,49,105,59,53,67,22,77,0,72,117,72,97,61,119,58,136,91,135,87,116,77,132,74,147
10,60,217,34,190,26,149,49,119,73,105,26,110,12,64,5,36,0,14,53,112,64,57,72,24,81,0,78,126,80,106,67,132,62,152,98,145,93,132,81,153,76,170
10,66,240,36,206,29,161,55,129,83,119,29,120,14,70,6,39,0,14,58,123,70,64,80,28,92,0,85,139,88,118,74,147,70,170,106,162,101,144,88,165,84,183
10,66,249,36,217,29,171,55,138,82,123,30,125,14,73,6,41,0,15,60,128,74,66,84,28,98,0,87,144,90,121,74,154,69,177,109,169,104,149,89,172,84,191
10,71,268,39,235,30,187,57,152,88,132,32,136,15,80,6,46,0,17,65,138,79,72,91,31,105,0,94,156,95,133,77,169,73,194,119,182,110,161,94,186,88,207
10,78,284,43,249,33,199,62,160,96,139,33,144,15,84,6,48,0,18,67,146,84,76,95,33,109,0,98,165,100,141,81,178,77,203,123,192,115,171,98,198,92,220
10,78,292,43,257,33,205,63,165,97,143,33,147,16,85,6,48,0,18,69,150,85,78,96,34,109,0,100,170,101,144,82,183,78,210,126,198,115,176,98,205,93,229
10,86,313,46,275,33,221,65,178,101,154,38,160,18,94,7,55,0,22,76,161,91,85,103,37,118,0,110,181,108,156,89,197,85,228,137,209,126,187,106,218,100,243
10,91,326,49,287,35,230,67,184,107,160,42,166,19,97,7,56,0,21,82,168,96,87,108,37,122,0,118,188,112,162,92,206,89,238,148,216,130,192,111,225,105,252
10,92,351,49,309,37,248,73,201,115,175,39,178,18,106,6,62,0,25,83,180,100,96,113,42,130,0,122,203,120,171,97,218,92,252,154,236,141,208,119,242,113,270
10,97,363,54,326,39,259,74,209,116,180,41,181,20,106,9,62,0,24,87,186,106,97,119,43,134,0,128,210,125,179,102,232,95,266,161,245,147,220,124,259,116,288
10,104,378,59,342,40,273,76,220,120,190,47,190,22,112,9,66,0,26,95,194,114,102,128,46,143,0,137,219,131,187,108,242,102,279,171,254,152,228,129,270,122,302
10,106,389,59,351,38,280,75,225,120,197,48,195,23,114,9,67,0,27,98,198,115,105,129,47,145,0,140,223,134,193,109,248,102,286,175,258,156,234,133,276,125,308
10,111,394,64,358,42,285,78,228,124,199,49,198,24,116,11,67,0,27,99,202,119,104,134,46,149,0,143,227,139,194,115,252,108,290,178,263,159,239,137,283,130,315
10,106,389,60,351,40,280,75,224,122,197,49,194,23,113,9,66,0,26,97,196,115,102,130,45,148,0,140,221,135,188,110,245,103,283,174,257,156,232,133,274,126,307
10,105,390,59,353,39,282,74,226,121,198,49,195,23,113,10,65,0,25,98,198,117,103,131,45,148,0,141,222,135,192,110,248,102,286,175,258,157,234,133,276,127,308
10,105,390,60,354,39,283,75,228,122,199,48,196,23,115,9,67,0,26,98,199,117,105,132,47,149,0,140,224,135,194,110,250,103,287,175,259,156,238,132,281,124,312
10,109,395,61,360,39,286,76,230,123,202,49,198,23,116,10,68,0,27,99,201,118,105,133,47,150,0,142,226,137,196,112,253,103,290,177,261,156,242,132,286,124,317
10,105,391,59,354,38,282,75,227,122,198,48,196,23,114,10,66,0,25,98,198,117,104,132,47,149,0,141,223,136,193,110,250,102,288,176,258,155,239,131,283,123,314
10,103,395,57,358,35,285,71,230,117,201,47,196,22,114,9,65,0,24,97,199,116,104,132,46,149,0,140,225,136,195,110,253,101,292,175,261,156,240,131,284,123,316
10,103,390,55,352,35,280,71,228,115,199,46,193,22,113,9,65,0,24,96,198,116,103,131,46,149,0,139,225,134,193,108,249,100,286,173,264,156,238,131,279,124,308
10,96,391,51,351,32,280,69,226,115,198,43,194,20,114,8,66,0,26,92,199,114,105,130,47,147,0,135,226,130,195,104,250,96,287,169,264,153,237,128,277,118,307
10,95,388,50,348,31,278,67,224,113,195,44,193,20,113,8,65,0,25,92,196,113,102,128,45,144,0,134,222,126,191,101,246,95,283,168,258,147,234,124,275,117,306
10,95,384,50,344,31,275,67,222,115,195,44,190,20,110,8,63,0,23,93,194,113,102,128,45,145,0,134,220,128,191,102,244,95,280,167,256,149,233,124,274,117,304
10,93,384,48,344,30,275,65,221,111,193,42,191,19,111,7,64,0,24,91,195,112,102,127,45,144,0,133,221,126,190,100,244,93,281,167,257,147,233,122,274,114,305
10,96,384,51,346,31,276,66,222,113,193,43,192,20,111,8,64,0,23,91,196,112,102,128,46,145,0,133,221,127,190,101,244,93,282,167,257,147,234,122,275,114,307
10,97,387,52,349,32,278,68,224,114,196,44,193,20,113,8,65,0,25,93,197,113,103,128,46,145,0,135,223,128,192,102,248,94,286,169,260,148,237,124,279,116,310
10,93,387,48,347,30,276,67,224,112,196,43,191,20,111,8,63,0,23,92,196,114,103,129,46,146,0,134,223,127,193,101,248,93,284,168,261,148,236,123,277,115,307
10,94,389,48,349,30,278,66,225,114,198,42,194,19,113,7,65,0,24,92,198,114,104,130,46,148,0,134,225,128,193,102,249,94,287,168,262,148,239,123,280,114,311
10,98,397,51,357,31,285,67,232,114,203,45,199,20,116,8,67,0,26,96,203,117,106,133,47,150,0,139,230,131,199,104,255,96,293,174,268,153,242,127,285,120,317
10,102,407,54,367,33,293,72,237,120,210,46,203,21,118,8,68,0,25,99,207,120,108,137,48,155,0,144,234,137,205,109,263,101,302,180,274,157,253,131,297,124,328
10,110,423,60,383,38,305,78,250,127,223,51,212,24,124,10,71,0,26,105,216,127,113,145,50,163,0,152,245,146,213,118,273,108,313,190,285,167,263,141,307,132,338
10,110,424,59,384,35,308,76,253,127,226,50,211,22,123,8,71,0,26,105,214,126,112,145,49,164,0,151,241,145,213,117,274,108,316,188,281,166,263,140,307,132,340
10,103,416,54,376,33,302,69,248,117,220,46,207,22,122,9,70,0,27,98,211,121,110,139,49,159,0,143,239,138,208,110,268,101,307,179,278,157,257,131,300,124,330
10,100,401,51,358,31,286,65,233,111,206,45,198,20,115,8,66,0,24,95,201,117,104,134,46,154,0,137,228,129,196,103,253,96,292,172,267,150,244,126,285,121,315
10,97,392,49,351,28,282,61,229,108,204,43,196,20,113,8,63,0,21,93,198,113,102,129,45,146,0,136,222,127,191,100,245,93,283,171,258,146,241,122,280,116,309
10,95,383,48,344,28,276,59,223,104,196,43,190,19,111,7,63,0,21,92,193,112,102,129,45,148,0,133,219,126,186,99,242,91,280,166,254,142,235,118,276,111,306
10,94,383,48,343,29,275,61,222,107,196,45,191,20,111,8,63,0,22,93,194,113,102,129,45,148,0,133,219,127,186,99,240,91,279,166,255,140,235,116,276,110,307
10,96,382,49,344,29,275,61,221,106,193,45,190,20,110,7,62,0,21,93,193,113,101,129,44,148,0,134,218,125,186,98,240,91,279,166,253,140,234,116,275,110,305
10,93,380,48,344,28,274,59,220,102,192,43,189,19,110,7,63,0,22,91,191,111,98,128,43,146,0,132,216,124,183,97,238,90,277,165,251,139,234,114,276,108,305
10,90,375,45,337,25,270,57,216,101,190,43,185,19,107,7,60,0,19,91,188,109,97,125,43,143,0,131,212,123,179,97,233,88,272,164,247,137,228,113,268,106,300
10,91,375,46,338,25,270,56,216,102,189,42,186,18,108,6,61,0,21,90,189,109,97,125,43,142,0,131,213,124,179,96,234,88,272,164,247,136,229,112,270,107,301
10,91,376,44,337,25,268,57,214,102,188,42,186,18,108,7,61,0,21,89,189,108,97,123,43,142,0,130,213,122,178,94,233,86,272,162,248,135,227,111,268,105,299
10,90,376,44,335,24,268,56,214,101,188,43,185,18,107,7,60,0,20,89,188,108,96,123,42,141,0,130,211,122,175,94,230,86,269,162,246,136,225,111,266,106,297
10,89,380,43,339,23,271,54,217,100,191,41,186,17,109,6,61,0,21,89,189,107,97,123,43,141,0,130,214,121,178,94,232,86,272,162,250,135,228,111,269,105,300
10,91,380,45,340,25,272,57,218,102,191,43,188,19,109,7,63,0,22,91,191,109,99,126,43,145,0,131,215,123,183,96,237,88,276,164,250,137,231,113,272,108,303
10,91,381,46,340,27,272,59,218,106,192,43,188,19,109,7,61,0,20,90,191,110,98,125,43,143,0,130,216,124,180,97,233,88,272,164,251,137,231,113,271,108,302
10,93,383,47,343,27,275,58,221,104,193,42,190,18,112,7,64,0,24,90,193,110,100,127,45,146,0,131,218,124,186,96,240,89,279,164,254,137,235,113,276,108,306
10,91,378,46,338,26,271,58,219,103,192,43,186,19,109,7,63,0,23,90,189,110,98,127,43,146,0,131,214,124,185,97,238,89,276,163,250,138,233,113,273,107,303
10,91,377,45,338,26,270,58,218,102,191,41,187,18,109,7,62,0,22,89,189,109,98,126,44,146,0,129,214,124,183,97,237,88,275,162,249,138,233,113,273,107,302
10,90,375,45,336,26,268,57,216,102,189,41,185,19,108,7,61,0,21,89,188,109,97,125,43,143,0,129,213,123,180,96,234,87,271,162,247,135,231,110,271,104,300
10,90,374,44,334,25,267,55,213,101,187,43,184,19,107,7,60,0,20,90,186,109,95,124,42,141,0,130,210,122,176,94,229,86,267,163,245,135,226,110,266,104,296
10,91,375,44,334,25,267,55,213,101,186,41,184,18,107,7,61,0,21,89,186,108,96,123,42,141,0,129,210,122,175,95,228,86,266,161,245,134,226,110,266,103,296
10,89,375,44,334,25,267,56,212,101,186,42,187,18,107,7,60,0,19,88,189,107,97,122,42,140,0,128,212,120,177,93,230,85,269,161,246,135,226,111,265,104,297
10,89,375,44,336,25,268,57,214,102,188,43,186,19,108,7,61,0,22,90,188,108,97,124,43,142,0,131,212,121,180,95,234,88,272,163,245,134,228,111,270,107,300
10,90,378,44,339,25,272,55,218,101,192,40,189,17,111,6,63,0,22,88,192,107,100,124,45,143,0,128,216,122,182,95,237,85,276,161,250,135,232,111,273,104,304
10,90,378,44,340,24,272,55,219,100,192,40,188,17,109,6,62,0,22,88,190,109,100,126,44,146,0,129,214,122,186,94,241,86,279,161,249,135,237,110,277,104,306
10,87,376,42,336,23,268,55,215,101,190,40,184,18,106,7,60,0,20,88,188,108,97,125,43,144,0,129,212,121,182,94,236,85,274,162,247,135,230,110,270,103,301
10,88,380,42,340,22,272,54,218,101,192,39,187,16,109,5,62,0,21,88,190,107,98,125,44,145,0,129,215,122,183,95,238,86,277,162,251,137,233,112,274,105,304
10,90,379,44,340,24,271,55,217,102,192,42,187,18,109,6,62,0,22,90,191,109,99,126,44,145,0,131,215,124,182,96,237,87,276,164,251,136,232,111,273,104,305
10,89,372,44,334,24,266,55,212,101,187,42,184,18,106,7,59,0,19,89,187,108,97,124,43,142,0,130,211,122,178,95,231,85,270,162,246,135,227,110,267,103,299
10,89,373,45,334,25,266,56,213,102,188,43,185,20,108,8,61,0,21,89,188,107,97,123,43,141,0,129,211,122,176,95,230,86,270,162,245,135,224,111,265,104,296
10,87,374,43,334,22,267,53,213,100,187,41,185,18,108,6,61,0,22,88,188,106,96,121,43,139,0,128,211,121,176,94,230,84,268,161,246,133,227,109,267,102,298
10,88,375,43,334,23,267,52,213,97,189,41,189,18,109,7,62,0,21,86,192,105,99,121,44,138,0,125,215,119,177,92,231,83,270,158,249,133,227,110,266,104,296
21,112,312,68,277,52,225,74,182,96,149,54,163,27,101,11,62,0,27,94,163,104,88,116,39,130,0,130,182,133,149,109,193,98,225,161,211,154,186,131,214,115,238
21,110,308,67,273,51,221,73,179,97,148,52,159,25,99,10,59,0,26,91,159,102,85,113,38,128,0,128,178,130,147,108,191,96,224,159,206,151,184,128,211,113,235
21,110,312,66,276,49,223,70,180,93,149,53,162,26,101,10,63,0,29,92,162,102,87,113,39,126,0,128,180,131,147,107,190,95,223,159,209,150,186,128,214,113,238
21,110,313,65,277,49,223,72,180,95,147,53,163,26,101,10,61,0,28,92,162,102,86,112,38,125,0,128,181,131,145,108,189,96,221,159,210,150,185,127,213,113,237
21,110,306,66,271,49,219,71,177,94,147,53,160,26,100,10,61,0,28,91,160,101,86,111,38,124,0,127,178,130,146,107,188,96,220,158,206,150,183,128,210,114,234
21,109,305,66,268,51,216,73,175,94,144,54,159,27,99,11,60,0,27,92,158,101,85,111,37,124,0,127,177,131,143,108,185,96,217,158,204,151,180,128,206,113,230
21,109,302,65,268,49,216,71,174,92,143,52,158,25,98,10,60,0,27,89,158,99,83,109,37,122,0,124,176,129,141,106,183,94,215,155,204,148,180,126,207,113,229
21,106,293,63,260,48,209,69,167,89,137,53,153,26,95,10,59,0,27,89,153,97,81,107,36,119,0,123,171,126,137,104,178,92,208,153,199,144,177,122,203,109,224
21,104,289,64,255,50,205,71,163,91,133,51,152,25,96,10,60,0,28,87,151,95,80,105,36,118,0,121,168,124,135,102,177,92,206,151,194,143,172,122,199,111,221
21,98,281,60,246,45,199,64,160,83,131,49,146,24,91,9,55,0,25,84,146,91,77,101,35,113,0,117,163,119,133,97,169,87,197,147,189,137,169,116,191,105,211
21,93,267,55,236,43,190,63,154,79,127,45,139,21,85,8,51,0,22,78,139,87,74,96,33,109,0,109,156,114,125,93,162,83,189,135,181,129,160,109,183,97,201
21,90,261,54,230,42,186,62,150,79,123,44,135,21,82,8,49,0,20,76,135,85,71,95,31,107,0,106,151,111,122,91,156,80,183,132,175,126,155,106,177,93,196
21,88,255,53,225,42,182,61,147,79,121,43,131,21,80,8,48,0,19,75,132,84,70,94,31,106,0,104,148,109,120,90,155,79,181,129,171,124,152,104,174,92,193
21,84,245,49,217,38,174,57,141,74,119,40,127,20,79,8,47,0,20,71,127,80,68,89,31,99,0,99,143,103,116,84,149,74,173,123,165,118,147,99,167,87,184
21,82,239,48,212,38,171,57,138,74,115,40,126,19,77,8,46,0,19,70,125,78,67,87,29,98,0,98,139,101,113,84,145,74,170,121,160,116,143,98,165,86,182
21,81,235,47,209,37,168,55,136,70,113,38,123,18,77,7,46,0,20,68,123,76,66,84,29,94,0,95,136,99,110,82,141,73,164,118,157,113,139,96,159,85,176
21,81,229,47,203,37,163,54,132,70,111,38,122,18,76,7,47,0,21,67,121,73,64,81,28,91,0,93,133,98,106,82,136,73,158,116,152,112,136,95,155,84,171
21,82,227,49,201,38,163,54,132,69,109,37,120,16,75,6,46,0,21,65,119,73,64,81,29,90,0,92,131,96,104,82,132,74,154,114,151,112,133,96,151,85,167
21,83,224,50,201,40,162,56,132,69,110,39,118,19,75,7,47,0,22,68,117,75,64,83,29,91,0,94,130,99,103,83,133,75,155,116,149,114,132,99,152,89,169
21,114,270,75,236,62,190,84,153,105,126,57,141,28,91,11,58,0,30,92,139,102,74,114,34,130,0,125,155,129,126,111,164,104,190,153,179,145,159,127,183,120,202
21,128,304,84,271,66,222,89,181,111,150,62,156,28,101,11,63,0,30,104,154,117,86,132,39,148,0,142,172,149,143,129,186,120,217,174,200,166,182,146,210,136,233
21,130,320,85,286,68,232,90,187,115,154,65,163,32,105,13,67,0,33,108,162,126,89,142,41,160,0,148,184,156,150,132,198,120,231,181,216,176,194,154,225,141,248
21,131,345,85,309,66,251,91,205,115,169,66,172,32,110,13,69,0,33,112,172,129,94,147,43,168,0,154,195,162,163,134,215,118,250,191,230,184,207,159,241,142,266
21,135,353,87,317,70,257,95,209,119,171,67,174,34,111,14,69,0,32,114,174,132,93,151,42,172,0,157,197,166,164,140,221,125,258,195,231,189,209,165,246,149,272
21,137,361,88,327,68,266,93,217,118,180,68,182,33,116,13,73,0,36,115,181,134,97,153,44,174,0,158,205,167,172,139,228,124,265,195,241,190,219,165,255,149,281
21,136,361,88,325,69,264,94,216,118,179,67,180,33,115,13,72,0,34,115,179,134,96,153,43,175,0,159,203,167,171,139,227,124,264,197,238,190,217,165,252,149,277
21,136,360,88,325,70,264,94,216,118,179,67,181,33,116,13,73,0,35,116,180,133,95,153,43,175,0,159,203,167,173,139,229,123,266,197,239,190,219,164,254,146,281
21,135,360,87,323,68,263,93,215,118,179,65,180,32,115,13,72,0,34,114,180,132,96,152,43,173,0,158,204,166,171,138,228,122,265,196,239,190,217,164,253,146,280
21,131,358,84,322,66,263,91,215,115,178,65,179,33,114,13,70,0,33,113,179,131,95,151,44,172,0,157,202,164,170,136,227,119,264,195,237,189,214,164,250,147,277
21,133,357,86,321,68,262,91,216,115,179,66,179,33,114,13,71,0,32,114,179,132,94,153,43,175,0,158,202,166,172,138,227,122,263,195,237,190,215,165,250,149,276
21,132,357,86,321,68,263,91,216,116,179,64,181,32,115,13,71,0,32,112,180,131,96,151,43,172,0,155,203,163,172,136,228,120,264,192,236,186,214,162,249,146,275
21,131,353,84,319,66,261,90,214,114,178,63,178,32,112,13,69,0,31,111,177,129,94,149,42,171,0,154,199,163,170,135,226,119,262,191,233,185,214,161,250,145,276
21,128,353,82,318,65,258,89,212,113,176,63,175,32,110,13,67,0,30,110,176,128,92,148,41,169,0,153,200,162,168,134,224,118,260,190,235,184,213,159,248,142,273
21,128,351,83,315,64,257,89,210,113,174,63,175,31,110,12,68,0,31,110,175,128,92,147,41,169,0,152,198,160,167,132,223,117,259,188,232,182,211,157,246,140,271
21,127,351,80,316,63,256,88,210,112,173,61,175,30,110,12,67,0,30,109,175,126,92,146,41,166,0,152,197,159,166,132,222,116,258,188,232,181,210,156,246,139,272
21,129,352,82,317,64,258,88,212,112,176,62,177,31,111,12,69,0,31,109,176,128,92,147,41,168,0,152,199,159,168,132,223,118,260,189,233,183,211,158,246,142,271
21,131,352,83,317,64,259,88,212,112,177,62,178,31,111,12,69,0,31,110,178,129,94,148,43,168,0,153,201,160,168,133,225,119,261,190,236,184,212,160,247,144,273
21,131,353,83,318,65,260,88,214,111,178,62,178,31,112,13,69,0,32,109,178,128,94,147,42,168,0,152,201,159,170,132,226,119,261,189,235,184,212,160,247,144,272
21,130,353,82,319,64,262,87,216,110,180,62,178,31,112,12,70,0,32,109,177,127,94,146,43,167,0,152,201,159,169,133,225,119,261,189,236,183,213,159,248,143,273
21,130,352,83,317,65,259,89,212,113,177,63,178,32,112,13,70,0,32,110,177,128,94,146,42,167,0,153,201,159,169,133,225,119,260,191,235,183,213,159,247,144,271
21,128,354,81,318,62,260,86,214,110,179,61,178,30,112,12,70,0,32,108,178,126,95,145,43,166,0,151,201,158,171,131,226,118,262,188,236,182,214,158,249,142,274
21,129,352,81,316,63,258,86,212,109,177,62,177,32,112,13,69,0,32,109,177,127,93,145,42,165,0,152,200,158,168,132,223,118,259,188,235,182,213,158,246,142,271
21,124,347,77,311,59,253,82,208,106,173,60,174,30,109,13,67,0,30,107,174,125,92,143,41,162,0,148,198,155,165,130,219,116,254,184,233,178,209,155,242,140,266
21,122,345,76,309,59,252,83,206,107,171,58,173,29,108,11,66,0,29,104,173,121,91,139,41,159,0,146,196,151,166,125,220,113,255,183,229,175,207,151,241,135,267
21,122,345,77,310,59,253,81,207,105,173,59,173,29,107,12,65,0,27,105,173,122,90,141,40,161,0,147,195,151,165,126,219,113,255,184,229,176,206,151,241,135,267
21,125,346,78,311,59,255,80,210,104,175,61,176,30,110,12,68,0,31,106,177,122,93,140,42,159,0,148,200,152,168,126,220,113,254,184,235,176,211,151,244,134,269
21,124,345,78,310,60,252,82,206,106,171,60,174,29,109,12,67,0,30,106,173,123,91,141,41,162,0,148,196,153,165,127,219,114,254,185,230,177,207,152,240,136,265
21,126,348,79,313,59,256,81,210,105,176,61,178,30,113,12,71,0,33,107,180,123,96,140,44,160,0,148,203,151,171,127,222,116,257,185,236,177,211,153,244,137,270
21,125,348,78,314,59,256,81,211,105,177,59,176,29,111,12,69,0,32,105,177,123,94,141,43,162,0,147,200,151,169,127,223,114,258,183,235,177,211,152,244,136,270
21,125,345,78,311,58,254,81,208,104,174,60,175,30,110,12,68,0,31,106,175,123,93,141,42,160,0,148,198,152,167,127,220,113,256,184,232,176,208,152,241,136,267
21,124,348,77,313,58,256,80,211,104,177,60,177,30,112,12,69,0,32,106,178,123,95,142,43,162,0,148,201,153,168,127,221,113,257,184,235,177,211,152,243,135,269
21,127,348,80,315,60,257,81,210,105,175,62,178,30,113,12,70,0,32,107,180,125,96,143,43,162,0,149,202,155,169,129,222,115,258,185,236,179,211,154,246,137,272
21,128,346,81,312,62,255,83,209,106,175,63,178,31,113,12,70,0,33,109,179,125,96,143,43,163,0,150,201,154,168,128,221,116,257,186,235,179,210,154,244,137,271
21,126,347,79,313,60,256,82,209,106,174,62,179,30,113,12,70,0,32,108,179,124,96,143,43,163,0,150,202,154,169,128,223,115,260,187,234,178,212,153,246,137,272
21,129,348,81,314,62,258,84,211,107,176,63,178,32,113,13,71,0,34,109,179,125,97,143,44,162,0,150,202,155,169,130,222,117,259,186,237,180,214,153,247,135,273
21,128,348,81,314,61,257,83,210,108,175,62,179,30,114,11,72,0,34,108,179,124,96,142,44,162,0,150,201,154,168,128,222,115,258,187,235,179,212,153,246,136,272
21,129,344,82,312,61,256,83,210,107,175,64,179,32,114,12,72,0,34,110,179,124,97,142,44,161,0,152,200,154,168,129,221,116,257,188,233,180,210,154,243,135,270
21,128,343,82,310,62,254,84,208,106,175,62,179,31,115,12,72,0,35,108,179,124,96,141,43,160,0,151,200,153,169,129,220,116,256,187,233,178,211,154,243,138,268
21,131,346,83,312,63,255,84,208,106,172,64,179,30,114,11,72,0,34,109,180,123,97,140,44,159,0,150,202,152,166,128,218,117,254,187,236,178,210,152,243,135,269
21,131,348,82,315,61,258,81,211,105,177,65,182,31,116,12,74,0,36,111,182,125,97,142,44,160,0,152,204,152,170,127,222,115,259,189,237,178,212,151,245,134,272
21,134,352,85,319,65,263,85,217,108,180,65,183,31,118,12,75,0,37,112,183,126,99,143,45,163,0,155,204,155,171,130,224,118,260,192,238,181,214,155,248,140,275
21,133,345,86,312,64,257,85,211,107,176,66,180,31,116,12,73,0,35,111,180,125,97,142,44,161,0,153,201,155,168,129,220,115,255,189,233,180,210,153,242,136,269
21,135,349,86,314,66,256,87,210,111,175,67,181,32,116,13,74,0,36,113,181,125,98,142,45,160,0,155,203,154,169,129,220,116,255,192,236,180,213,155,246,138,273
21,134,348,85,313,64,255,85,208,109,173,67,181,32,116,12,73,0,35,113,181,126,97,142,44,162,0,155,202,154,169,127,220,114,256,192,234,181,210,154,243,137,271
21,134,350,85,316,63,259,83,213,107,176,65,183,29,117,10,74,0,36,111,181,124,97,141,44,162,0,154,202,153,169,127,222,113,259,191,233,179,211,153,245,136,274
21,133,347,84,313,63,257,84,211,107,175,66,181,32,116,12,74,0,37,112,180,124,98,142,45,161,0,154,201,153,169,127,221,113,258,191,233,180,210,153,244,135,272
21,136,346,87,311,65,255,86,209,108,173,68,181,32,116,12,74,0,36,113,180,125,98,141,45,160,0,155,201,154,169,128,219,114,255,192,232,181,208,155,241,138,269
21,134,345,85,309,65,253,85,205,110,170,67,182,32,116,12,74,0,36,111,181,124,98,140,44,158,0,153,201,153,168,126,218,112,255,189,232,179,208,153,241,137,270
21,135,343,86,308,64,252,84,206,107,171,68,181,32,116,12,75,0,37,111,179,124,97,140,44,159,0,152,199,152,167,127,216,113,252,188,229,178,207,154,240,137,268
21,136,345,87,310,66,253,85,207,107,172,68,179,32,114,12,72,0,35,112,178,124,96,139,44,157,0,154,200,154,166,128,216,115,251,190,232,179,209,154,242,139,269
21,135,345,86,311,65,254,85,207,109,172,67,180,32,116,12,74,0,37,112,179,124,96,140,43,158,0,154,200,152,167,126,217,112,254,190,231,178,206,153,241,137,269
21,134,347,86,311,65,254,86,207,110,171,67,181,32,115,12,73,0,36,112,180,124,97,140,44,159,0,153,201,152,168,127,219,114,255,190,233,178,209,153,243,137,271
21,133,348,85,312,64,255,84,210,109,175,67,181,31,117,12,75,0,38,111,180,124,97,141,44,159,0,153,200,153,168,127,219,114,254,190,231,179,209,153,242,137,269
21,135,349,87,313,66,257,86,210,110,175,67,183,32,117,13,75,0,38,112,182,125,98,141,44,160,0,153,202,153,169,130,220,118,256,190,234,179,212,155,245,139,272
21,137,349,89,315,68,260,87,214,109,178,70,184,33,119,12,77,0,39,115,182,127,99,142,45,160,0,157,203,155,172,130,223,117,259,194,234,182,212,156,246,141,274
21,136,348,87,313,66,258,86,212,110,176,67,182,31,117,12,74,0,36,112,181,125,99,141,45,159,0,155,202,155,170,129,220,116,256,192,233,181,212,155,244,139,270
21,137,346,87,310,65,254,85,208,109,174,69,182,33,117,12,75,0,37,113,181,125,98,140,44,159,0,154,201,154,169,128,219,114,255,190,232,180,208,154,242,139,269
21,136,344,86,308,65,252,85,204,109,170,67,181,31,117,12,74,0,37,112,180,125,96,141,43,160,0,153,200,154,167,129,217,117,253,190,230,181,207,155,239,139,266
21,133,339,84,304,63,246,82,201,106,169,67,177,32,113,12,72,0,35,111,176,121,94,135,43,152,0,151,197,150,164,126,212,114,247,187,228,176,206,152,237,137,263
21,132,343,83,307,62,250,80,205,105,172,66,177,31,113,12,72,0,35,110,177,122,94,137,42,154,0,151,197,150,165,124,215,110,251,187,227,175,204,150,237,134,265
21,131,342,84,306,63,250,82,204,106,170,66,178,31,115,11,74,0,37,110,177,121,95,136,43,154,0,151,197,150,164,124,215,112,251,187,228,176,205,151,238,135,266
21,134,343,86,310,64,255,81,209,104,174,68,179,31,115,12,74,0,36,112,177,123,94,139,43,157,0,154,197,151,167,126,217,113,253,191,228,178,207,153,242,137,269
21,135,346,86,311,64,255,82,209,107,175,68,181,33,116,13,74,0,37,113,180,124,97,140,44,158,0,155,199,152,168,126,219,112,256,192,230,180,207,154,241,136,269
21,133,345,84,311,62,256,80,210,103,175,66,180,31,116,11,75,0,37,111,178,123,96,138,44,157,0,153,198,151,167,125,218,112,254,190,230,177,208,151,242,134,269
21,132,344,83,310,61,255,79,210,101,175,68,181,32,116,12,75,0,37,112,180,123,97,139,44,157,0,154,200,150,167,124,218,110,254,191,231,178,208,151,241,133,269
21,129,344,80,308,59,251,79,205,103,171,65,180,30,115,11,73,0,36,109,179,121,97,136,44,154,0,150,200,148,164,122,214,108,251,187,231,174,207,148,241,130,269
21,130,341,81,304,61,248,82,202,107,169,67,178,32,114,12,73,0,37,110,177,122,95,137,43,155,0,151,198,150,162,124,212,111,248,188,229,176,205,150,237,133,265
21,129,338,80,301,60,245,80,200,104,166,65,176,31,113,12,73,0,36,108,175,120,94,134,43,152,0,149,196,148,161,122,210,108,245,185,227,173,203,148,235,131,263
21,129,339,81,305,59,248,78,202,101,167,64,177,30,113,11,72,0,36,108,175,118,94,131,43,148,0,148,196,146,161,121,211,110,246,184,229,171,205,145,237,130,264
21,130,336,81,302,61,246,81,201,104,166,65,176,30,113,11,72,0,36,108,174,119,93,133,42,150,0,148,194,147,160,122,208,110,244,184,226,172,202,146,234,129,261
21,130,340,81,303,61,246,81,200,105,166,65,176,30,113,11,72,0,35,109,176,120,94,133,42,149,0,150,197,148,161,123,211,110,246,186,229,173,204,148,237,133,264
21,129,340,82,303,61,248,80,202,103,168,65,177,30,114,11,73,0,37,108,176,119,94,134,43,151,0,149,196,147,161,122,210,109,245,186,227,173,203,147,235,131,263
21,132,344,82,308,61,250,82,204,105,170,67,180,32,116,12,75,0,38,111,179,122,96,136,43,153,0,152,200,150,164,123,213,110,249,189,232,176,207,150,239,133,266
21,133,344,84,309,63,252,83,206,106,172,68,181,33,117,13,76,0,39,112,179,122,96,136,44,153,0,154,199,149,165,124,215,111,250,191,230,176,208,151,241,136,267
21,132,343,84,308,63,252,82,207,105,172,66,179,31,115,12,74,0,37,110,178,122,95,136,43,154,0,152,198,149,165,124,215,111,250,188,229,175,206,150,239,133,267
21,134,342,85,307,64,252,84,206,108,172,69,179,32,116,13,75,0,38,112,178,122,95,136,43,152,0,153,197,151,165,126,215,112,251,190,228,178,205,152,239,135,267
21,133,342,84,308,63,252,82,205,107,171,67,179,31,115,11,74,0,37,110,177,121,95,135,43,151,0,151,197,149,163,123,214,111,251,188,228,175,205,150,239,133,267
21,133,341,85,307,63,251,81,206,104,172,68,179,31,117,12,76,0,39,111,178,121,95,135,43,152,0,151,197,149,164,123,214,111,250,187,228,175,204,149,237,132,265
21,134,341,84,307,62,252,80,205,104,170,66,180,30,116,11,75,0,38,110,178,120,96,133,44,150,0,150,197,148,164,123,213,111,250,186,228,174,204,149,237,132,265
21,134,342,85,308,63,253,80,208,101,173,68,179,31,116,12,75,0,38,112,177,121,96,134,44,151,0,153,198,149,165,124,215,112,250,190,229,177,207,151,240,135,267
21,137,348,87,312,64,256,82,211,106,177,69,183,32,119,12,77,0,39,113,182,123,99,137,45,153,0,154,202,152,168,127,218,114,255,191,233,179,208,153,243,136,271
21,136,346,87,312,64,256,81,210,104,175,68,182,31,118,11,76,0,39,112,180,122,98,135,45,152,0,153,200,150,165,125,215,113,251,190,231,176,208,150,242,135,270
21,137,346,86,311,64,256,79,210,99,175,68,183,32,118,12,76,0,39,112,181,121,98,134,44,149,0,153,201,148,165,125,214,113,250,190,232,176,207,151,239,136,267
21,137,347,86,311,64,255,81,210,103,176,68,184,32,119,12,78,0,41,112,183,122,99,136,45,152,0,153,202,152,167,126,216,113,253,189,233,178,208,152,241,135,270
21,133,347,84,310,61,256,78,212,101,179,67,184,30,119,11,78,0,40,110,183,121,99,134,45,150,0,151,203,149,168,124,217,111,253,188,234,175,209,149,242,133,270
21,135,342,87,307,64,255,82,210,105,175,67,182,31,117,12,76,0,38,110,181,122,98,135,45,152,0,152,201,150,168,126,218,115,253,189,233,176,208,152,240,137,266
